gsw-9d61b6d8a5a0299cd634d642160dc383	Mach echli!
gsw-51960b7a531ba3ad7f9350411c5228ea	Bitte schwätze Sie langsamer.
gsw-b71be08125d8853b8f3502a1338661aa	En Guete!
gsw-2c4aa372d5a511f7733d6bd2d19f811f	Gueti Reis!
gsw-2a3697013b042a8b04e04860b4e4a62e	Gömer?
gsw-87630bab7e8c245ff10c3b49b0edcdb5	Ich ha es Velo.
gsw-fef25a7114ca7d44043a27551b7666b4	Wilkomme.
gsw-3cc876b6929ae2dd455bf5e55cefc3fd	Grüezi.
gsw-6b70bdab3f50c1dd1ce39eb5250fb421	Guete Morge!
gsw-f7be423f10fd8954e0d9d6a25b543fad	S tuet mir läid.
gsw-79e43647583121d275e357da325ee55b	Bitteschöön.
gsw-5455cfc675fa872910deaf8ab0caa5df	Entschuldigung.
gsw-79e43647583121d275e357da325ee55b	Bitteschöön.
gsw-4d3e2c005e6499069f44d5966b839327	Gueten Oobe.
gsw-bcf8588f4d248a38ccfd4ec30eb61094	Guet Nacht.
gsw-94aea715c95d64058c186250399a18a0	Dä Hund isch wiis.
gsw-4911ad4b8218d2aa62b735a67de2357e	Ich au.
gsw-9360b7402821bffca48e07c474ee2b6f	Si chommät us Schweden.
gsw-de1aa214e0c593b1fc02358ffdc6602a	Ich han en Schicht vom 9i bis am 5i.
gsw-34d425da1a12cc5aab3e3badeb482955	Was isch din Prueff?
gsw-a7eae52d43f33ffec5233be2c6a28126	Das isch es Huehn.
gsw-9ffe7940ead721125ffcca40c5c53a2a	Was isch dini Mueterschpraach?
gsw-9d61b6d8a5a0299cd634d642160dc383	Mach echli!
gsw-a4626488d356a15c5fa6edb21dbe65ea	Er hät es Velo.
gsw-f49acdcb16153494b5e6ad3e7934cf24	Dangge.
gsw-acae5b8017b2216d7ef3725863364ec0	Üsi Ziit isch abgloffe.
gsw-f228a72dd442556fc2512d808b87503b	Chömer?
gsw-d8372c45dbaf003ea8fc735df96b213d	Leg d Waffe weg!
gsw-a5e1aa0c1bfb86dfdb48d6e5894d23c2	S Buech isch alt.
gsw-6eab246a4fd534c06a7bedc40529d6eb	Mir sind nöd eifersüchtig.
gsw-474b1cb8c4f664a41722347625f0e31d	Sy, oder Nödsy, das isch hie d Frag.
gsw-320483ffcc92a62476503be50187cf7a	Dä Hund isch schöön.
gsw-026a503a7b0f55a656639b47a5603ce7	Zeig ihn ire!
gsw-0e056c7ab38bbf6200fc6ea05c1350c5	Hend ihrs gschafft?
gsw-70a2720a982f9f1288ae2a9d969af7f7	De Tom isch be mer.
gsw-ebc3c4679ee550b9c6aa3dabe29f8d2d	Was sind Si vo Prueff?
gsw-751b451858a802d03b8e749de9c3550a	Dä Hund isch root.
gsw-4aaa90340dd890f756da231e41ae89e6	Tom hät es Velo.
gsw-6a2256e25b8d77621caf2f3fcfcc980b	Chönd Si langsamer redä?
gsw-fbae5d128606ec79c522d1419eb4c8d1	S Buech isch schwarz.
gsw-b43450a7374f9cbcd98f526989a52986	Ich han mis Portmone verloore.
gsw-c58da93d426d8cb325d3dc8a2241e111	Häts da es Spitaal i de Nööchi?
gsw-3a2cd1cebb1880fc054a76ebfcf1310c	Mir sind nöd riich.
gsw-0acd856acf70c1147196a9999452b375	Du bisch härzig.
gsw-917b7271d9919d12c22ee49f0c3c315d	Chunnsch us Beijing?
gsw-0d825ae1fff9049629b079933901c536	Ir chommät us Taipei.
gsw-0abdc3c2037229e920545dfc37f80a92	Si chommät us Taipei.
gsw-a127f15517e2e8255ad0a929de2896ef	D Blueme isch blau.
gsw-c97fd7d5b4f45d284d6611800757a187	S Huus isch root.
gsw-c89929d0528e1a7f3260eaa5101f7985	D Blueme isch schöön.
gsw-0625b333ecc1d68b40d4d3322a5b662c	Dä Hund isch schwarz.
gsw-17460bf40c3c7c718e050ab75ecb64f7	D Frau isch schöön.
gsw-b35ca7d03bedb70bebf63fe25f537ec6	D Frau isch jung.
gsw-03686bc9b503ba250c4cce2a994471f4	D Frau isch nöd jung.
gsw-1386a7d12cd2eedae45d91bc58da1de7	S Buech isch root.
gsw-522857de571293c7db61085c2f8c661c	S Buech isch blau.
gsw-482cc96654251d2fe8ebed4f888d6ff8	S Buech isch grüen.
gsw-be39d2f8be3a17e0f81da82b927dd5fa	S Buech isch bruun.
gsw-2fc2ae3fa1ec1518eca205bef26c22dd	S Buech isch violett.
gsw-024717c87f535b0ea3390d26f6b70150	Si isch d Betty.
gsw-9bba660f2cc03f8772f75e77ff84ddc8	Chum, mer nehmed de Bus.
gsw-fecb6e0721bc96f54f1cdffceda5e159	Wo bisch letzte Mäntig gsie?
gsw-767ad964ff3da2213041bef7bba9ab74	Han i da würkli gmacht?
gsw-236a11e6d1fad51bef293a420e58db5e	De Tom isch Zimmerma, oder?
gsw-5c535645bb4d8ed1e9a04cb2b456601d	Het de Tom würkli glächlet?
gsw-be45eafaf43be9dff0305dd41a0f1e39	Gnüssesch du dä Summer?
gsw-507d8ee03d64c78d950b144c304971aa	Wötsch hüt det ane?
gsw-62e061c0b2649479d271ec9a1f76ae36	De Tom isch nöd arbätslos.
gsw-3e2b5328e7359aa2bdf88f3c93f56666	D'Schueh passet mer nöd.
gsw-e303e36352dec0bcc40bf6a89b23eee7	De Papst häts Späckbschteck zschpot bstellt.
gsw-7a15edb3b39bf8ab458484c7a058c0f2	I zügle uf Züri.
gsw-95840d0b29410710762b813372273048	I gang gern go laufe.
gsw-3c2bfea23a2e8b0887dc9ca430e8bd42	I ha mi am Fuess verletzt.
gsw-2d8473b6c41cafca4bc6b3953a595dbb	Han i gschnarchet?
gsw-edd27fbeade173421af1ff8964db6ff2	Lüt mer morn a!
gsw-22ebc6191cc8e1f1b992fb5c93c703a8	Si chönd mitcho.
gsw-282060e26a3c0684a7638d869d4607c8	I gseh's nöd.
gsw-85aacbd85ce728fe07d3d0db1d867e01	D'Garage isch leer gsi.
gsw-68e3961f6f20286258f8ab52b50c077b	Mini Elterä sind Spanier.
gsw-2f9ff7a031f12e8858702ecba4503128	Er hät ein vo sine Finger bewegt.
gsw-2aa18589a066613421034c4c2a0b359e	S'Meitli isch ufem Bett umegumpet.
gsw-8b62eef2da73a25c14b2e6c1daa1b169	Er mues üsi Päss überprüfä.
gsw-b4cafc3441cc6c3769bb23e8d62e9eb3	Jiddisch isch nöd Dütsch.
gsw-2452ef072ec0a3fbc72c8912ce420cd6	Was gnau söli i mache?
gsw-4522c5e8952d00f319478410d4e0b63f	I denk ständig dra.
gsw-29a301d8f9fd5980ce94151de74bf4ef	Kennsch du e gueti Disco do i de nöchi?
gsw-5a51c3b9f82975b859e3d9e40c9bdf40	I ha da Buech i de Buechhandlig vor em Bahnhof kauft.
gsw-55610774b5bc2a84de166e6e399f70a6	Mit was für eme Zug willsch fahre?
gsw-cdd38090d6bd4599a0481042f247d5bd	Säg eus wimer chönd hälfe.
gsw-a3dc33f81542323b6a7b1132ba6e1227	Bliib na und lueg der dä Sunänuntergang mit eus aa.
gsw-df8a1fcedbb56647603f3bba6ba1a3c4	Dä Tom döff alles mache was er wott.
gsw-6b42b3d91b4f5c1e32701ae27a64cf57	Häsch dr öppis vorgnaa.
gsw-5b3ebdab80de7c5413cab3a92d79c1b5	D’Wend hend Ohra.
gsw-bad5016047b72da17aa92ea98965ee41	Sie hot den Briaf emmer wiedr nochamaol gläsa.
gsw-5b30c2ec02f9471ce2e9ae57084153fc	Bäte ond schaff' au.
gsw-292eb6389a6bc4e208abcf42605a8c08	Isch's woar?
gsw-c3f1dfcf62b80c3b451b289de34db295	Dr Honger isch dr beschde Koch.
gsw-31325370913f7c8a82276914026ddfec	Maine Auga dont weeh.
gsw-76fbc43a63bca9f0cee898fc7ee5ae17	No ned huddla.
gsw-26cfc9fcb862374fc8db79c7aeb8204d	Aigålob schdengd.
gsw-19ad4abfa8039ed752eab32300f5dc06	Är liagt wia druggd.
gsw-f7680233196ecfae38b2549d5860fb23	Dr Fisch schdenkt vom Kopf her.
gsw-292eb6389a6bc4e208abcf42605a8c08	Isch's woar?
gsw-76e30c351d082cdda2639c00020b8e0b	Dees isch mir net nei.
gsw-6bd61aa1b2c4eee12632dc75f516ff0a	Siå kô Portugiesisch schwätzå.
gsw-41fbc8ce8bfb1f101aa279b599ccddf4	Se håd 'n vrärgerd åguggd.
gsw-1e65511926ce70f83462705fbd82e476	Es pressierd net.
gsw-75a18968ef6ccc6c17ae5a13e4e8d7dd	Was moinschd dä drzuå?
gsw-292eb6389a6bc4e208abcf42605a8c08	Isch's woar?
gsw-bbf90a364f86c9feadbf811b14c6f189	Halt dai Gosch!
gsw-3b970eda7dd5a13f4c808f0d2cf206ee	Hock na!
gsw-866db0facc62a345bd912e6a80104796	London isch oine von de gröschde Städt uff dr Weld.
gsw-62d97b82e238c4c299ac215b86350132	I nemms dir et ibel.
gsw-ba266e32b080cfe4340c2efc3f390b36	Rache isch siaß.
gsw-39563f462b72b314d429efd09e290ee9	Dort hend se net viel zom essa.
gsw-4fd9c9f65a1e8a74d8099971a1e842b7	I ben mit dr Not vo mainra Mathearbet zfrieda.
gsw-e0d8b3b0a638751ca5929a2f99f14be3	Da Burj Khalifa isch jetzat da hegschde Wolkagratzr vo dr Weld.
gsw-eadb1425dd11d72ec86c359e9c2c859c	Des send fir mi beemische Derfr.
gsw-668d0635d239040d6ac48bba93581b87	Zwischa Läbr ond Milz basst no emmer a Pils.
gsw-b597c4f3f592e329fb6f21628950c23b	Kräht dr Gockel uff 'm Mischd, ändert sich 's Wedder odr 's bleibd, wies isch.
gsw-27201207b5054d526cc24a6bd57c0ec7	Gscheite Gockelor frisst dr Fux au.
gsw-2bed58fa61f4e39bdd292b05943df107	Du kasch mir net helfa.
gsw-21ad495345e3e6aeec7148101ab8ad62	So ebbes han i no nia gsäa.
gsw-12609b0288dfdd2143ef4796a9aa0f71	I mog di.
gsw-99d90e8c7d8e55ca32e971d3579665a3	Å soddå Waffå duåd koiner meeh vrwendå.
gsw-73f51ec0bf88c952912e725eb1343a00	I koå, weil i will, was i muass.
gsw-bd402fc62d131b51eaf70c2556efc459	I han koi Angschs ghett.
gsw-459c50acb51f932fbab4bc8c9389b915	Er hoißt Tom.
gsw-69030a4d38fae66874335c9211874608	Tom isch ned intressierd.
gsw-51584fcc76a47347d4cd3f0683f03d59	Mogsch du mi no?
gsw-26d8fe24c15aede1cc9718aaff576fd5	S'bleibt net so, wia s'mol gwä isch.
gsw-86134701f4262713e1091fe35b37c648	S'isch emmer no guad ganga.
gsw-55a465770bcddf79482c79c6c7ad6a0c	Do bisch hee.
gsw-1640bd6264c533854b621d6d9215206d	Mir isch boids egal.
gsw-32e8685a857bd71db753057240c132dd	I mjuess dir ebbes sagå: I han glogå, wenn i gsagt han, i woiß nix.
gsw-e3f58f786ecb919d666620ab486196a3	Tom gååd mid saim hood Gassi.
gsw-b7e33388feeb94067c204a9c64807662	Stell di Kischd dô end Egg!
gsw-ce70a0675dac9b8945f8ded7ffcd7e64	Se schreibad.
gsw-0a8a172c36c99ef0b702ace35094cfa9	Mir hend Tom geschdern Obend gsäa.
gsw-0b4f6025bde6182874a8aa68bfdc1ab9	Heit koch i nix.
gsw-01264944ad7f329d5bb32191fc86d987	A Maa ohne Bauch isch a Kribbl.
gsw-71e81c51d0a41f68dc0c609f6c0135fa	Schildkreta hent koi Zee.
gsw-137f8e743e1ec857d2b5d252b054dce2	Was woiß i?
gsw-c22ddf312e064cc3c7a361b8268f391d	Gell, do glodschd!
gsw-f24e724bb08bc1dba8ff6563e8bf8b91	Tom hot a baar dode Fisch aufm See schwemma gsäå.
gsw-bf17a02c13a1d88b8ff7e98338a8d336	I kennt di vrknudscha.
gsw-c50228f4a7154474f977f4553ed1ac04	Mai Familje isch mai Lääba.
gsw-fd94ef1925edb9216d3a98d42a0212d2	Bisch du scho amaal en Ola gwäh?
gsw-fd94ef1925edb9216d3a98d42a0212d2	Bisch du scho amaal en Ola gwäh?
gsw-56b8bd7d4052c241955895eaaa48359d	Wo kommt des bloß emmer her?
gsw-893d8d7d69f12783e15962e8ea5323d5	Des Weltall kennd koi Zeit ond koin Zeitbegriff.
gsw-5f14324cd1637b67865ca129dd74d6ef	Sag amol des schwäbische Teschdword „ooagneem“.
gsw-4725435751bbd0106c1a8765674f9f88	Heil bloos koine Krokodilsträna!
gsw-ad9a8814345b2247fed60bda09c3937d	I will dr Beschde sai – emmer.
gsw-509102eed71b3bb346c32fed29359e2c	Bisch du wiaschd!
gsw-4b90dfd559cece719c3da917604b7691	Kenndescht du et langsam schneller fahra?
gsw-1602d711182d233818c955174366d896	I hoff, dass maine hochhackige Schuå dia Stapfa ausfillåd, diå se henterlassat5.
gsw-9b37895d575bf73021a2ce48a9c801cc	A neddes Kombliment isch ä glaubwirdigä Ibrdreibong.
gsw-108325b8bf6eaaf5511a6523a2206c84	Guet esse un drenka isch ällewoil bessr wia domm rausschwätze.
gsw-91746107029bf60266f2c224a5b15fbf	Wer hot mir des aodo?
gsw-6ee8154ab287d842a91fe8614f1c50ba	Mai girgele frai di, etzt kommt a Blatzrega.
gsw-fbf6ea6c813e6b4cce06780d184f094f	I mach, was e ka.
gsw-e9be5854fc46a588280fe321c449adfa	Hasch du gsäa, wia se di aguggd hot?
gsw-35a33f61ec4b342808c60522198363e4	Hendr gsäa, wia se eich aguggt hot?
gsw-9fe2f0b508233ab2867f0a15c7a21af2	Hend Sia gsäa, wia sui Sia aguggd hot?
gsw-bb49b6be91ae9065e4a3e89e6ebc6274	Hasch du gsäa, wia sie eich aguggd hot?
gsw-20ac51898535f81a360e6b9b6893ae6b	Hosch du gsäa, wia se eich aguggt hot?
gsw-08e04f6c98961500cc6cba435beadd3e	I woiss nemme, wie der Sempl hoisst.
gsw-c1d67f00b24da204b52fb7a08928b654	Tom hett des aloi gmacht.
gsw-55f2fdc18879dfcf74e724fdc85674c3	Forgess net emmer dia Gensefiaßla!
gsw-d6ebcb608db697a64e109f029a37f0d0	Wie viele Menscha wissat, dass se läbat?
gsw-d14c8b7b59164be7cffcc1997006bd91	Des Bedd isch mir zwoich.
gsw-9f839f64b1e9c54d03bb3d88baaa9658	Dui kommt aus Italien.
gsw-8c4079176902fa7f21c9a90413a0373a	Oh liabs Herrgöttle vo Bibrach!
gsw-9269c1dc2c5d3a61fb1e334cf1e8afcf	Mach endlich amol dai Wischkäschtle aus!
gsw-726826c78e7af3b317567f1704a58c4c	I glaub i spenn.
gsw-427dac51c5837cdc7d30f6df1a193158	Was em oinzelnå et meglich isch, dees kennåd viele.
gsw-c0e8b53b27dddcea8d48e982a21e7f22	I will hoim.
gsw-1582cfcdf3c326ef4675ea044b399a59	Oiner håd ja endlich domid åfanga miasa.
gsw-fb6c87fe522c0114272d2355b827b4c2	Worom duåds dees ned?
gsw-89d2ba824bba40ef889a4768ff3edbdf	D'Midde dr Nacht isch scho dr Ofang vom neiå Dag.
gsw-1092ddbafcbf87512b740bf21ef2e9f0	Mach dees Beschde aus dir, ebbes Bessres kåsch du ned doå.
gsw-b8500760ce52581e009636acc216202c	Mit dem Wischkäschtle als Spiegl hat sich Maria nachgschmingt.
gsw-e3d81b12509968743a6f5cd269b174e2	So isch des ällaweil gwä.
gsw-6ef9e11c9f0264f7ca3ea91a7b7c0ea6	„I moin, du sottescht a mol mid Tom ausganga.“ – Noi, den mog i ned.“
gsw-aaabdb887c5f002c5321bcff92a3adfc	S'Schenschde am Lerna isch, dass oim neamrd s'Glernde wegnemma koa.
gsw-6cacba4a31ffdfdd1c67100d6d563de2	Wenn i mir daine lachenda Aigla auf daine Bilder aschau, no woiß i, dass Frieda meglich isch uff dera Erda.
gsw-010d941806d8506190e27ac18145b994	Tom isch an ons vorbeigsaut.
gsw-435b896bfde29212adbbb5a9543b9e24	I ka di net zoiga.
gsw-6f9f80c0fd0e9e07ffdf177b61717870	I ben no et fertig, weil i vrstruubld ben.
gsw-a836c1c31b792e53347b415f06e0460c	Muschd du wirklich elles mid daine dreggige Hend âlanga?
gsw-c56b0f89d7090e72453b09fee969c5de	Saine Witz dend weh.
gsw-14b83459e0ed1dda46f8382bffd5abf7	Mir ässat net.
gsw-a1b5c13e0fa648016633f3a3603b0a02	Tom guggt gera alde Film â.
gsw-4d10bcc084431488c177a304b6ad58f1	Tom guckt mr beim Schaffa zua.
gsw-9aab12110cc342d84762da6a639ceee7	I will wissa, was du macha dädeschd.
gsw-ff3e8c105a51df2f1d9d0ef556b1fcf5	I moin, sisch jetzetle z'schpät drzua.
gsw-1cc9fe74401ccb625e2a5f7e14d6349c	Meget ihr no ebbas Domatasupp?
gsw-6d901ef391f7a9af30c64e7eb2db201f	Wo send älle maine Fraind?
gsw-dec6ba3183a1b330ac9337a15651179f	Am liabschda mog i s'Zoichna.
gsw-0944ae5719ebac216347592b2a9a04ea	Wer hot dir so a wiaschds Auto vrkauft?
gsw-d86fe5190bc05f86ceba959a17ea9d57	Woisch du, wia mr deen Roifa aufbomd?
gsw-8d4814e34d113fd04437c76f659323c9	Mir werdad Tom no heit Nacht treffa.
gsw-e1125c3557c8464beb2ca662cce93fee	Mir werdad Tom no Âbends treffa.
gsw-1fd8a03435ee1bfd37a5bb418e055e2d	I kennt heila.
gsw-54a786ca6481111a1d1786dc5fda0522	Mai Filler tut net.
gsw-c89bcc5614165c22242e317cff2ef60f	Do ischs Klo.
gsw-f7b55f2af5407c53978484af1c596f4b	Silbr isch des neie Gold.
gsw-2e39b13e88b53b940c280e5a3fb38597	I wiard nia noi saga.
gsw-784f284e9b8522a6feedd4b799eb24c3	Des Gsetz gilt en Japan net.
gsw-af55ad51fb30705f842f4d3c83f1da07	Kia send de Hendus hoilig.
gsw-ce4b893cfa50738353f58c4b6260f08f	Du wirschd a Schläfle macha.
gsw-c5b4ee25ecee1eda7981db547a6f359f	I han koi Luscht zom fahra.
gsw-a929e562d5ba0709eed2be4ca5011cad	Lend ons senga!
gsw-358eb9aba3b5cc832758dc92fbed5ff2	Hosch du des Tom s'liab do?
gsw-1abfe2548993902ab7dc753114e6772e	Hend Se des Tom s*liab do?
gsw-ef3f3bbff4c81cbad274ed5aa759ba2a	Sisch säär hoiß.
gsw-7ddbe5f324bed7900972d9ff0fa02fe0	Sisch net guad.
gsw-f00c3463d7bbf91d596b5c0eb1580f07	Sisch net Gold.
gsw-0945fb6f737af2c4bdb07d345752735f	Sisch net dai Geld, was i will.
gsw-76a8fcdb0e42fb3c5f13a442428f3572	Sisch Meedig, net woar?
gsw-6e9fb973893be62645367cb6b9abb245	Des isch mai Geld.
gsw-ce6477c086e1134d07941825cda04e9c	Sisch mai freier Dag.
gsw-e8a88c295f366ad7c9cadf55f772b977	Maria isch durch d'Zemmer gfäägt
gsw-1f41d947a3ae8f9179ae8b2ea604ef83	Toms Nochbore hott enn oira Tuur gschwätzt ond gschwätzt ond oifach iar Schlabbrgosch et halda kenna.
gsw-1e616ffdd590bd50c095c27d674c0a97	Mai Kopfwai haut langsam ab.
gsw-e1d708db19555c359efc9e71644b2fdc	Om wieviel Uhr macht des Museum zua?
gsw-db3d6b20c15ceceb42f07dc5df6f4b51	Ond des isch a Schnook.
gsw-78439d9f4c1bddf474e2e92bf83dda0d	Auf dui Art hätteschd mi grächd.
gsw-b52cb0f72d9a604954d8833995443e1a	Sisch ausm Nix aufdauchd.
gsw-54e8df3e9b0b780503ec4b9e5a1c7c62	I hets ahalda kenna.
gsw-d1ec59347c887e333b914626c019e979	Mai Dande hot a Doggasammlong aŭs Borzellan ghet.
gsw-c65f76755ccc421dc1a14df2b732783b	Moinschd du, dass Tom gscheit isch?
gsw-4eb7123b20da80c6a2071e6e4f6e07e9	No ka ies schaffa bis om halber drui.
gsw-e23704cce260883a3d3a0b6ebc96050c	Mir kennat emmer aŭfheera.
gsw-81a88197ec273a861ebcadafc405d4a1	Dr Tom hot dees gschafft.
gsw-1fcdc745d3767fcf0c8ade419068b1ca	I han dees omsonschd gmacht.
gsw-6ccc5bb6c0c3d22d2c108420f0377d6b	Mr woiß scho lang, dass des Ibersetza von dr gsprochana Sproch sauschwer isch.
gsw-75daf9f096ce2a5bfa5f14cb8f694784	I hann nix ogwehnlichs gsäa.
gsw-74a0b35fe6a83c9ae063254e5506beca	I vrstand, dass du se kennschd.
gsw-c98a1523f3bc8074a1cbe7e28e47e928	Dua net so viel Pfeffr end Suppa!
gsw-fc87c8fc3ca502bad4ce94925f53ce32	Was wird jetzt bassiera?
gsw-18c5fd3f44ce910a48357b74b482b6f1	Gang schlofa, Tom!
gsw-c9cd2686d3f02ba3c00f892a2ab0e6a7	I denk, Sia soddat ire Gosch halda.
gsw-46e025471a2294a8246a5306edcb4171	Kenntscht du aufhöra, elle 30 Sekonda dain Telefon rausziaga?
gsw-5dbb0c6451d2cdbbd4a667f5a3858c19	I säh di gera schaffa.
gsw-a52bc23cd75fdc548c6d7a45bbfe1eb4	I säh aus wie mai Vadder.
gsw-974f7ffb11afdac3a00c4a3bb4cf6bdc	Mir meget ons arg.
gsw-a606b4a216039b0a96efb3ecf042f357	Älles Große kommt vonam drotzdem.
gsw-3b580d1d757992ff69a7932f9a5627c0	Dia ganza Wies staht voller Bettsoicher.
gsw-565c213a8df9625d8bab5e9edea258a6	Jetzt halt endlich amol dai saudomma gosch.
gsw-9819c10b5d9230a6e7323b34928488b6	Tom ond Marie hend Buachala gsammlat.
gsw-f358632f07bd69b9340d353904a8d432	Tom isch em dritta Stock.
gsw-a08a3160a1999e3a75a44d69d59f9ab2	„Wia kommt mr am beschda zu de Berliner Philhamoniker?“ „Iaba! Iaba!
gsw-501651faf96424ee1b5b31423814f4c4	I han Tom ibr da Fluss sĉwemma gsäa.
gsw-0e344f800e20b9316e814472855cc646	Tom hot scho ibr oin Monat koi Arbet mee.
gsw-73efd565f8a9ec27ffc145d06a14ef92	I muaß des nemme so oft macha wia frier.
gsw-c1876d0e53479cadf7b2c8beba10c12a	Tom isch an Sauorschtoffmangl gschdorba.
gsw-90eac5d435debfa9b8bbff2b60ed4436	Dia Mondääg bassat mir net.
gsw-1b4e603b06fcef3b66781e1c480b8614	Sie dent nemme so narrat.
gsw-4fafb1ee671d710130498923250b0fb4	Dees kasch du so onemma.
gsw-b4bf36cc9414fce45768d53b5b0b4545	Mir hend net gwissd, was mr do soddat.
gsw-b11292856eb4e1cc5712a865aa7b7e97	Dees war so onder oos aŭsgmaĉt.
gsw-e4fb86ce01be9e27c494affc4f9de966	Der Film war et so intressant wia i denkt han.
gsw-f0254d38bc33f50070445d8fc9b6308b	Du bisch a bißle bleed.
gsw-7ce5ccb26b2746f779b632010d5961bc	Z'fuaß got ma uffm Droddwar.
gsw-5112255e473ba6ff3f7ee20b1787de1f	Piede oni uzu la trotuaron.
gsw-66f77cba31e007bf97251981b9462e2a	Schwäbisch isch mai Muadrsproch.
gsw-a1669790554fa5f53138251be0071be6	Zamma hend se acht Kender ghet.
gsw-381efe8765140e2b8762a1838027e897	Machmol wär i gern dünner – aber no fällt mir wieder ai, wia granadamässig guat Spätzla mid Soss schmeggad.
gsw-8d839f73008714cb5b273cb816e230f5	'S geit nur oine Dreiecksbeziehong, dia funktionierd: Lensa, Spätzla, Saitewurscht!
gsw-ea1f8b5ff09c0d250215d881064a9134	'S geit nur oine Dreiecksbeziehong, dia funktionierd; Lensa, Spätzla, Saitawurscht!
gsw-eac199a2b1c70b08e77e914f5230dbcf	Mr ko au ohne Alkohol luschdig sei – abr heit gang i liebr uff Nommer sicher.
gsw-9323858c12418d36ff64e2306e7b32bb	Dahoim isch fir mi do, wo's Spätzla geit!
gsw-0ecd7f9e8976ddc132065458e5cfada0	„Drengsch du dai Bierle aus'm Glas oder aus dr Flasch?“ „Aus'm Kaschda!“
gsw-3667ef277e537ea7f479087e0ea262f9	Schwäbische Schorle: Obends a Fläschle Wai – Morgen's a Fläschle Schbrudl.
gsw-d51bda54d5fdab1d2353146ee8f61132	Friher hosch mid de Onderhosa no 's ganze Fahrrad butza kenna – heit langads grad no fir de Schboicha.
gsw-0d035cb4086f76eb5564f42ca9e876a4	I wart scho seit'm Meedig uffs Wochaende.
gsw-8c36d3faecae954a4c58879e7f609f28	Der Hond isch hongrig.
gsw-9d419d046795281fabf5c82b16ab513f	Wie viel Leit schaffad bei eich em Gschäft? Fasch'd Hälfde!
gsw-9fc50612891fb9bb9485d48452466ec9	Wiilsch mid *m Chef schwätza – oder liaber mid oim, der sich auskennd?
gsw-49975cbfc4a9be0a833260619e5a86b0	„Wo solle mr nohogga?“– „Uffs Fiedle!“
gsw-2856179175a0ddf24f3e625cf15318c6	Wenn mir mol langweilig isch, widersprech i oifach maim Weib.
gsw-ebf5270528c52d7410a8664765b6e48a	Schatz, sag mr die drei magische Wörter: Mauldascha send fertig!
gsw-b938263417de8dd586cbba3bda6ecb16	Koin Roschbroada isch au koi Lösung!
gsw-e8fa00864dc1e3fcc6d48eb81adf5aa4	Am Schwob sai Schätzle send Lensa med Spätzle.
gsw-42661edb047e8f0a68941e8d88a0c14f	Gäld vrdirbt bloß den Charakter, der scho vrdorba isch.
gsw-bc095d63b005689179458a0eb4f33678	A Leba ohne Spätzla isch meglich, aber sinnlos!
gsw-965457b048c08a2572c001bfca247418	A Leba ohne Schbätzla isch meglich, abr sinnlos!
gsw-727bcbea77472246049614b2d0c7f92e	I han's mir ned rausgsuchd, an Schwob zom sai! I han oifach bruddal viel Gligg ghed!
gsw-045917dff95d55a26ad70057ca3bdef5	Schwäbische Dorfmomente senn: Wenn du dai erschde Fahrstond mid daim Vadder uff*m Feldweg ghed hosch.
gsw-b4a2ae07623be4b0244a086dd23731ab	Drhoim isch's oifach am scheenschda.
gsw-79564e8ac31ce10159bce9d6244860f5	„Bäddäd iohr drhoim vorm Essa?“ – „Noi - mai Muader ko kocha!“
gsw-bd3ffcafb74b952bba20f989f0e66e4c	Bleed gschwätzt isch glei.
gsw-26fdb01c65537a9d3583b8a2ce019e7a	A schwarza Kuah geit au a weissa Milch.
gsw-ac02368e16d3647c0c87dd8e492e0311	An verschiddats Wasser kosch nemme uffheba.
gsw-5e7c2faae07a5f63fcab1e9a4eca36e4	Wenn dees d'Lösung isch, hedd i gern mei Problem zrugg.
gsw-c5232e0c7bce47be208f272875332992	An Boom hod Äschde, des isch das Beschde. Denn wär er kahl, noa wär's an Pfahl.
gsw-0e86c269c4897f3211d089190275ee3d	Mir Schwoba dädat onsre Fähler zuagebba – wenn mr welche häddat.
gsw-975c2a27272a16a0d2bb5c50e9afd122	Mir Schwoba dädad onsere Fähler zuagäba – wenn mr oine häddat.
gsw-62d141ac4f8a860630155a45b8a61afa	I ben ned perfekt – aber als Schwob verdammt nah dran!
gsw-b88a960412e0a7e0a16f86887bb7fb2e	„Schau mr a mol“, hod dr Blende gsait ond erschd nix gsea!
gsw-4d3707ffd00a6d62cbb259fa0747ff5b	Bloß ned erwachsa werda. Des isch a Falle!
gsw-9bb1031ba9a242206318ffa78f65d8f9	Vorm Schwätza 's Denka ned vrgessa.
gsw-11dec4be47bfbcfb449f172dcbb31b5c	Gottes schönschde Gabe ischd und bleibt der Schwabe!
gsw-954533e2d84ce22118e4cb0f0a78ede4	Gohd a Frau en andre Omstend end 'Bäckerei ond sait: „I griag a Brod!“ – Sait d'r Becker: „Sacha geit's!“
gsw-bb2e5525f1d27b46e48846f760a3eab7	Mr koas oifach ned ällna reachd macha.
gsw-e1148b336bbee552b8f2483a2c2db7a4	Ma koas oifach ned ällna reachd macha.
gsw-46ade477549827517f110d4bf8f5cfda	Wenn no älle so wärad, wie i sai sodd.
gsw-f9e441f5f6694cd0d01a5b817358f537	Duscha zu zwoid schbard Wasser ond Zeit.
gsw-8f2e22489654e7181e6cefaf4f2d551d	Älle sagad, des gohd ned. No isch oiner komma ond hat des ned gwissd ond hod's oifach gmachd!
gsw-c780890f6b2d729e82c99b9fab28bbf3	Ned älles mit zwoi Bagga isch a Gsichd.
gsw-6759627e3c9e80dac28da9d1281c3129	Do gohd ma oimol leichdferddig en d'Wirtschafd, scho kommd ma leichd ferddig hoim.
gsw-b2f1cac0d9c57c21f4ccadbaa5a77b96	Doa gohd ma oimol leichdferddig en d' Wirtschafd, scho kommd ma leichd ferddig hoim.
gsw-445315dcb339015399bcbccea229ffd8	Manchmol fühld sich mei Läba wie an Teschd oa, fir den i ned glernt hab.
gsw-b5cdec34c5a49342f5d94cce1dc0fc36	Geduld isch ebbes fir Ofänger! I dreh liebr glei am Rad.
gsw-dabe722198e1a848d36a9b263b1ed952	Der isch au liaber doa, wo ma scho gschaffd hod, aber no ned gveschbert.
gsw-12bdf83fd608b7fc0f3461332f241ad7	'S Leba isch koin Schlotzer – aber au koi Gosch voll Reißnegl.
gsw-025514cb70153fd53c798a34273fb670	Was de ned biaga kosch, muasch au ned brecha wella.
gsw-5c0616154bc7d5c4f1cff0c7a8fa41a3	Friher warsch bildschee! Heit isch nur no dai Bild schee!
gsw-393fd32ea8cf428a71a06b8b00ac30d9	Frier warsch du bildschee! Heit isch nur no dai Bild schee!
gsw-bc2225a237ae1bcd39083f94ea56606f	Liabr heimlich gscheid als oheimlich domm.
gsw-d7f801afe1874965b8448406fe3670d9	Liabr heimlich gscheit als oheimlich domm.
gsw-789aaf532ee3d620e45f80b00fdbf219	Dees Foto isch ibr hondrt Joar ald.
gsw-482a215b34906ab54150df8083e679d4	Tom dät gära weniger schaffa ond mee hoimbrenga.
gsw-132f0fac0540ed4f4ba4a29fa0550825	Gligg isch: wenn mr begreifd, wia älles zsamahengt.
gsw-2bd74a449a1f8f9b198686f4821e5014	Älle Wäg fangad mid ma Schritt oa.
gsw-99d5fd6e4ace562bda1aba6a8b777be2	I bee jetzd em ma Alder, wo mir oi Wochaende en d'r Woch nemme langd.
gsw-9da889efc88f42f043f8761622e44c5f	No guad, dass ma mi ned denka höra koa.
gsw-428a5c314b77a784891c0e9cd0d4880e	S'Essa schmegggd am beschda, wenn's ebber anderer zahld!
gsw-7e5912b6f1a3edc117431f81b63c5fc0	Essa schmeggd am beschda, wenn's ebber anderer zahld!
gsw-7e0e878967bc04d4d663e49e2f6e2a2b	Worom i so guad mid d'r Moinong von andre Leit klarkomm? – I hör oifach ned zua!
gsw-8c76cd9f8d52d371146fd1435ccd8cd0	Obacht gäba – lenger läba.
gsw-8656ad68ff071cc94d83190db63d0f7d	Au dr schdärgschde Rega fängd mid ma Dropfa oa.
gsw-81012acb4bfefc6130c69dd8fb25f7a3	Wenns Wedder so bleibd, ischs morga wia heit!
gsw-e83ca05255e9cabbc859036b60509345	Wenns Weddr so bleibd, ischs morga wia heit!
gsw-c7bc0cdd0bc2f5dc43804a1389c5ca0c	Liebr a gsonde Liadrigkeit, wie a liadrige Gsondheit.
gsw-17b6f5e205cc875999b737f9b124d3aa	Dahoim will wenigschdens d'Waschmaschee von mir o'gmacht werda.
gsw-3f27abb5e77659207ee90fb44218dbef	No 20 cm wachsa, ond i han mei Idealgwicht.
gsw-f40473365ec2d287a2165ffb3ccbc9ea	Menner hend au Gfühle – Honger zom Beisĉbiel.
gsw-4a88f42193225f48d0882d90bcf24e5c	Menner hend au Gfühle – Honger zom Beischbiel.
gsw-37681d313268b925abe312446a2c3929	Fir an arma Vadder kosch nix – Aber fir an arma Schwiegervadder.
gsw-c1a5376db9af51c432d17abe83e3df8c	Moina derf ma – aber ned moina, ma derf.
gsw-c1a5376db9af51c432d17abe83e3df8c	Moina derf ma – aber ned moina, ma derf.
gsw-76f304a80078745c053aae0c4ece19c7	Wer danzt, hod bloss koi Geld zom saufa.
gsw-40bdc303814634f8237fb001f0dc280f	Nix isch so nix, dass es ned fir ebbes guat isch.
gsw-5b1b9f72034542ab859bbcf7f0e64459	Wemmer gebbad, gebbad mr gern, aber mir gebbad nix.
gsw-b8cdd6882716c5c5da9fbc68fb430b12	Beim Melka wird em Schdadtkend klar, dass dia Kuah an Bulle war.
gsw-119b472ecd5ab8afefec071370bb4344	Solang d'Wurschd dicker isch wie *s Brod, isch's völlig wurschd, wie dick 's Brod isch.
gsw-582c637b2018b200daa0b8ad0febb577	I koa heit ned fahra, i muass drenka!
gsw-dec1033d1aa327e4a9f2e5d893e0dfa9	Wenn mol ebbes zom Essa uff dr Boda gfalla isch – des fressad d' Vegl.
gsw-c3226b7bcd49fed2d411947be5c0c2c4	Moa mid Grill suchd Weib mid Kohle.
gsw-b5fcca516f2ad703bb1a4de5dadc72ff	„Wie schützschd du di am beschda vor dr Sonn?“ – „I gang schaffa!“
gsw-06e64c4469600c6465a5d054ed7a54ca	Wer bei Kardofflbrei ond Soß koin Schdaudamm baut em Deller, isch doch innerlich scho halba hee.
gsw-00c685e50113278b04f7c7d9a49bead7	A guade Sau frissd älles.
gsw-c25493a50dc87e0e3f34feaf7e492c79	Ois isch gwiess, a Agger isch koi Wies.
gsw-3f854cde1fc461eeb088fa547af9062e	A bissle isch emmer no besser wia gar nix.
gsw-f0529e38c43d1e85596651e5ca6b395f	's geit Seggl ond Schmedderleng – aber fliaga kosch du ned!
gsw-fd4bebf94a7fdf118761e9cb4cb7ed2c	Vom Ochsa soll ma ned meh vrlanga wie a baar Schdiggle Rendfloisch.
gsw-8979dbc3a1e27acdcc36c739b2b6385e	An Fuchs isch schlau ond schdelld sich domm – bei manchna isch des andersrom!
gsw-a4ac69cb6420603f1c2701003ec7be07	I be verandwordlich fir dees, was i schwätz – ond ned fir dees, was du verschdohsch.
gsw-20afbf8e274a207ef497567ad72d2a67	Wenn mr sai Ohr uff a hoisse Herdpladd druggt, koa mr riacha, wie bleed mr isch.
gsw-14ae3139cf3937a13e965b93bee38011	Wenn mr sai Ohr uff a hoißa Herdpladd druggd, koa ma riacha, wie bleed mr isch.
gsw-db774e59d06151b125f0452bf8066331	A gromms Holz geit au a grads Feier!
gsw-506b01033fe6ab12da2c2beca12cb85b	Wenn de dir ganz sicher sai willsch, dass ebbes ned klappd, musch de no grad druff fraia.
gsw-550e016ae2ec6b4dd041c68eae320ac0	Mensch sai hoisst Utopia hann.
gsw-9b6f9510da7e8d81b50785e0ec4195ec	Liggd Schnee uff'm Glender, isch Wender. Liggd's Glender em Schnee, isch's hee. Liggd's Glender onderm Schnee, war's em Sommer scho hee.
gsw-b89d046115b06bb19e3be44b385fbe03	'S Denka isch zwar ällna Leit erlaubt, aber 's bleibd viele Leit erschbard.
gsw-bc3bcce83501d2789711aaff77cf2eed	Frieher war älles leiĉder, i zom Beisĉbiel.
gsw-0270ef3fac53acab9ff14e46b8080881	Des muass i mainer Faulheid jo lassa – se hod a gherige Ausdauer.
gsw-175c70c3ac757a4d5a515ec0da0abed5	Nes älles mid zwoi Bagga isch a Gsichd.
gsw-8151bfc585475d075f6edb3cacd320b2	Meine Eltra sagad ällaweil, i soll ned liaga! I sag no Weihnachtsmoa, Oschdrhaas,Zoahfee!
gsw-1fa38c9970f5f879e98d09a8a62d9813	Wa isch d'r Onderschied zwischa koschdalos ond omasonschd? Mei Schulbildong war koschdalos – daine omasonschd!
gsw-be22befbfc2586d3361bef207157842e	Wenn i oifach amol alloi sai will, schdell i mi em Baumarkt an da Infoschdand.
gsw-34ad98bd0ec93e8358660aa3ce626e0a	Bei dem Weffer koa i mei Sofa omeeglich alloi lassa.
gsw-1a0517d1388a3672acbd551aab6c11e0	I mog Nasherner, dia send wie Einherner, nur fedder.
gsw-af8f4ad5771ccc1034936d2cde81fd41	I han so Kopfweh – mai Hailigaschai druggd!
gsw-a8ab114b12b98a42f6f029ab81eea154	Wenn Faulsai olimpisch wär. würd i gära Vierter werda, damit i ned uffs Podeschd muass.
gsw-246b2d451d381ef34f1a9a0caaa0872c	Gfiale gherad ons ganz alloi, außer mir doiled se mid ebber.
gsw-7e306fc2c284fa9503aaa07bb2c09372	Wie viel Zukkr isch xond?
gsw-adb2057491968a4992d7429b2271f207	Des isch mir älles zu kendisch dohanna – komm, Teddy, mir gangad.
gsw-ec756bb24835de9c207de7ad3f3fe05d	Älles isch noach Plan gloffa – bloss d'r Ploa war nix.
gsw-fec83594245e2cb2b5b6cd43283aeed2	Des mach i morga! Zack, scho wiedr a Woch rom!
gsw-fc860aee89992575e32a9255c72a9bea	Bei mir laufad d'Däg ällaweil falschrom. I wach miad uff ond gang fit ens Bedd!
gsw-52e560c7e28804c708e6054ff485aef1	I lieb da Sommer. 's isch oifach d' scheeschde Woch em Johr.
gsw-751e154bac788d0590799b3a67501790	I schnauf! Meh gohd heit ned.
gsw-4bf53dfbfc14311829f3ccb53e7a1819	I schnauf! Me gohd heit ned.
gsw-0d3ec433d299f1cac4d864dc2393c49e	D'Pflichd rufd! – Sag 'r, i ruaf zrugg!
gsw-3fdf0774db2109615d8fbd42f32239ec	Bisch du vrkäldet?
gsw-dc049cecbed84feba3f41c4aa1789637	Hosch du an Haischnupfa?
gsw-9192d2f0993766b314f320b1096d5c9b	Mir läbad en ra scheena Weld.
gsw-a40e2f74484dd7ff692754b82805090e	I woiß, dass i manchmol bleed be – i be jo ned doof!
gsw-68c78c4ecbdd1c1618980531af710ca7	An die Person, die maine Schuah verschdeggd hod, während i uff dr Hipfburg war: „Werd erwachsa!“
gsw-bbcec29c6efbb888e3419c3e72b1958c	„Wa duasch heit?“ – „Nix.“ – „Des hosch doch geschdern scho gmachd.“ – „Be hald ned ferddig worda.“
gsw-20c33460ca0cbc5d6438184dff4bd352	Er hod mir gsagd, dass er mi aŭ liaba dud.
gsw-e8423ed9fd389a7438d2dfb02c7afb0a	So wenig Luschd uff schaffa han i s' ledschde Mol geschdern ghed.
gsw-37505b06e66591c8d673bae75845d4fe	Ma sodd de Leit viel öfters ihre Rechde vorlesa. Viele wissad gar ned, dass se des „Rechd zom Schweiga“ habed.
gsw-a7b5ff71c26afca819053bd469c22b63	Mai Sofa ond i, mir vrschdandad ons blend.
gsw-92c177e40a9fd8e9b309ebc06233f3b5	Wendschdill ond 23 Grad – ach noi, be no denna.
gsw-53ab4d0d2642a892a11d77f770108a2b	Noi, i schnarch ned. I draim no davo, a Mofa zom sai.
gsw-b361e909871cded327f61569e7ca902f	Noi, i schnarch ned. I träum no drvo, a Mofa zom sai.
gsw-011c5eb266903ff4b8d53ae18eec6f1d	An Nochteil, wenn's wieder warm wird – d'Nochber kommad wiedr raus!
gsw-1de3f99f9ab68fd188e92da5f8565ff5	„Was hosch du für Hobbies?“ – „Schlofa!“ – „Noi, i moin irgendebbes Aktives!“ – „Essa!“
gsw-d19d9b3d4870fe1ba546f72906a825f1	's isch zwor heit Sonndich, aber i fühl mi vom Meedich scho beläschdigd.
gsw-bc386a97bb219841e4ed92059d3f00fb	Dia Fisch schdengat.
gsw-2da8d66b24643db354beaa89bf41c520	D'Schdimmung isch heit wie's Fondue-Set vo meinra Oma. Im Keller.
gsw-0082cf77a35cf5182c6933ba88d54190	*s Oinzige, wa i guat em Griff han, isch mei Bierglas.
gsw-11f1e7ae87228e90c0b4fa99a221d64b	I mach heit was fir Bauch, Boiner ond Po, Mauldascha oder so.
gsw-7a2e0412739321ba2cfaf026a6bc0dff	I han neilich mol Liegeschditza brobierd. – Liega ko i, schditza no ned!
gsw-259b1b5c842d6b616b610af777ad5d2b	Lenks isch wia rechts, bloß auf dr andara Seit'.
gsw-770057e3ffac1e9f9fea35d9c0f2bd70	I han mi grad gwoga – bee z'kloi.
gsw-888dab8865c8af1eb2ba712ef87cd6c6	D*Henna lammer saua – abr d'Saua lammer henna.
gsw-1d0ee8cde5f32020f311586f53f80a11	A bissle domm isch jedr – abr so domm wia manchr isch koiner.
gsw-8659fa17a6a622b310431b1c46091cf4	„Send d'Kiah scho henna?“ – „Noi, se send no Kiah!“
gsw-947234436179a01edf3316e987c44ff7	Doa hend au scho Scheenere Mischd glada.
gsw-4157d571289db92f774ab57321bf8391	Isch dia Arbeidswoch vorbei, kommd au scho dr Sonnaschai.
gsw-671100b024504ce4802e7d3656a141d4	Duar amol gschdäd.
gsw-deef748cca8e79b5617082bf0273becf	Schee isch anderschd.
gsw-7a870b2a4ff3fa41e9dc5233211ccead	Schwoba mached koi Pause – mir schonad bloß onsere Maschina.
gsw-fd5fce29c43a283932b0962270fe90bd	Wer ned will, hod ghed.
gsw-acbd51544f24943819962be4e9ebac48	Her auf, d'Leit guggad scho.
gsw-2dc0f101cf789098cefae34cdeaea068	Ebbes isch älläweil.
gsw-882fbfcf5672b5f8b2cf9230d4b127a8	Dr Kittl isch gfliggd.
gsw-65fc2fc806e70dcc3356ee3f6cc1bc0f	Dr Kiddl isch gfliggd.
gsw-9787acfa378cc36c8b6c0dfd61bf5540	Du bisch au so gscheid wie an Meter Feldweg.
gsw-c7e77cdab172f1691ad2ce0ffbfa83b5	Endlich Freidig! Als reachder Schwob frait ma sich uff da Samschdig, weil ma endlich drhoim ebbas schaffa koa.
gsw-2947f5adca9df9d616bdc2e689b9c575	„Wa grieg i zom Geburtsdaag?“ – „Mid „E“ fängds oa! Ebbes schees.“
gsw-c45080fc1c41d501453a98b30b36a412	Scherba brengat Gligg, aber bloß fir d'Archäologa!
gsw-5365bda7d5aaf77656f721fc94a94ec4	Tom isch ned arg glicklich gwä.
gsw-977b11b259f32d8e9e73420bd9c688b4	Mir veschbrad om siebane.
gsw-cc128ccbadf755455ec76730f632087e	Wenn du schwemma willsch, no schwemm doch!
gsw-386360eb92de4a004412192150860021	Mei Lieblingsgeräusch isch, wenn du dai Gosch häldsch.
gsw-f8d2acfa10af77f50e1f6e01ba09f33e	Bevor du frogsch – koi Zeit.
gsw-320f0673609fc152e5e2078e5289e900	Nigga, lächla – Seggl denka!
gsw-0e72b8ad614087aa6c1e37be3918e18c	Egal wie ald i be! I will an Advendskalender!
gsw-f377aa681cf70ed72bcf9b5adf7dbab6	Mir machad weider, bis oiner blärt.
gsw-9b8645a055f8cb86e61c8083ad2fd594	„Lass mi, i koa dees!“ – „Oh, jetzd ischs hee...“
gsw-edcea4fd79d92927ee949dbdb4c07d77	Hoschd mr mol a Feierzeug?“ – „Noi- aber i kennd dir ins Aug langa, des brennd au.
gsw-cf16ffcc7c5d9b8c2eb3f444eddda00b	Mai kloiner Zaia hilfd mir, em Donkla maine Mebel zom fenda!
gsw-9766a14977c86afd6d85b2b886ae286a	I koas ned leida, wenn außer mir nix Siaßes em Haus isch.
gsw-a454f079ab46ef40f0db4011e4457541	„Wa koaschdu figurtechnisch am beschda draga?“ – „An Kaschda Bier!“
gsw-61b73c9961a461facb3f27b68b9426a5	Han mir grad a Weld vorgschdelld, wo älle Seggl a Glöggle om dr Hals dragad. 'S war bruddal laut!
gsw-17439f12a9da921ccb0f9ebdebbeaccf	Mai Vorliabe em Bedd? – Schlofa!
gsw-a5f2bc877329111262dd66a604bf7536	Willsch du dir da Dag versaua, musch du en da Spiegel schaua.
gsw-f79fb4d3d2dae850c938fbcd53bc7695	Manchmol gugg i mir d'Leit en maim Alder oa ond denk mir: Haidanai, nommoal bruddal gligg ghed.
gsw-da7b6758dc7b2e774a2d9a3eabd43f87	„Veronika, der Lenz ist da!“ – „Mir gebbad nix!
gsw-05eacb7f3be4b9e5a83d8e0d9a9be495	„I ko Gedanka lesa!“ – „Glaub i ned!“ – „I woiss.“
gsw-23471584c0cab75386db7efd74d39986	Kocha koa i net, abr essa!
gsw-e13e716c6a5b9d1f1288eea3bf0b3c2c	„Wo solla mr nohogga?“ – „Uffs Fiedle!“
gsw-e88d349a1e389c5d7fc096b88951d629	Du bisch a Schwob? Di mog i!
gsw-e637d83dae5d50ccd27ddd6acad98332	Lasset mi durch, i ben Schwob!
gsw-07c4fb90ffbcf58017abd0bf3eb6afc2	Ko i ned beurteila! Müssd mi intressiera!
gsw-50183bcc9fbde5f9e49b8dbed54e1a15	„Wie viel Leit schaffad bei eich em Gschäfd?“ – „Faschd Hälfde!“
gsw-498e87e61168be82f9b1fc887491639b	I wolld des Johr zehn Kilo abnemma – fehlad no dreizehn!
gsw-26ee85e8ad954740504ac19cd45b58c2	'S geit scho bruddal viel Leit, dia fliessend Scheissdregg schwätzad!
gsw-861d5ee1f8e0e87220f1ecf54832a365	Melkt d'r Bauer mal sein Stier, trank der Seggl zu viel Bier.
gsw-13116a09c15b0ba566c1a11f948de771	Dr Sommer kommd des Johr mindeschdens fünf Kilo z'früh.
gsw-1fd3b102659496d02e856481e95c76dc	En dr Weihnachdszeit drohsch de Kender drei Mol am Daag, dass de s'Chrischkendle oruafsch, wenn se ned schburad.
gsw-0e4be6d24e9a6c88d9478782b473a66c	I han grad mein Moa grad gfrogd, ob 'r woiß, wa heit fir an Daag isch. 'S isch so oifach, Männer Angschd zom macha.
gsw-03c9f357197e755e05004e0171e7aa1f	Ma hod nia z'viel Schuah. Mr hod no z'weng Schrank!
gsw-de909327150cbbbaff7a0de317e62653	A Frau machd sich ällaweil Sorga om ihre Zukunfd, bis se an Moa hod. – A Moa machd sich koine Sorga om sei Zukunfd, bis er a Frau hod!
gsw-20e41c8e5f9ae3d22c0773db95f0d8dc	Ebbes, wo de zom Wai saga kosch, aber uff koin Fall zom Weib: Nix Bsonders, aber zom Kocha langds!
gsw-24ffdcf74eb6e40154daa7682ad3677f	Dahoim will wenigschdens d'Waschmaschee von mir o'gmanchd werda.
gsw-94a1662b93b87b3c674e949f77edaadc	Dädsch mi nemma, wenn i wedd?
gsw-b0f186eadd0204ca256eff9ae692b276	Ned jeder isch an Moa, wo a Weib hod.
gsw-9cfbc09ee0e834b8758eccb78fd3783e	Wenn kloine Affa Äffle hoißad, wie hoißead no kloine Mada?
gsw-68a7919dd11dddea51e54c4fda4c0e7b	Heit kommd mei Frau zrugg. I han a Woch ned uffgrommd, damit se sieht, dass i ned ohne se leba koa! Romandisch, gell?
gsw-21ba98871001936287373237a3ed2aa9	Was isch a naggads Weib uff ma Kaschda Bier? – Em Weg!
gsw-4edddb26cb631033478c23832f83f03d	Wenn du duasch, was i sag, koasch macha, wa de willsch!
gsw-5dbe3c3a7e5b833c729c7768977fbf58	„Wo guggsch du z'erschd no, wenn de a scheene Frau siehsch?“ – „Ha, ob mei Weib guggd!“
gsw-32d047fb610c54db41f1c2f2a2f03d0d	I brauch koi Google – mei Weib woiß eh älles besser!
gsw-eb0035bbcd20162ae2ac0fc447c240f2	Au Weiber kennad a Geheimnis fir sich bhalda, aber nur, wenn mr's dene ned verzähld.
gsw-8581b1d2991800b3051b7e8866812fce	D'Manna hend zwar d'Hosa oa – aber d'Weiber saged ne, welche.
gsw-7661f90567372cafa7b0ba54b8eb739e	Idealmaße von ra Frau: Schwäbisch, luschdig, ährlich, schbarsam.
gsw-228748805b0db2e3d02068923c2a5d3b	I be ned schichdern – I will oifach ned mid dir schwätza!
gsw-415644abb19480f4188520b5516b2013	Älle Fraua send guad! Aber die schwäbische send die beschda!
gsw-b27f8f45d6a93328e73072a6190d8b14	Am beschda schlofd mr, wenn dr Traum neba oim leit.
gsw-f0073def5066bc22dbfd883dfbdafc5c	Wenn mir mol langweilig isch, widersprech i oifach meim Weib.
gsw-eb4e2a2a113612c684fbc92317546407	Schwär koas ned sai – sonschd kenndad's d' Weiber ned.
gsw-dbb1eee06ff1f398d59b7ead68f61ef4	Sei s'ganze Johr liab zu daim Weib – no musch ned an dr Valendinsdag denka!
gsw-e9e3380ef44fe08827aa9f98f4de16df	Wenn dai Weib sait: „Mach, wa de widd“, no mach uff koin Fall, wa de widd!
gsw-2ee56f6c4d0013791321b770efacc5a7	Wenn d'Weiber sagad: „Schee fir di“, isch's älles, no ned schee!
gsw-9227cd546d565dab10e1274213d01da7	Deitsch ischd a Sproch, Schwäbisch ischd die Vollendung!
gsw-c6481611585d856e94ea6868bf7e8f8c	Wie nennd mr bei de Badener an attraktiva ond intelligenta Menscha? – En Schwob!
gsw-89af2a0b808c765883378b10cf8ccc5f	Ganz nett! Aber hald ned Schwäbisch!
gsw-af9b66db3a58c190c20bf212d2a691f8	Schwäbisch isch wie Boirisch. Bloß viel scheener!
gsw-ce2933d47c4c5a683340a81897e0e32f	Mir send Schwoba. Des rechtferdigt älles.
gsw-bc2e3d67d4776d1a405b73bf80b7a460	Wenn i koin Schwob wär, würd i vorgäba, oiner zom sei.
gsw-5db1d4bd27b4e812207c6228d832a8ee	Hoimet isch koin Ort – Hoimet isch a Gfühl.
gsw-59b930d05c88ef0e1bbfe15b128cbea3	I muass nemme liab sai – i koa main Schogglad selber kaufa.
gsw-5431f8ca76f03d3ebe6eaff2978e07ba	A hausigs Weib isch d' beschd Schbarkass!
gsw-96a689cb274fe8901c379605ab356697	Schwoba send am Herrgodd sai Maischderschdiggle.
gsw-367f55784c79b9518f962f06e6736974	Muaddersproch: Schwäbisch!
gsw-d3a6069d5849b4bfba79855d539eaff2	An Smoothie isch dr neie Weg, ma Seggl a Banane fir 2 Euro zom vrkaufa!
gsw-40bec13f2c4d50a12a8ddf1038fd441b	'S Läba isch wia a Schachdel Pralina. Z' deier.
gsw-5a25ca52e719c2e69ba42a3fd9107355	'S isch abheersicher dank em Schwäbischa Dialekt!
gsw-473c11113bd11b0446285455975cb39b	I schwätz, wie mir 's Maul gwachsa isch!
gsw-e525ebfa3d3a5a75b00962f8f0950fba	Mr muass koin Schwob sai, om mid mir befraindet zom sai, abr 's hilft ogmain.
gsw-9b31546259bdf873a513f3f375879288	Heitzomdaag isch's schwer, bleed zom sai – weil d' Konkurrenz so bruddal gross isch!
gsw-5050dfedab744e6683d992924be80529	Meh wia an Schwob koa dr Mensch ned werda.
gsw-d8ab7ad27a2909b17faa26e3014f7632	Drhoim isch do, wo du dain Ranza ned aizieha muasch.
gsw-36f85b48993c50ac0a47092b5d313de5	Endweder du häldsch dai Wort oder dai Gosch .
gsw-ea96ab1d01e5eef622b48f0ccfa7b145	Am scheenschda bisch, wenn de koim gfalla willsch.
gsw-0556c7b90cfac522b46e7c1a7720badc	Wer koine Fääler macht, macht wahrscheinlich gar nix!
gsw-769e806c276a4e2f4e2031a70a12ead4	Schwoba dirfed des!
gsw-353de87d2250be128ae78f80376ff7f8	Kaum machd mr's richdig, scho gohds!
gsw-dc708915792016cc9e6b77f5d0d912e2	Es gibt zwoi Arta von Menscha! Schwoba! Ond dia, dia gera Schwoba wäret!
gsw-86b3f55588503c681226b55715161da7	'S Ländle vermissa fühld sich wia Liebeskummer a.
gsw-0739f1e9f0a80039b154469bea2a643f	Kopf said Sport – Herz said Mauldäschla.
gsw-5e8869339b7aef84b1aa781f9d35e694	Wenn de Frischdügg am Bedd willsch, noa muasch en dr Kucha schlofa.
gsw-f2fcc4d06806c903ab28ee970303e624	I koa scho kocha, aber 's schmeggd hald koim.
gsw-231f0c13fdb3053df786294dca22cd78	Dr Honger dreibds nai.
gsw-abb8f2524fda5a0c9b63f3971dd199c5	Flädlesupp isch die beschde Medizin.
gsw-a2000091096c2888c4c57d84bec6f3bd	Au kaufde Schpätzla hend a Recht druff, gessa zom werda!
gsw-9ef999e5c83fab265d0d2965e7a4617e	En ra gscheida Floischbriah müssad meh Auga nausgugga wie nai.
gsw-3435dc2816337d14b55503b034b91e25	Manchmol will i oifach ned uffstanda – aber no fälld mir wieder ai, dass es heit Spätzle geit!
gsw-fb0c16a4fdbef5dd1cfef4eb00f75284	I han neilich drei Diäta gmachd – von oira alloi werd i ned satt!
gsw-486901c4275f8a5504f8ab3a4aa12def	Laut Forschung isch 12 die ideale Anzahl an Mauldascha am Dag.
gsw-a07f1109c04318224ef2962a1a59f72b	Satt hoißt jo ned, dass koine Spätzle meh naibasset.
gsw-ac3b69dc4f3ab6c5ff38215dd748ca71	A guade Soß ond an Bolla Floisch erweggad en mir Läbendsgeischdr.
gsw-a39fe43bdada2c6ca54342cec3f60ccf	Liabr dr Maga verrenka, als dem Wirt ebbes schenka.
gsw-776ed99493cc5131075ab287c114401a	Liabr z'viel essa als z'weng drenka.
gsw-a207c74e09f1090bbf44bf4791d3b830	I mach's bloß, weil du's bisch.
gsw-ca3f9408b8cd22b852d70ca428f536d2	„Kensch du die schwäbische Schorle?“ – „Obends a Fläschle Wein – morgens a Släschle Schbrudl.“
gsw-6279f0b135eb59bd8182d4e31e3d157a	Am Schwoba sai Schätzla send Lensa mid Spätzla.
gsw-b059df4b7c9706e71f0f013d4b8a40fd	„Drenkschd du dai Bierle aus 'm Glas odr aus dr Flasch?“ – „Aus 'm Kaschda!“
gsw-104b2071477e11deac1ab137e18d60d2	An kloiner Middagschlaf isch ogfähr so, als däd mr dr Daag mid Käs iberbagga!
gsw-993fff61bf5cf66629228f133bc43d77	Mr ko au ohne Alkohol luschdig sai – abr heit gang i liebr uff Nommer sicher.
gsw-28d94ff2b8ce689bea7d8715b76b7480	Wer beim Essa schwitzd ond beim Schaffa frierd, hod schdudiert!
gsw-6526b516909145f9c21c5d13deff5266	Mid mir isch heut ned guat Kirscha essa! Spätzla goht.
gsw-d249a77120b03130009ff7e7956caf78	Koin Roschdbroada isch au koi Lösung!
gsw-5edbf413161bb460e07695cdcbf7e3ca	Wer Spätzla mit Ketchup isst, hat d' Kontroll iber sai Läba vrlora.
gsw-0d742efed3a443a90c13bc298d2e1adc	„Schätzle, sag mir die drei magische Werder: Mauldascha send fertig!“
gsw-4b7cae4e2879b6eeb47a48dd20792d7c	Du bisch stark ond gross wäga Spätzla mid Soss.
gsw-f5c49dec14d411dd58a4bf6a57045e9b	Drei Sacha mach i mir ällaweil z' viel: Gedanka, Hoffnonga ond Spätzla.
gsw-e6327f755971cfbdf0620f0c6af7bc65	Was machsch denn du doa?
gsw-4fc231033e6d77ffce8d5aa2f13cfd14	Scho schlemm, wenn mr emmer vrbesserd wird.
gsw-b88e05ec80afe8e603314526991138ad	No guat, dass ma mi ned denka höra koa.
gsw-b4e004aa085850386182cb2966654e7b	Was moinschd? Kommt heit no Boschd?
gsw-d791ba794cdc1fa13c35db22ada1f04e	Älle schlofad, oiner schbricht, so was nennd ma onderricht.
gsw-bc6c1e142768276c29238cdcca5120f6	Was sagsch du als Obeteiligter eigentlich zom Thema Indelligenz?
gsw-b0c087f5ae9bc7205853c5505db3b8ed	I benn ned perfekt – aber als Schwob vrdammt noah droa!
gsw-66aa5bb78453327e4523309d0b8d87f9	Wenn d' Leit iber di schwätzad, machsch wahrscheinlich älles richdig!
gsw-9437107d22c2007d46765177f32d465e	Wenn Kender blärrad, bschdellad se no ebbes zom Essa!
gsw-10d4b134b10f9022f0dcd7b3c13acefd	'S Läba isch koin Schlotzer – abr au koi Gosch voll Reißnegl.
gsw-560cf3f7e29d0ec6a1a3bdce681e65d9	'S gibd nix Bessers als äbbes Guats.
gsw-0f2d2146deede33ec1bc894a9925828a	Kräht dr Goggl uff 'm Mischd, ändert sich's Wedder oder's bleibd, wies isch.
gsw-31dcb2a3983df6dedc28671313072d2f	Schaffa, schaffa, Häusle baua, noa Hond vrkaufa, selber bella.
gsw-a1dd58bf3a1f3be4fbc0ae88b2790caf	Wer schbäder kommd, hod frier Feierobend.
gsw-4877d2536db1e0d90ace20585c202cee	Wenn no älle wäred, wie i sai sodd!
gsw-00f775f3eb2f4aafa6f54340186e718e	Ned jeder, der a Lamp heba koa. isch a Leuchde.
gsw-279936d045125745da57d5f5c0c2d27f	No ned uffrega! Du kosch ned älle dod schlaga.
gsw-b9ec35f08b7e9cbdcd85de45118e3d7d	'S Leba koa so schee sai! Musch's nur geniessa!
gsw-35ee9b5879ab776b3b154d6c509edf04	Kurz mol gar nix denkd – zagg, gligglich!
gsw-14485ac48460c5a9b764260b43f594be	Bleed gschwätzd isch glei.
gsw-ff68e95e5aef7e8cb41dce8fa9a2ca6a	An Gscheider koa vom ma Domma lerna. Abr koin Dommer vom ma Gscheida.
gsw-1091c8ec10e82384357123521d0d3b0f	Wer uffrommd isch nur z' faul zom suacha.
gsw-19be07180ff2f8420800de42081dacf3	Mir roichts, wenn i woiß, dass i kennd, wenn i wedd.
gsw-0066aad18b47a0ae4014481ca7f3611f	Wenn de morgends uffwachsch ond's duad nix weh, bisch hee!
gsw-869979c0e699527131168a6aa7ce3ce6	Digge Ärm ond fedde Wada – du bisch guat zom Mischd ufflada.
gsw-13e021a9af888977e952830d64d1ef3b	Ned gschempfd isch gnuag globd.
gsw-67eadc72002bc1b7e45e34143de73a66	Mir gfalled scheene Leit! Ihr Ausseha isch mir do grad egal.
gsw-c4b348c7e94de43212a980ed77c53de6	Dr Haupdgrond fir Schdress isch dr dägliche Omgang mid Lombaseggl!
gsw-71333b3cb11172983fbc1e30e40769e3	'S Wichdigschde beim Eikauf isch, ned 's oigene Geld zom nemma.
gsw-a7025234711273041f35982e07405a13	Komm, mir schbialed „I fiahl ebbes, wa du ned fialschd“!
gsw-aa23cd61a6902e5dc6f74280b8202c47	Mir isch an ährlichr Deifl liabr als an scheinhailiger Engl.
gsw-a885077ce0fdf49a242b98e07701e848	I be ned erwachsa, i säh nur so aus.
gsw-6f43d5e5b78368eb956eae5398342c1a	Noch vierzeeh Däg Urlaub woiss mr, was wirklich wichdig isch em Läba. Urlaub!
gsw-8c998397b6eea1e08c9289c47f92133f	„Kennsch des, wenn ma am Wochaende meh gmacht hod, wia ma sich vorgnomma hod?“ – „I au ned!“
gsw-fcc872845570f99d905f5840c21a0699	Waas koa mr do no macha?
gsw-dca5dfecb6ba253c8f94082467c70022	Waas wird no älles bassiera?
gsw-305fa22e073e48fd28a72b2c443d11a2	Als d'r liebe Gott mi gschaffa hod, hod 'r gsait: „I woiss ned, wa bassierd, wird abr sicher luschdig!“
gsw-24704787cccfb1bd986df291d3986ebc	Nur weil de en dr Zug kotzd hosch, bisch no lang ned bahnbrechend.
gsw-cb4b07e5044a60be4c87ca2a505488f0	Heit hen mr gschaffd wia d' Bronnabutzer.
gsw-e6ea36c26568f0ccfdab326600c47c01	Heit isch dr Daag des Mitdenkens! No schad, dass 'n so wenig Leit mitfeira kennad.
gsw-7cb8e7eb097e25dd29a04e365dce1fe5	Oifach mol d' Gosch halda.
gsw-7a5d2c4f48866aafb71c31ef720cc8b5	En maira Hos' isch es Stoßband los.
gsw-469bcfec0a101c9b1bdb3841e497cd5c	Eigendlich han i heit viel vorghed! Jetzt han i hald morga viel vor!
gsw-fdc1a95cd7f6ce19351da61db0b77c02	Jedes Mol, wenn i ebbes kocha will, hör i mai Muader aus 250 Kilometer bruddla: „Ned mid am Messer en d' beschichdede Pfann!“
gsw-f7fe2a3a318a8b78bf60df2c5039a7d3	„Was hosch du zu Weihnachda griagt?“ – „An reachda Ranza!“
gsw-576867efae3a7317794cbd23e4b4df2d	Dees isch mir au scho amol bassierd.
gsw-576867efae3a7317794cbd23e4b4df2d	Dees isch mir au scho amol bassierd.
gsw-cc6ebc2e516c66c3ce0491a53abfae8e	I koa dees jetzt no net macha.
gsw-54427fab10fd9651777f3227a8d46971	„Babba, woisch des Deng zom Grombiera schäla?“ – „Dia isch ge aikaufa.“
gsw-698902eb4a9a06d8b7ee1b9aba5495b1	An Moa muass doa, was an Moa do muass! A Weib muass doa, was an Moa hed ned doa solla!
gsw-761dd7576f77e69a7a60105ac735a580	In ra Beziehong geits ällaweil oin, der reacht hod, ond oin Moa!
gsw-0eaeae1594ea0006d06a42c8114b7941	Tom ziagt d'Hoandbrems.
gsw-affd3991e062190503b424583494a4e6	'S Guate uff'm Dorf: Jeder kennd jeden. 'S Schlechte uff'm Dorf: Jeder kennd jedden.
gsw-97fe4145182f785c068ae7d43470ff15	Wenn Wirdaberg koiner mega däd, hätte mir's Bada ghoißa.
gsw-81c6e25fc0bcaf62c71300e8813c96d3	Dr Tom will sich ned ändra.
gsw-cfaa041730ae9b006e0910fccf9db837	Dr Tom will sich ned omziaga.
gsw-37e33122c79556097a353451156e7c08	Älles dees brauch i ned.
gsw-5176de7e557516e817f62bb8c6e80a91	Am beschda isch, wenn dai Meterschdab meh Bierla uffgmacht hod als Meter gmessa.
gsw-d83433e6df172300b831aacbbbc424ca	Es ko koi Zuafall sai, dass sich „Schwabe" uff „Gabe" reima duat.
gsw-e6246aef9ffcbbd3780c57722e5a8835	Mr muaß es ällaweil positiv säha: s'isch d'r ledschde Meedich vo dera Woch!
gsw-360e01e8c762b1fced1fbd494e8b7755	D' schwerschde Schbroch isch ällaweil no „Klartekschd“.
gsw-a9a97c7757530c43ed7e022fac4160b3	Bessr zom sei als die Schwoba ischd wia Wagglpudding an d' Wand nagla. Mr ko's vrsuacha, aber s' isch aussichtslos.
gsw-82c738498c51ea01b443ed9587bafcfc	A schees Mädle heiroda, wo nix hat, isch wia aus ra Schissl fressa, wo nix denna isch.
gsw-eccfceefb85badc2c78ee46ee2c5b2f1	Schwob sai isch es Schönschde, was oim bassiera koa!
gsw-33213098a551a16f5c537813de870abe	Du bisch koin Seggl – aber so wie du sehad se aus!
gsw-458f0f5f4bf84707b39dfc7242d10fd4	S' bleibd äbbes Bitters zrugg.
gsw-6bb0679fbdd8e72afde9997a0c80f6a0	Was geits Bessres als a Mauldasch? Zwoi Mauldascha!
gsw-8f4ce75b529fef709b6e06707c54f191	Seit zwoi Wocha mach i Diät ond *s oinzige, was i vrlora han, send zwoi Wocha!
gsw-7a48e400e56b5bf446a24c2ff0d469b8	Egal wie viel Spätzla du essa duaschd, d' Schua basset emmer.
gsw-21b3bcdf4d8a9bfc0c77bf572d369588	Spätzla send bloß schädlich, wenn d'r an Zehn-Kilo-Sack uff dr Koopf fälld.
gsw-ae904b24f0d118b869680e24cd492f37	I han's mr ned rausgsuachd, an Schwob zom sai! I han oifach bruddal Gligg ghed!
gsw-eb46968a15d395f3ff8d69553ff0bbfe	Zwoi Sacha, dia i ällaweil will: 1. Abnemma. 2. Essa!
gsw-226fc3b7e48e7d9c7862bc9ea1986144	„Wia hoißt des Zaubrwörtle?“ – „Bidde!“
gsw-2e14cb640b642e477c5a3916c6704af5	Geld alloi machd ned glügglich – ma muass sich scho Mauldascha davo kaufa.
gsw-3e841e585ad56ffb26f1dcf597fae91c	Damid s' Essa richdig guat schmeggd, muass es endwedr saumäßig deier sai oder omasonschd!
gsw-1b99442017d77108c272d9ab55962e04	Ällaweil dia neidische Bligge em Fiddness-Schdudio! Sollad se sich hald ihre oigene Mauldascha midbrenga!
gsw-eb94d917edb5f54c49a1d6d40274be91	Wichdig isch, dass d' emmer ebber hosch, der em entscheidenden Moment noachschenggd!
gsw-7ddc0a856419a5f3302a8a9c5a1ed576	„Klopf, klopf"“ – „Wer isch doa?“ – „Die Liebe deines Lebens.“ – „Liag mi ned oa, Sbätzla kennad ned schwätza.“
gsw-82077194acc5b310e737933b0d0f6ca0	„I ernähr mi bewussd!“ – „Du isch grad a Kilo Roschdbroda.“ – „Jo, ond dees isch mir absolud bewussd!“
gsw-561e54dfce7da8e1e7a952d5516d2681	I hab geschdern drvo draimt, dass i Mauldascha ess – heit han i mir oine gmacht, läb daine Draim!
gsw-157795f498743bad5e74c11931a4cee0	Oser Fabrig hot a Aschlussglois.
gsw-7b70a98aca876c0184a14d1163fcbdb3	Kennsch den Moment, wenn de oifach mol koi Luschd uff Spätzla hosch? I au ned!
gsw-2c57094ebaf3c80c2a38c2631a605cc8	Manchmol wär i gern denner – aber no fälld mir wieder ei, wia granadamäßig guat Spätzla mis Soß schmeggad.
gsw-ce5c1dd9f48810ce646de5be296e4d50	Liebe isch, wenn de aussiehsch wia an Sagg Grombiera, aber oguggd wirsch wie hoisse Pommes.
gsw-6955b99e861da5914a735c2e32b392d0	Koin Roschdbroada isch au koi Lösong.
gsw-e05b531b4118fcb00e5667723a1eddca	„Was misst an Partner in die Bezieong aibrenga, dass er zu eahne basst?“ – „Spätzla!“
gsw-e6cc424961147924c8eea8e352a0f13f	Manchmol fühld sich mei Läba wie an Teschd oa, fir den i ned glernd han.
gsw-c5dd5c98ae4c4973a6e37b85e4460512	Warom i so guat mit d'r Moinung von andra Leit klarkomm? I hör eane oifach ned zua!
gsw-2f34e5b77871b55abef928dc11701725	I han denkt, dass dr Maria dui Art von Musik gfelld.
gsw-bd8a797ec31be7818c1277b83fc53e96	Em Hemml geits koi Bier, drom drenket dens mir hier.
gsw-4bb9c374d8ad633335a09daf271ee90f	Ihr hends ächt guat, ihr hend mi.
gsw-2f3e3aca78b36c983b10cbe017291dee	Au Wassr wird zom edla Tropfa, mischd mr es mit Malz ond Hopfa.
gsw-a485f975a1bbb8a1301d826516fb5b5f	Wenn a Schraub logger isch, hod's Läba wenigschdens a weng Schbiel.
gsw-c322e45d3532aef33d6c8bd18d970c72	Nia vrgessa: sechs Bier send a Essa!
gsw-9676fe5e9cc09ce1603ab01d5cc5baad	Ab ma gwissa Alder hoißd Gligg, en an Raum zom komma ond no wissa, wa ma wella hod.
gsw-677426f356061536a6380502826541e6	Worom deant ihr ned saŭbermaĉa?
gsw-a89da9cbd3d3a5082489acaaaa0fcf5b	I mach Kucha saŭber.
gsw-e3d410bb6b977a4475d259b36f0dc5e3	A verschiddets Wasser kosch nemme uffheba.
gsw-36a26650efa1fd8e3134e6a43412b0fd	Bua, such dr a große Frau. A kloine frissd grad so viel, aber langed nirgends nuff.
gsw-78f6d91155cac7e9f0406ab03927d011	Heit nemme ond morga ned glei.
gsw-5287379bd3825d0793f05604c915a170	Bevor i mi uffreg, isch's mir liebr egal.
gsw-66ce14a333f3f84cf8a127b1395b0db5	Wenn dir eber ebbes schenka will, no nemm's. Fortschmeissa kosch's ällaweil no.
gsw-cd457a40a8ab49275796f193137978ee	Des gohd wies Katza macha.
gsw-eee9e4d03363a88fabd8ac7bd1c11e79	Der hod meh Dregg am Schdecka als Hoor uff 'm Grend.
gsw-29ebcedcbce6b3327d2047918501c6c2	A schees Gsichd brauchd Blatz.
gsw-0360fe3c726c88bbab94b8961b023359	No ned hudla.
gsw-70ebc034361f653a3012d6faaca0df6d	Vorm Schwätza s' Denka ned vrgessa.
gsw-a9df5dd992dea4dd3682ff6c627a0cad	Marie isch alloi.
gsw-d837409338370b1bdc827ada5019fbe3	Worom isch Marie alloi?
gsw-90d26eca9640442348736b46e82432df	Menner werdad domm ohne Fraua und Fraua welkad ohne Menner.
gsw-4cd9a88f49d8e6f07039459244464f9a	„Wolldesch du ned uffschdanda?“ – „Schdemmd. I wolld ned uffschdanda!“
gsw-cc2e3920f52b4f95dadfc67a66288baf	Bei mir laufad d' Däg ällaweil falschrom. I wach miad uff ond gang fit ens Bedd!
gsw-30d6ca5b8ef0d22559112251cbd6b76a	'S isch no kois denna blieba.
gsw-be224fbb5d20de9a08e8e8e40a140806	Was hod d' Muader ällawei gsait?: „Kommsch bald hoim, wenns donkel wird.“
gsw-bf9e1f48cffa94cca0e2e0c7e41a074c	Mir send hier ned bei „Deitschland suacht 's Middlmaß“.
gsw-45741e1a9bad47beb299d690c0d73cbc	Frier war älles leichder. I zom Beispiel.
gsw-e3701259e732cbe316a54d955d459ed9	Was hend Gold ond Hai gemeinsam? Dia onendliche Suacha noch dr Mehrzahl.
gsw-b8fe341353d7a896a00d70cb6ac730ef	Wenn mr ebbes ondr dr Hoad kaufd, isch 'd Härkonfd obekannd.
gsw-875782eea5afbcc1fb6c6b3261661e74	I benn z'alt fir den Scheiß.
gsw-c5a97ab0601a53d7dedb90dfd0600aa6	Dees hoißt ma Fordschridd – kaum hådd ma sich dia Delefonnommra gmerkt, no werdad se omgschdelld.
gsw-da6f8006d78527cf2acec26f0c88e000	Håsch du ihr neies Kloid gsäa?
gsw-b8db321089c7a10d32da0ad22d4c4b14	Hend Se ihr neies Kloid gsäa?
gsw-12ec99aa359182b2603aa84093a6a9fe	Eara Dogg isch vom a Auto ibrfahra worra.
gsw-da3b1d1a7847662207157bc6559f366e	Steer se ned, wenn se schlåfd.
gsw-75d992cbb672958a05f9013b895740af	Wenn driffschd du daine Konda?
gsw-e1518f8a360af548b6643444f8bf56af	Dem gåht dr Soifasiadr uff.
gsw-40a33b5fc65c336f76a0d6db7be1a0b8	Der lachat bloß em Keller, wo's neamrd sieht.
gsw-db46e462cdbff34459036094b894bc68	A hausigs Weib isch d' beschde Schbarkass'.
gsw-c8462530829fdb5e75a16c895fe1b391	So wi i Wurschd sag, fangat glei maine Gschmagsknoschba a zom blia.
gsw-bfb46f72def4d64c833f52498f6bf7dc	Mir soddat dia Zukonft do lassa, wo se isch: en dr Zukonft.
gsw-9ecfb27327748f40367cb45c3152ff81	Schnaufa isch wichdig, älles andre hod Zeit.
gsw-85fe2ee187681fae26af218e831d44c6	Die moischde Hemmonga werdad ons durch 'd Erzieong åzichdad.
gsw-1ba4acf0fd9623bb78877725c3e351c6	Domm bleibt domm – då helfad koine Pillå. Au Aschpirin vrsaagt.
gsw-d663b251f4ea98b742760f080b2c577c	Ooo, s'rägnåt scho wiedr!
gsw-0193d8a1fe71c35c59c7a90a42fcefda	Wo isch dia Braudjongfr?
gsw-b7ef63d666394cf29da5e43d44877e43	S'isch wiklich mai Haus.
gsw-8db875ea2a87e997546f97cc1c3d587a	Kenderlacha duat der drauriga Sääle guad.
gsw-5b0c0c7b457e60610361c5a785cb52f4	Mir hend so laud gsonga, wia mr kennå hend.
gsw-a02c4b5b843809e88a42eeded3248de2	Mir send so schnell gloffa, wia mr kend hend.
gsw-8cc07b0699e5a98120eda44c295d5fb4	En dr Schual lernå mir läså ond schreibå
gsw-1e3ed763de4b241c6eab53f0c1e819e5	Mir hend ibr onsre Zukonftspläne gschwätzt.
gsw-180313cddf41111d80f8d176c3aca6a2	Heit gild jeder Autofahrer an Rassischd, wenn'r rechts abbiagt.
gsw-b9a84ebc47bbae010e817a424abd69f0	Des ganze Joor hod vier Kender, sie hoißet Frieling, Sommr, Herbschd ond Wender.
gsw-e60e4bef3bc5c0f19a44b51f4ef46c18	Em Frieleng kommad Zugvegl zrigg ond zwidschered vo earåm Liebesgligg.
gsw-864ca45558aaaf6024ba9d32c4f0dfe6	I benn beim Tom guat ågsĉriebå.
gsw-253db36edad19c3b997f71466377dcda	Dees kommd mir wia grufå.
gsw-24e25850f8c7fef0a38d246272c91d38	Tom ståht mid oim Fuaß em Grab.
gsw-aea05037fd3a6bf314f4a826665c522d	I seh es ond halt's Maul.
gsw-f7aa039fe9b5b576427d83158b622343	Maria will emmer d' erschde Geig spielå
gsw-adb61490af9fa51d0f275818a7da0cc2	Tom hodd d'Rechnong ohne då Wird gmacht.
gsw-ef10d89b9da301a1eefe8d915c8f55ad	Alloi macht Bergschdeigå koin Spaß.
gsw-6e2ed93c05669c72e7a09867596c3c35	D' Marie isch ganz schee arogand.
gsw-c230f7359dc1f5d2dbae7c87aa14debe	Vor Gericht muass mr diå pure Woorheid sagå.
gsw-bc75962ff186f6206ee3ad7bb97dc5bf	Wie kå mr d'Stemm vo saim Gwisså ondrdriggå?
gsw-be547f51c0785db5f467df2c95d37371	Mir gäbed Hilfe zom Selberhelfå
gsw-b757047117ff0cdba1688b77c0a019c5	I benn en Rente.
gsw-52b06f25e5e7e106669ee4532213e8e0	Send mir heit bessr als geschdern ond morga bessr als heit?
gsw-453c4f19336e74b6d253427ee83875ad	Wella isch wiå kennå, bloß faulr.
gsw-72192b7cb06daa9dd8af188eff9a13f9	Du bisch meeh als di somm vo daine Wörter.
gsw-35064305a7afa0794b1f3111a804d252	Dees Dåfir ond Dågegå abschädzå isch erschd då erschde Schridd.
gsw-530435af7b2eacff698b0055a05c3542	Dor Beddler isch zrlombd gwä.
gsw-ed41997fa203874724bf006be5314c2f	Dia Aibrecher send middå am Dag kommå.
gsw-94615893581754b301b56fe8b55c1b9a	Tom isch am Soil naufgleddert.
gsw-c6b84d7c34126e2461e475d742ecbce1	Morgå isch dr 20. Okdobr.
gsw-7236e5df5558fde33053937a4b85a47b	Tom isch viel älder wie sai Weib.
gsw-b9a5a8be6685c8719bc661c3233d8aa9	Dr kranke Kerpr frait sich iber an xondå Geischd.
gsw-cce9956a80760a08679f602f2379c704	Was fir oin Senn älles hod, lernschd erschd hentrhär odr au niemols.
gsw-b8dff2cb001ace7277d977ced2223320	Viele Menscha werdåd woich, wenn's hard uff hard gåd.
gsw-2fff4e13573a7be7e66dff1671384619	Des greschde Broblem von dr kinschdlichå Entelligenz isch: Du kåschd ära koi Angschd machå!
gsw-ef791c1ba738c6f1d626a86e45ea386f	Worom hilfd eane koiner?
gsw-f27e53823cb43ac7d869cc0e4eef2337	Är isch von dr Bolizei vrhafded worda.
gsw-e00a6f6db3158dcf105fc6f21f051438	Hoimet isch då, wo die Sääle dahoim isch.
gsw-81f7964b929a8a0b84a985ae48892ad7	Au dees beschde Ondrnemå hod als kloinå Idee ågfangå.
gsw-25582fcd2675e223661b65a4e87aee31	I han die Aitriddskartä vorhär kaufd.
gsw-163cf77e466a7a6cf86a0024d18a0189	Ziag dia Schraub å!
gsw-5bf8f352a7b0da894a4fd68fe325dad2	Dees isch å Schbiel zu zwoit.
gsw-efa5a5c7109c3775edc576ccec3e6bb8	Wenn du mir hilfschd, gåht älles guad.
gsw-3de532be40461275eeef33a77a7ae37b	I hann nix gegå grubbåsex, wenn di grubbe å Må ond å Frau isch.
gsw-f821f09566d78702ca70197f05a984bc	I will dai drhoim säå
gsw-498c4d66e14b9a74566309ca19b13740	I bee gärå an dainer Seit.
gsw-587da45e57a511beb6a7e44040e03ab5	Ziag dir daine Stiefl å ond hol Brennholz ausm Waald.
gsw-965bcdcfe2f8e13f3306dc21b1ff14b5	A ährliches Brodukt braucht an ählichn Vrkaifr.
gsw-79e26fc6e77c5f01fb029f45cb6efa71	Mr sodd scho dia Reise åtreta, damid mr woiß, wo's nå gåd.
gsw-1938d72ff8da7ec44df2660bf860888c	Guade Ideå hådd ma oft en åguade Zeidå.
gsw-7ceae5105d4a5c9971f6166dbff0c2fd	Des Kend isch z'leichd åzogå.
gsw-4b8c7f5af3ee1e42989e522a49678886	Des send fempf weniger wia i zäld han.
gsw-8260bc56cfb6660f03bf507d166169a3	Mir missad å Endscheidong dreffå, aber glei!
gsw-5a526dfa9930235515039cfe5affb212	I han å Lischde gschriebå, was du em Lada kaufå soddeschd.
gsw-5ff4df240044f786ffcceb489ee40ba2	Guck aus'm Fenschdr, aber glei!
gsw-3edec0ffba53e5ed75dbc991d1115971	I woiß, du kåsch meh! Mach meh aus dir!
gsw-7d53c18c3c237ff10947ebbe17365428	I koå da Wagå ned selber ganz machå.
gsw-be85b5d871270f14ecb8447feefd9319	Lenge hod nix mid Diefe zom do, Dauer nix mid Indensität.
gsw-51129faeae4198f22e40bb32f40f1383	Wer durch d'Helle gangå isch, hod vie Feier en sich drenn.
gsw-04b18ed4e2e3262ce00bb913af36963a	Tom muass saine Fählr aigschdeå.
gsw-51aa0b6896484add29279b2b88839e6a	S'isch meglich, dass i mai ganzes Läbå em Gfengnis sai muass.
gsw-f98cec2e0f5862d1a0313de4873e2fb8	Sag eånå, i komm wiedr.
gsw-e8457ce361ea781d9c0b7ac302aadbe3	I heer zuå, abr i heer nix.
gsw-0a869137e950722db3322c0494159352	Send Siå uff dem Foto?
gsw-f1ebb86e311589abec51049efcb4cb69	Waarscheinlich hod Tom d'Wooret gsaid.
gsw-bbfd8cf04e0dc7105511d77be438b181	Då gotzige Platz isch nebam Tom gwä.
gsw-fa49f8c98d292ceb85a0672658f42840	Send Grokodiele en dem Fluss?
gsw-4006c06f5da2eee312b5e1128aea85ff	Tom hod då Nåma dr Maria em Delefobuach gsuåchd.
gsw-522ebad66d4ad8ca6a22e1c9a858682f	Tom hos sainen Roman uff ra aldå Schreibmaschinå dippd.
gsw-c3853bdeca112be73d2bbb28694173ff	Des war dr beschde Tee von dene, wo dr Tom bisher drongå hod.
gsw-234ad75fe2136cab4a2c5a03098cca55	Tom håd dr Maria s'Fristick ans Bett brochd.
gsw-bbeec90e2832a56fc4e10f647285a6b3	Tom isch mit saim Auto en sai Birro en dr Stadt gfahrå.
gsw-8691c24081a214c6dc45ff5e5cd87ed7	Tom hod d'Morgåzeidong gläså.
gsw-09ee375d489defb6677833b61976e4a4	Maria isch vorbeikommå ond hat Tom gholfå.
gsw-566fb1032b662fa59ae00f2949d408ae	Du bischd ned där, deen du glaubschd zo sai, sondern där, den andre sähåd en dir.
gsw-eaf93f73a49f390bc194427557fa919a	Dees muåss gfeierd werdå.
gsw-45ae229122c0828683f6126ec433d827	Tom isch beim Augåarzt gwä.
gsw-fff78978fcd4fd558a1ab2054770a285	Mir wärdåd di ned vrgässå.
gsw-7a61c0642b80958ee946e2c9f6dcaa8a	Was nitzt die beschde Bildong, wenn es am xondå Menschåvrschdand fähld?
gsw-8778677b5bd04175103c9a81159b0ee6	Ald sai isch koi Broblem, abr es isch å Broblem, wemmer ald aussied.
gsw-bd5465eadfda94636af35b0fe89e2331	Maine Kender ässåd am libschdå Schbätzlå mid Soos.
gsw-a23110c947aa553bb9e1dd45bda8f120	I hann des Buåch emmer wiedr gläså.
gsw-3d9ab2863a355064803bbb7fdacfce02	Tom schwätzt Franzesisch bloß drhoim.
gsw-08026edfdb17ef6db53a5d899ee2b9af	Tom hod å kriminälle Vrgangåhaid.
gsw-bc0ac35cce7afdc0100f75cca0fa7d8e	Duschå zu zwoid isch au å Fraid.
gsw-291ec681ddb78aee9608c0bbcf07eeac	Mr duåd, was mr koå.
gsw-c6427398e0343f57bcff499cb179bb91	I ward jetzt scho oi Stond uff då Bus.
gsw-595670c7394ff22052f38aeae20f7678	Siå hädded ned so schnell uffgäbå sollå.
gsw-349ee495e05a0af0757fdb072a3509cd	I han ondr am Baum Schutz gsuåchd.
gsw-32b227d6ed7357b27155d3c1119d818f	Gibds andre Meglichkaitå?
gsw-483a297b144a88f0a51a7391daaa8569	Iber dees schwätz i später mid Tom.
gsw-b00fc9c60c8951f54617a37fe9d70d23	I hoff, dass du endlich äbbes gfondå håsch.
gsw-8b3118252d94e6bc8746e6c427d1c48b	Mr sodd die Hoffnung niå aufgäbå.
gsw-a55936589889898a22b922624b8ea2a3	Was fir Waffå hend se ghett?
gsw-51001bf9dc3a1f36fec9b524d65d9bc4	I hoff, dass es heit et regnåd.
gsw-4034e99414f8fb45c27d85044731fc0b	Dai Nåchrichd isch fordgschiggd wordå.
gsw-bb619d42e4104b0efacf34d435834710	Turischdå send om den Geysir romgschdanda ond henn domm guggd.
gsw-39ea85263c46f0abebd748b5ba876027	Sie hod emmer a Buåch dåbei.
gsw-bad3b4afe5edcb78010517e2b2e15709	Dees han i fai sälbr kochd.
gsw-8a6858c16acc415a3f100b19406e214c	Kender, bis jedzd hemm mr Glick ghett. Driggad Daumå, dass es so weidergohd.
gsw-d5d17d4fc5016935a0d7d3e0c51654b9	Se ässåd kaum Floisch.
gsw-ba63396cc6aa3dbe2fe9bcc9bf1c7d93	S'isch ledschde Woch' bassiert.
gsw-b3ff8b434c1ea06267b3609d23f84f05	I koå nix sagå.
gsw-f924716ffc393473a8efbefdc59663ea	Der Hond isch fortgloffå.
gsw-49075e9f85ba12d7b3ee173d8a8befa0	Mr muass die Fildr dauschå.
gsw-c574507695dd0dad0e8faf0fcd8d6753	I kennd då Tom niå ersetzå.
gsw-d7813611cabac8876baae9da78e211ee	Tom håd aufm Kenn a Narb.
gsw-d3bb0c0483ff35dd58e1f6e3e210f7da	Worom kommschd du ned mid mir aikaufå?
gsw-17b846a613a7ea9658cd609e4bd381c4	I han mr denkt, neåmerd isch en dr Kuchå.
gsw-94152d66245a17f8f2599172fab6f899	Denglåd ned so!
gsw-dc44edbcbeac9a3cae9e28c8b051eab3	Wa fir å omeglichå gschuggåde!
gsw-f35cd8ef1948f2628b4c4766f0eea957	Tom håd alloi läbå wellå.
gsw-58cb70113d86d1fdc2bef6715c88a84f	S'isch ned so gloffå, wiå i's blånd han.
gsw-b6abf847c33182c5d2b450e103bf322d	Wieviel Aiwohnr hod Frankreich?
gsw-5adf0de2a48bc7ffc4abdaf6a20fa5f8	Se hend oi Jåår uff diå Raise gschbard.
gsw-9acdd67c42ac4d024b8f460ef19349e3	Bisch du an guådr Schachschbielor?
gsw-dac1f8278c00d9bed5f536a6a289b607	Sie hof ihr Audo vrkaufå miåså.
gsw-2e6fdfa1dd9b13e701b7d428d170c575	Tom spield Drompet.
gsw-dfac0c80bc4fc04c1f23a3d0d6c161a4	Wofiår send die Pedale vom Klavier?
gsw-020de1bf63ee52401a8e6641143745a2	Tom hod sich scho wochålang brepariert.
gsw-4655224328d375969e51d27e899d4e3a	Beim Tom dåhaim geits å gehaimå Kammr.
gsw-a7e1fe90aa7803b6daf364dc26e470ad	Dees isch å kenschdlichr Diamand.
gsw-1da396d7db6c3516a6d8a9c0e13815ed	Tom håd a Loch en d'Wååd bohrd ond å Wassrlaidong droffå.
gsw-0ecf2892e128c4fe98bbfe0ed5cbcb70	I däd mir wenscha, dass mai Familie so glicklich wär wie daine.
gsw-82c64aab47fd1db00d216322bd116546	Tom macht sich emmer luschdig ibr mi.
gsw-d49eb3883dbe634187039528adadcec4	Em Zemmer wars kuånaachd.
gsw-fa0ebd894d48d7dee6a884afcdd30dab	Willsch du ibrhaupt ned wisså, wiå s'isch?
gsw-46116e270369f06bf4dbad4deed072fe	Etz kommåd diå luschdige dääg.
gsw-b55606eec7b251bcadfec372112ffa12	Wo håd er Esperanto glernd?
gsw-4327ccf8ce00e8cdd1e18458e375d067	Maria muåss no ellerhand ärledigå.
gsw-d5ee3f3fdd318bb28f1ded2fad81ffd9	I woiß nemme, was i geschdern Obend gesså han.
gsw-a769abe58c5ff59dcb6d7ae3307748b7	I will jo ned ågäbå, abr es schdemmd!
gsw-c6d40d952343a207fdd9e12f5cd9ab61	Ihr soddåd an Åwald nehmå.
gsw-efdae8c60fa1115250101f6b2ecf4cf5	Tom isch å bissle nerwees.
gsw-10b85cb239ce60ceba32954f214f5899	Du bischd mir oiner!
gsw-d7c42a5f99d909c278b695fea825e9ad	Due äbbes Salz dorzuå.
gsw-09e7297225a0c79f1343bb7c8563f59a	Neigier isch schdärger als Angschd.
gsw-5ef366749b59ce8bbf0662c074245cb2	Du soddeschd ehm soford hälfå.
gsw-5e4320c4372a788694a04c900e981a3a	Sisch du main Hond?
gsw-adc82d8a83d6c2231f582941b3fbfd19	En wellem Jår isch diå Schuål baud wordå?
gsw-c7da9a8488280bd45de7448215c9dbe5	Håsch du scho dai Teschtamend gschriebå?
gsw-46f43c89ec7e35b9a0580269949eb765	Tom hod sai teschtamend gschriebå.
gsw-5c922fb29d62c06994ced2b85416fa9d	Maria hod a Halskeddå tragå
gsw-e01d1c89ab24dd26fd4f5eed6d8937bb	I will ned ihre Fählor nomål machå.
gsw-fd38bf7adbf095329ccfddf42cfe8fa6	I kenn ihrån Vaddr.
gsw-bb5827349a27e36f53d824a4cf7a9c94	Tom arbeided en ra Schäferei.
gsw-8376203229a06d96b2faaf7c511b9d8e	Ond se håt an saener Fuaßnat gschlåfa, bis an da Môrga. Nå isch se aufgschdanda no vôr am Dag, dass mr no neamerd richtig gseha håt. Ond r hôt denkt: Hoffentlich håt neamerd gseha, dass dui Frao auf d Tenne komma ischd.
gsw-36531b9afee19f48b17fb016ee3ed79f	I brauch koin Rägåschirm, s'nieselet jô bloß.
gsw-5f266f0c8813e39cc3e78345f28ddb00	I schlôf normalerweis ned so viel.
gsw-483a50ace517d039f7f8048373183099	I glaub, å Schbio isch onder ons.
gsw-5b7926ec46e00251cefbeb881a7d9bea	Ond d'Nåchberna hent an Nåma ausgruafa ond gsaed: A Soh ischd gebora für d Noomi! Ond se hent saen Nåma gruafa: Obed. Des ischd dr Vadr vom Isai, am (König) David sae Vadr.
gsw-cd7c9b8a599d44c89b68d190fdcbbe84	Ond d Noomi håt des Kend gnomma ond ra s an Brust glegt ond ischd sae Pflegere wôra.
gsw-0d70b8cd115ea4139494ac37c605d57e	Dees isch ons au beinô bassiert.
gsw-a41932e31b64d2239023962f403d0c7c	Ässat dia Deitsche viel Schwainefloisch?
gsw-0aface9dfa4aa7e7cbf50b26d169c47d	Also streck i mae Håd naus ond schlag dia Ägypter mit älle maene Wonder, môn i sell doa will, nå läßt r euch frei.
gsw-e6c011b5f4b15debf762cd4513a80831	Mir wissåd, was ihr geschdern ôbåd do hend.
gsw-9122d6e542ccb6bd95344f5034fc6a0b	Bidde mach ebbes dôgegå!
gsw-e64b8e3dc7245b0ed8fb07eb161b61c5	I sôrg ao drfür, dass des Volk en de Aoga von de Ägypter guat ågseha ischd, ond wann r nå gangat, dass r nå et mit leere Händ von sell fort müaßet. Jeda Frau kå von ihrer Nåchbere und von ihrer Hausfrau Silber- ond Goldschmuck ond Klôeder vrlanga. Des gebat r eure Söh ond Töchter, so dent r d Ägypter ausplündera.
gsw-85f487d32ea4915c26d050cbc459700b	Älle hend uff da Dod von dem Aldå gwarded, der ned stärba hod wellå.
gsw-313ed64ff3d3fd294c91797b8bf344bb	I han heit ogfähr drei Litr Wassr dronkå.
gsw-4ade1ae0ccebd018c7da1464c31064f0	S' isch schad, dass dr Tom kaum franzesisch vrstôht.
gsw-5bae8ff5fdb2dab6cd57b0480c6ad4b4	Desmôl gang i dir ned aŭf då Laim!
gsw-a9e4ffc0076d8c0e07c6b394ee6768bd	Se hôd koi Arbet ghett, koin Fraind, koi Gäld ond koi Wohnung.
gsw-172377988e8080ca01b15822e8afaa26	Du hôsch di schwär vrändord, seid i di kennåglernd han.
gsw-8cd035bbad121a15672e5941982e146b	Dr Wend hod då Staub vom Balkô fordblôså.
gsw-25f5d2019a28ac43a993195e501b50a7	Außr mir sen älle en kloine Grubbå vo Fraind zammågschdandå.
gsw-6552e1c01bb673472b3a44b52bd863c5	Mir hend heit koi Zeit fir ebbes andres.
gsw-b7ce431b791779a438bca7cda207d41c	I lass mi ned so gärn ondrbrechå.
gsw-0f3bea083451ef8a840aca3d4ac1979d	Mir send scho seit 2013 dô.
gsw-46a1bcb86998784cbcaf9972065eb136	Schwätz ned so domm dåhär!
gsw-0507760c0e0ba118c141fa7041ba8d9d	Geld isch nix, abr viel Geld isch ebbes anders.
gsw-dda21a144c06eed08209367c0638a3dc	Näemerd hôd Schweinkottlets bschdelld.
gsw-40ff6fd36d8698fa44177708d521c9f3	Chamäleô kennåd ihre Farb wexlå.
gsw-27d1973538d3d86ac33de98fc8a4881c	Wenn mr zu viel Zucker em Bluad hôd, hoißt mr dees Diabetes.
gsw-69cdbb47583caafd8ee9512b89e4d423	Komm ond hilf!
gsw-bd8b4d86822a94c3d138a362ec605925	Wenn*s oms Gäld gôd, hod jedr dia gleichå Religiô.
gsw-7310a36bc702db8a39fa8a909976d0e0	Send ned so schdreng mid em!
gsw-673d4dd392e066500e98cbac92b6cd89	Uff dem Disch isch å digge Schdaubschicht gwä.
gsw-6f71c772b6849e67c3bae78151ef9491	Tom isch em a katholischå Haus uffgwachså.
gsw-78c704c0e7ccd5531c7164111325b257	Heirôte Se ned wegam Geld. Se kennet es ginschdigr leia.
gsw-e28cc1590e6748301b86aec6505f27a9	Mr kå ned erkennå, wiå kuurz a Monat isch, bis mr Alimende zahlå muass.
gsw-a4f32707125a3588aac29328a9553d43	Ruh de aus! Morgå isch au å Dag, ond dann machåd mir weidr.
gsw-94b4febee507ce1368abf009703dd871	I ben en eire Dochdr vrliåbd.
gsw-ad739211396cd31967fb7075b2f5d4e5	I han denkd, so wärs leichdr.
gsw-5ea654eda215c74c141556f706392543	Neamrd kennd da Tom so guåd wiån i.
gsw-92d3e6857fa3bf6569ba22530c7760f6	I ben vo dainer Erbet beeindruggd.
gsw-f710b9beacfbff2bb7980f7e1295bbfb	An aldr Må hôd em Park schinesisĉes Schaddaboxå gmachd.
gsw-ef396875a7a90205d5126e649ac3352b	I môg eigendlich Geld ned, abr s beruhigt maine Nervå.
gsw-69da4013267c5a8a27b533e3b86cd525	Der Hagel håt ällas zsemaghaoa, was aufm Feld draußa gwea ischd, Menscha, Vieh ond ällas Gwächs. Sogar Baem send zsemakracht.
gsw-35b656f33f05234088a1f0b380c39e60	Grad bevor r zsammåbrochå isch, hod Tom gsagd, dass s em guad gôd.
gsw-39259acbf2369e2103f3b4162cda0e50	Tom håd sai Wischkäschtle rausghold, om a Foto zom måchå.
gsw-e705c28f88730f11fffa94655cba51a3	Tom hôd hardkochde Oier gässä
gsw-5893ff58594e51fb2c16c38ee7043558	Tom hôd sai Frau Maria vrmissd.
gsw-e0b1af184f0a613e6eacd665e5ed44e5	Tom wär ä guedr Vaddr.
gsw-47ef5bcdc586f2fc15e6361edf01c714	D Strôf muass zom Vrbrechä bassä.
gsw-91407b207831bca0be3a5d1b73ab3f97	I môg älles, was siå kochd.
gsw-57391eccc15b1c172dbf58b0f8373497	Ao daene Häuser ond daene Leut ihre Häuser send nô voler Haeschrecka. So ebbes hentt daene Väder ond Großväder bis haet no et gseha, so weit se zrickdenka könnat en dem Land dähannä. Nä hät sich dr Mose romdreht ond hät da Pharao standa lassa.
gsw-f45fbd2db7f66e6f58dc0a65145050d7	Om å Hoar hett dr Tom an Ofall baut.
gsw-3af5b03d4e1ad1e1b260d52019b9b923	Å Voråmeldog isch et needig.
gsw-f45fbd2db7f66e6f58dc0a65145050d7	Om å Hoar hett dr Tom an Ofall baut.
gsw-4aafb0d4945f5e15389248bad164bca7	I hald dees nemmr lengr meh aus!
gsw-1097d24d019cacb876868ee68c9c0c4d	I gang zu mainrä Muadr zrugg!
gsw-94cc340cd6f92fad7a300ba16113e08b	Tom woiß, dass r dailweis Schuld hôd.
gsw-5b6e84a61366207049b20c41a1b507ca	Wenn å Mô an vollå Maga hôd, isch's egal, ob r reich odr arm isch.
gsw-001f2a55aff4d5ec6cbd12322d6c955c	Koiner isch fählerlos.
gsw-abc84b7b0c295ed4b897e1591a6b0f76	Des geit a Gschrôe nô en ganz Ägypten, wia mr no koes ghört hôt ond au nemme hört.
gsw-5265a6180bb15553bddb2240ccb1a84d	Der Schbieler, der die heggschde Karte nôlegt, macht dä Schdich.
gsw-0b6167ca6d9e358e3f24232943f0580f	Send dees daine Elträ?
gsw-76b2783c3516fecc606378cb6e1d3398	Dr Näbl hôd se vrschluggd, bloß eäne Sdemmä hôd mä herä kennä.
gsw-981dec7d81fb4571402b1ee8b309fcb0	Aber gega d'Israelita därf no et amôl a Hond mit dr Zong schlecka, weder gega en Menscha no gega a Stückle Vieh, dass r endlich kapierat, dr Herrgot macht en Onderschied zwischa Ägypten ond Israel.
gsw-e840fbe1e6dd852d7f73778f6e71013b	Gang vordraus!
gsw-245f67fffd850dd4ad515086ea68ffb7	Glicklichrweis hôd’s koine Vrletzde gäbä.
gsw-fc7961c6699d92c7e6cf3cbc9325fd03	I ibrdreib manchmôl.
gsw-1f3ba4dda518b15efb014c989b2f9402	I ben an dem Ende vo derä Schlang gschdandä.
gsw-2e0e4ab623cb8f754b83f96f95b52685	A männlichs, oejährigs Lamm ohne Fehler solls sae, von de Schäf oder Gôesä sollat er s nemma. Des hebat r bis zom vierzehnta Dag von dem Monat auf, dä solls nä de ganze Kultgemaende von Israel gega Åbad metzga.
gsw-ca10b8b77d1089a6e264e28b76a1ac09	Ond se sollat von dem Bluat nemma ond boede Türpfosta ond da Türasturz von dene Häuser, mô se drenn essat, drmit ästreicha. Des Flôesch sollat se aber no en dr gleicha Nacht essa, am Feuer bräta sollat se s essa ond a ogsäuerts Brot mit bittere Kräuter drzua.
gsw-3f968ac336dad8c94fa9d6c9a5c485ef	I môg de, wie de bischd.
gsw-d79281e2592bd3b62d05e357c809c265	Wenn i s nô reachd woiß, nô hôd se femf Briädr.
gsw-51982045fe37d53361e4524f0210a984	Wenn i s nô reachd woiß, nô hôd r femf Briädr.
gsw-e5ffa0fce69bc7333f5fc84ea90f9163	Wär schreibd no Briaf mid dr Hôôd?
gsw-2eaffa2147dc975c30e6af07be26f9e2	I lern jedan Dag ä halbä Schdond Englisch.
gsw-0072f85558d11f9740ddd9276703810f	I benn en deärä Woch en Auschdraliä.
gsw-efb52cddce8e3e62729461549a05eca5	mach oifach dees, was dai Muadr said.
gsw-b02e2ec2552182753ace1989dd8f54b4	Macht oifach dees, was eier Muadr said.
gsw-7f939071df27bd2d28660e5962db9072	Hät dees Tom absichtlich dô?
gsw-2b2ae60ef3bf5a2015c064e99cd55106	I han a furchtbare Erfahrong gmacht.
gsw-77236801f664f1ef8fa30426452cd14a	Ihr därfets et roh oder mit Wasser gsottä essä, s’muaß mit Feuer bräta sae mit Kopf ond Schlegel ond mit de Ennereiä.
gsw-a95ac105cbe74ae7d648a6bba1e973c2	I benn em å Bood.
gsw-1029f68ac0e3b723d3fe587ddf358bf1	Maria kôa wedr läsä no schreibä.
gsw-9eec5e04cbf241218bde11d65669f188	Beoruhigt di dees, Maria?
gsw-6f3179da405dfdfb3b5b1915e0c0b4e7	Du muschd net kapitulierä.
gsw-b909e48edc919e3c74042cc73f4b20bf	Du muschd net sengä.
gsw-11a5c25a4876ee503fd716a6c90237b8	Ond lent nex üvrig bis an da Morga; aber wenn ebbas übrigbleibt, nä dent r s em Feuer vrbrennä.
gsw-ef84d53d8ce8a28b2a61935c5e816adb	Tom hôt sich vrschluggd.
gsw-83ad2389216115a32c57fc1f230cdcbf	Was isch des Schlemschde, was bassierä kô?
gsw-1cedb9d1c88b9201cdbd49381a628f2f	Tom ond Maria hendt Klees gessä.
gsw-0b6e2ae9793960bac7a6dc0c579c897e	Dees Bedd isch no warm.
gsw-6680056046908843d3c2dc0056a431e5	So dent r s essa: Da Gürtel ä, d Schah an de Füaß ond da Wanderstab en dr Hâd, so dent r s anandernôch essa, des ischd a Passa für da Herrgott.
gsw-cd8d3bf358167b195315f05c32879d0a	Dr Gehald hier isch a Witz.
gsw-98ea81b9b812627bcf9b3d9e257399fc	Der Reidr hôt an Sebl en dr Hand ghett.
gsw-04f1ef37ab9917874f84a9f724aa997f	Kommas send komblizierd.
gsw-9e813112436f655186dd1b15b600a0c7	Där Meteorit isch en dr Sahara gfondä wordä.
gsw-a868972295fb63d816bb42119010ea3e	Tom isch en dä zwoite Stock nondr gängä.
gsw-44b00a9c081cc1c93d5109c78ec489d5	Tom isch en dä zwoide Stock hoch gängä.
gsw-4173ea5e2d547f4f03f38afa66463ad4	I kô mai Gepäck net fendä.
gsw-4b307d6c3701a4a4a610dc9e4fa973d0	I han main Rägaschirm ergendwo gedangälos en d Ecke gschdelld.
gsw-d6c1fd179465777f404d27bb93e882d6	Dees isch zviel uff oimäl.
gsw-b0f737cb6400e9fdba44473537c3fbae	I han nô nia an ächda Diamandä gsää.
gsw-0f6cd25c31373abd8cf22cbd0b1d1315	Wo fangäd mir ibrhaubd ä?
gsw-51d7a3a70119f00752b082627605bd0f	En dera Nacht gang i durch s ganz Land Ägypten ond breng älle Erstgeburta om, von de Menscha ond vom Vieh. Ond i, dr Herrgott, halt s Sträfgericht ab über de Ägypter ihre Götter.
gsw-3cf481e9dc2b2fbc47d2dc56d05c7456	Des Bluat an dene Häuser, mô ihr dren wohnat, des isch a Schutzzoeche. Môn e des Bluat sieh, gang e an euch vrbei, dass euch koi Schlag trifft, solang e en Ägypten draeschlag.
gsw-ca00879f694ae5d3277bdfaf3b8d27cf	I woiß jetzt, was Menschä vo Dierä onderschaided: Finanzielle Sorgä.
gsw-2d31cbdae357c3a1805b9a384e073df8	Älle Wäg fangad mid mä Schridd oä.
gsw-6b337d4169c75281fa98cb586362410e	I be glügglich, weil mir oifach egal isch, wa d'Leit ibr mi schwätzad!“
gsw-8e217c5d53b386b306aa39aabc5c674e	I koa mrs ned laischdä, mai Zeit zu vrdommä, om Geld zu vrdienä.
gsw-d7a891c96edc9c744359d6375a11da35	Sie schaint die Zwanzger scho hender sich glassä han.
gsw-c1a8e0529daccdc82c21a34f5de90cd1	Sain Opa hôdn bei älle saine Pleen ondrschditzt.
gsw-9c7d396eaebf898f49f4dcb22388f770	Wo bekomm i an Schdadplô?
gsw-d9beff9d73eef90a32cd9a2af9ffe3ab	Dr Morgä isch d schenschde Zeid em Dag.
gsw-312fb24aeace5b1f37eb59ba773850b6	Hörrschd du gärn klassische Musik?
gsw-b1750dcd7177ba14a95ac6dd8ee3517d	Leichdende Schmedderling send ibrall romgflogä.
gsw-9fce23b4675e674f276e5f549662f201	I will ned mai ganz Läbä hier zuabrengä.
gsw-5af422bcd42f4706517a6a3965d9c6db	Tom isch auf ma großä Lädrstuhl gsessä.
gsw-b54b4821c4d03cfb0e1bb854d9ebb62b	Arg vrdreggde Flüss kennat Feir fangä.
gsw-709d5d63b9501b1c3b29a0aedb840b56	I han gnuag Geld fir da Reschd vo maim Läbä, außr wenn i mir ebbes kauf.
gsw-d414fa9899051de9d6bcba3e3d17d40d	Ond den Dag machat r zo a ma Gedenkdag, den môn r nä ao feirat als a Fest für da Herrgott, bei älle eure Nächkomma, des gilt als Gesetz für älle Zeita.
gsw-8111ad208ee4c245832224f1d226e7f1	Gäb i zviel fir Kloidr aus?
gsw-0b0812056f155dc13b47c09c2ae2aab6	Dô dribr mechd i liäbr ned schwätzä.
gsw-b402428d4c3edcda319de455a94d83f9	I will mee wia ä Endschuldigung.
gsw-5812a7b848976fde0f220bfa003921be	Sieba Däg essat r ogsäuerts Brot. Glei am ersta Dag muaß dr Sauertôeg aus am Haus sae. Wer a gsäuerts Brot isst vom aersta Dag ä bis zom siebta, muaß ausgrottat wera aus Israel.
gsw-b6be5bb654df269f13008f7cb895e4f2	Ebbas Sauers därfat r überhaopt et essa, egal môn r wohnat, därfet r bloß ogsäuerts Fladabrot essa.
gsw-1daaca3cb1bd97062fe4615d0fd76dbd	Wär ibrnemmd die Koschda?
gsw-6915f7c336a016a26ad060d4af9af1f1	Tom, diä Herrä send von dr Bolizei.
gsw-9875039fb7c568faed7f7c9dfa83e22e	Send Siä an Reportr odr vielleicht von dr Bolizei?
gsw-9624966830f66cb9bafb2ce78dcb6424	Orôsch isch Toms Lieblingsfarb.
gsw-1db47695e9de36cb7ac3edd376cf96ed	Wer dr Moinong isch, dass mr mid Gäld elles machä kä, der macht sichr älles fir Gäld.
gsw-2a9d99e21c6498da40445ad97a4a16b5	Gäld koschdet zviel.
gsw-e16672ce64cc703eb455de53fd1328b0	Er hôd ned aufherä kennä zom heulä.
gsw-78621cb33d46260429ad01d7774a211e	Tom isch ôsälbschschdendig-
gsw-5219227ca1574a3fc156c8dafe2a2a1f	Isĉ dees dai Ziel?
gsw-1a15f3ec2716618ae3a031ddb047307c	Isĉ dees Ihrä Ziel?
gsw-2ec9b0dbf5bfa1611189973ce68d2d41	Isĉ dees eier Ziel?
gsw-7822ebd943b2f11ec982b61de074c988	I komm ned, wenn s morgä rägnäd.
gsw-884da03f26ccbe9de7b933fcb28b93fd	Mir hôd dr Film et gfallä.
gsw-25ae17a4a0eb462de01570fb700515c3	Ihrä isch s ned kald.
gsw-dfb5431f4eea55c7dd5f86ca6b146973	Sie friert ned.
gsw-44edb29fd96720f496e41d316b0d505a	Du bischd ächt an Idi!
gsw-207400bc5ac8ad711d4115803137e1e7	I han drauf gwarded, dass des bassiert.
gsw-1a037a40af1211dac20f45fd01b9e8b6	Ond Sia send ä Lehrer, gell?
gsw-e3529d117b0de740f20fddc5afcdecee	Ond Sia send ä Lehrere, gell?
gsw-dd3b66be047799289335ee5284829647	Kôsch du des Kend badä?
gsw-6a4e71c4d1b9c774c8538009a0827a6a	Kenndet Sia des Kend badä?
gsw-ed9c215ddebb268ede5e0ed05bcea00d	Tom hôd koi Ahnong ghett, dass i komm.
gsw-295d40e1463fe119155d98fb97c06140	I will ihr Gäld et.
gsw-6ae1b70aeddaffe130e0c1aee0dcb11c	Wenn's om Geld gôht, geits bloß oi Schlagwort: „Meeh!“
gsw-1579799345d8afe41abe900a24e282ab	Des sdemmd et, egal, wär s secht.
gsw-94506d20d77ef192bde698cda1d79f92	Dees mach i net noch amôl.
gsw-7affc7eac26e1b40e821732e384de261	Älle Biächr kennet en zwoi Kategoriä aidoilt werda.
gsw-1dba5511f11d3ea8bbca04bbf1651423	Was hôsch du drnôch do?
gsw-bf3ae91344708323dbdacbe860f4926e	Was hend sia dônôch do?
gsw-2114f0d9f6d3deb6790c0e070e683d62	Was hend ihr dôrnôch do?
gsw-04a72247e5edd2c241e5370ad9f492a6	Du môgschd Mädlä, gell?
gsw-3b8d3eab7822fed063fed2814625b81e	Hör guad zuä, was i sag!
gsw-f901d8e1334e171ae1b60c4e29f33c8d	Höretse guad zuä, was i sag!
gsw-fab77552fa89e8f2b8d13641e27a78bc	I môg deen Ladä net.
gsw-b0a6a4cca98677c5672450fc8cf1a293	Er hôd äbbes am Härzä.
gsw-6a11c41083482158984845f679e18a57	Ôsr Mannschhaft kô gwennä.
gsw-46e826e2911d4651eef6ec7f95c667f2	I mechht net en ra großä Villa wohnä.
gsw-db1bfd2abf2f1e2931d21dd890c74c85	En mairä Tass ischh no a bissle warmr Tee.
gsw-6eeb3367f6fd28df226bdb5a309abb64	Bei ons send Zärtlichkoitä en dr Öffentlichkeit net gärn gseä.
gsw-de46808ea2cb6031995381beb45b428d	Dô war ä Flegg, jetzt isch r wegg.
gsw-0fcf8888218b3015f4d336529ebe0c3a	Du kôsch dahommä warda.
gsw-ab0aa4c61d16a3ef77fd3059c062d125	Ihr kennäd dahomma wardä.
gsw-71a13e55a9a4aab51504482c9f136011	Se kenned dahommä wardä.
gsw-d1bfb516ae21005b8aa17e56ea4fe8cc	Dr Februar isch dr käldeschde Monat em Johr.
gsw-abc990ea1e46e55d0ec64a7ddbe94113	Ess net so haschdig.
gsw-e81bf9a6a9d4048a61fbe0511e5e8c6c	I mecht n kennälernä.
gsw-07540d933fb875fbff0943f8760a91d0	I ben em Gras glägä
gsw-fc8e541f4b9091dc407a64d21d554ea2	So domm send mir edä.
gsw-8a270e00fe4b4aab68c3b6620d2e4724	Dees isch mir no nia bassierd.
gsw-a59e38441d45789adb056dd521a4f61d	Drigged se deen Knopf!
gsw-788e70fb7e6d4c31ba7298b53b1546ac	I benn wiklich froh, dass e hier benn.
gsw-da4914c1dc986eecf57d7fe93084cd63	Mam, muaß dr Nikolaus vom Nordpok omziagä, wenn dord s Eis schmilzd?
gsw-6a04cc2b00bd26574e4565821301978c	Dees isch oine von de dreggigschde Städt en dr Weld.
gsw-a83ef8d8d9d3fed97424dad08bf37535	Mir send gegä di.
gsw-da4ceeb75229efa098559fae6292410a	Mir send gegä Siä.
gsw-4d4ab63951cb0e50c6d9b71c4e52789d	Mir send gegä eich.
gsw-6daeade51bf9e1b747b3a3484c75369f	Er hôd mir vo sainrä neiä Erbet vrzehlt.
gsw-d8a5b0a2fd7342f6738510b6290155a6	Gäld hoißt mä heit Knet, weil mr dômit jeden woich kriagt.
gsw-d54597e35314dd9b752333a8f4356726	Koi Feschdung isch so stark, dass mr se net mid Gäld einnehmä kô.
gsw-63d87e78b9eb4f8ca15bfbf5818d6996	Gligg isch koi Froag des Zufalls, sondern ä Folge gscheiter Endschaidongä.
