nds-5fa2456c62e6b6ebe84a0f4963acad5b	Laat uns wat versöken!
nds-45425f0197607896bc612e657d4d576c	Ik mutt slapen gahn.
nds-21a6387d31b52ea4ebf62aceef9f561d	Wat is dat?
nds-01728fb70366a8679f97b2d3019827f0	Dat Passwoord is "Muiriel".
nds-1cffb038b420f0b555098e25447e52c7	Ik will bald trügg wesen.
nds-b04afe063bf86d3d65dbf0754c39b861	Dat weer en leeg Kniepen.
nds-ba92f987459dc7847914b81f73bc6e8b	Ik weer in de Bargen.
nds-4a9def2f3be70381359ef09ec6293d57	Ik weer in ’e Bargen.
nds-6f9fff7bec01f2f7ef69fbb207b5cb23	Dat köst 30 Euro.
nds-7e99d3c0929f3addce0832f7abd96789	Ik verdeen 100 Euro an ’n Dag.
nds-4f9867b5dcda5ec410373e7a4ef40606	Männigmaal kann he en snaakschen Jung wesen.
nds-c573084d2b0814a34f9a73453742e585	Ik miss di.
nds-0e53dfa2b987e4c5819d8007f197962b	Du schusst man slapen.
nds-5b5d42c53f92d1c16543e2fb3a91eead	Ik kann so ’n Leven nich leven.
nds-91e21d1c0c22a4832736fca95b1d4f4b	Nee, ik bün dat nich, du büst dat!
nds-8c8750682a50312b468a7d4dae3be135	Dat weer mien Satz!
nds-b189af7d3ab4d52db60f7add049200e0	He peddt mi!!
nds-681cbfdbcec8943cf00ab6e4ec8d4aeb	Denn hebbt wi en Probleem...
nds-f199d97caf33978549ed890cd4f1c1fa	Oh, dor is en Botterlicker!
nds-422e1e27d30af18720555a54354ceb0e	Maak to!
nds-9b9a6a693eabd61e2cd0b8bd27d6ac7d	Wenn ik so wesen kunn...
nds-ae6180c450d08e09d6db625f55439181	Dat hängt von ’n Kuntext af.
nds-30612fc278d82c1f2fbe5fc8a1a52df6	Wenn ik groot bün, will ik en König wesen.
nds-c83995b5786e8fe0cde8844e30b3972d	Ik warr em doodscheten.
nds-0d3ec6de2d96af54dac769540e00eed6	Ik heff mi jümmer fraagt, woans dat is, wenn een Bröder un Süstern hett.
nds-181c372bbd6af14b45a2f32ea033f5f5	Dat liggt dor an, dat du en Deern büst.
nds-eccf43e57ae9b1a0a99fda94a20ef1af	Dat is jümmer so wesen.
nds-04bd893033658ddc838444b5bf56ec05	Worüm fraagst du?
nds-a651736cd10c5a74374d1f393e4609d4	Wo lang büst du bleven?
nds-634c602bf40967b413fc4059042d9274	Dat maakt neeschierig.
nds-281f48cf60085da8857f92467cedd8cd	Ik wüss nich, wo dat her keem.
nds-3f6756ffc8c1922d362d2299d55a81f1	Ik will dat nich.
nds-c61f979699788c83b39e9d661d54f4ed	Se fraagt, wo dat mööglich is.
nds-577a6383628a4f0cf8bded95fa24fc9a	Ik mutt na Bedd gahn.
nds-b7eb1abe57ae992c798f5666d35ebd0a	Ik fraag di vondaag nix mehr.
nds-dc1c328f43dc1e67dcb3a7ac23e091d1	Tokamen Week schall dat villicht Frost geven.
nds-07a53452eb62cbebe3e8b437467ab542	Dat weer nich mien Afsicht.
nds-f6a618174e09ae26564f6d7e73281b85	Ik weet nich, wat du meenst.
nds-387970fb999e12b77e9a6e1567ada994	Dat gifft veel Wöör, de ik nich verstah.
nds-2cecc29e46d171b355b24e655ce51381	Ik harr nich dacht, dat ik maal „Viagra“ in ’e Wikipedia nakieken schull.
nds-9875ce4858a4d094cb9e5b220f8cf74a	Dat schall nüms weten.
nds-51478dc1dee16e1cbd8ae6d725b9d84f	Dat dücht mi intressant!
nds-7e3599d3fc6c09698828dbdaa43e018a	Wat hest du antert?
nds-34ebee5d8dcc58469a9477dfa52a1190	Nee, he is nich mien ne’en Fründ.
nds-1f0222f88bdcf170ebfab715ac1e1ffe	Ik speel Sudoku un stöör di nich mehr.
nds-4a63a45c50cceb8e4a78141e702bfdfb	Ik mag di nich mehr.
nds-075530928a72311168b9405051223d51	Worüm kummst du uns nich besöken?
nds-a554e2d17cda86bbf2faf4be3655a670	Ik weet nich mäer, wat ik doon schall.
nds-34c957ef7f4bb679c3fff6761d9480e6	Ik weet nich mehr, wat ik doon schall.
nds-640e5295a3b640eedc259fb0a6b30d19	Ik wull nich, dat dat passeert.
nds-2eeac273d24f57ebeb3a405ce06fe09b	Ik kann dat ook nich verkloren.
nds-4e10db89896402b3c44a921d7be328db	Dat wiest bloot, dat du keen Roboter büst.
nds-2a0c8039fdf3456c6819ca1c48ebeab6	Wat denkst du, wat ik jüst maakt heff?
nds-5f95bf592fbee7f0695a78b356395134	Butenlanners maakt mi neeschierig.
nds-b28bc9e870ff730d134e4d00b26a6a60	Worüm büst du üm disse Tied noch waak?
nds-a663242a7fe93092a6f6fae0978f7fc0	Du büst nich gau noog.
nds-37eb2168fad55fc092046634b244e29e	Morgen schall he op ’n Maand lannen.
nds-0c1782a2121d67a86150b2e091f8bfd5	Ik snack keen Japaansch.
nds-5147ea78b6f81322605da49038baec32	Keeneen versteiht mi.
nds-52364a65b47fd4220b090b5e3626ebd4	Ik heff lehrt, ahn ehr to leven.
nds-e5e1a9fb1f4bb7dc8ae7795b1830f498	Dat deed to lang duren, di to verkloren, worüm as dat nich gahn deed.
nds-33bfd0fc12aeeae9420553d248fff4f6	Ik bün so dumm... Ik versöök di Saken to verkloren, de ik sülvs nich verstah.
nds-1263c71ab23e7f5e4bacdcb5b6e4a35f	Dat kann nich angahn!
nds-1127e553939b817c84f59e5198820e29	Wullt du wat to drinken?
nds-d1533bea6a7b79d620818c1ae66b4867	Dat fangt nich vör halvig negen an.
nds-3908954ed8362b280294023b3a05fba3	En Japaner deed sowat nich doon.
nds-60eea6fd2f9b40be7b0c4470e22a6634	’N Rogg hebbt se Arme-Lüüd-Koorn nöömt.
nds-ab65b6c320ff4e416ef02d68348a911a	Legg dat Kootenspeel op ’n Ekendisch.
nds-76b21eb1d2d0dbacb6a43448eea7ab9b	Wenn een nich itt, denn blifft een dood.
nds-33bd2800ecfcdfd727b50f63c1150676	Woans warrt "pretty" schreven?
nds-0105ffcac1a5e90667bb8bf62d67f689	Worüm gaht wi nich nahuus?
nds-9b1a6d09ab1dccc97c1feec44929335d	Dat deit mi leed, ik kann nich lang blieven.
nds-5dec49863165bf0a6eca7286bb25eb28	Ik heff mehr as een Maand in Nagoya leevt.
nds-e5c19c5d0e2748f192b6e5ff27c6dead	Dat is goor nich roor, länger as negentig Johr to leven.
nds-7aeaa7ba7096c309dd3cc39100083fc8	Oh, miene witte Büx! De weer nee.
nds-2f1e86269865848fff8eb38ccded95b4	Du büst en Engel!
nds-3492e85dfd80952b0259b08d24d75d9b	Du hest Glück hatt, dat he di nich beten hett.
nds-b445ebcf4b2462fc0be9a3f8d514c4b5	Hest du mi misst?
nds-0592cd277b87a4c1b641ba3042e07747	Hest du mi vermisst?
nds-e9122df2ba1d61be370d1828eb628b1f	Sünd de all egaal?
nds-2f8572c3d46680fcd0f61cf72f4e155d	Besten Dank!
nds-bd02a4b76a4af11b80d2cca259d4b814	Dat is ’n gode Infall!
nds-cc84be876518689bace9319903ae0920	Donnerslach! Dat is nich slecht!
nds-f29941027a32354d928dea23275e3d56	Warrt seggt, de Leevd maakt blind.
nds-635b65553c66d9825b5004174ef07774	Oh, dat deit mi leed.
nds-e74c78f2f97a29ff620e420d6d3757d7	Wo lang bruukt een bet na ’n Bahnhoff?
nds-a67bf79a1c45558175f8fee1292da066	Snackst du Italieensch?
nds-0b34565501c2ecf0c8fe4b6bfc8da1bc	Dröff ik en Fraag stellen?
nds-1bbe5c7e3236874791377df804fa3ec3	Dat harr ik nie dacht.
nds-b1d8cfd9f8f1770a06a5d5378a05af8a	Dat is temlich unverwacht.
nds-8b1b5a763bb9963aff8a22784e2483ce	Ik kann ahn Feernsehn nich leven.
nds-7ce36d4b69cf493041569783aadbc6cd	Ik heff en Droom.
nds-ab5db3b0f0254f7c2a3f6365c9a03fc8	Du büst an mien Sied, nu is allens good.
nds-3d7d58794efe095e78155f60c5a1155a	Ik heet Jack.
nds-49320c7cfc7f513d0ee3331229b49af2	Dat gefallt mi temlich good.
nds-193d479c94a3957c9732d920f167d71b	Seht wi uns morgen?
nds-d5864db05cd3225a3a749aa20d1374ea	Wees bedankt, dat is allens.
nds-07ee4419cc0eb780964802cdbc3c7dc2	Wat seggt de Klock?
nds-d94a6d2b98622240ced0c250268036d7	Dat is nich miene Schuld!
nds-8f49acc7fe626b29a25dffd986ab5389	Ik will een Nacht blieven.
nds-21b1a9ded98ccbd5df010f40a64052cb	Woneem sünd de Duuschen?
nds-b96c08414d5dab03dcf527072f3b6340	Laat mi tofreden!
nds-33dd026c65216ca62f17e3e10b9e92d7	Vondaag is dat temlich hitt.
nds-cabc734b17a00849e4ed5a128c1af3ee	Is nüms kamen.
nds-adff10867bea6c13dd87681fc34813ee	He hett sien Verspreken braken.
nds-9c7bb90d9066e3ec559014943d871299	Wat weer de Welt ahn Froonslüüd?
nds-74e89dd7688c50ad405cfdb0fdaf1fb1	Un wat schöölt wi doon?
nds-6a25389c8a0e853c89ce066a69e3c6fd	Ik heff Koppwehdaag.
nds-afdf90032db02867c5f56001a2cd965e	Wo geiht di dat? Harrst du en gode Reis?
nds-1001d51423d1ca93e37faeae33070b35	Dat is to düür!
nds-b3004af9865d94e3df02a8ee7a3f85b5	Dat is en kumplett Kuddelmuddel un dat geiht mi op de Nerven.
nds-04f77bac023a2fb95eb5f09caf1493f4	Ik will in Paris studeren.
nds-e6e095660424f6e4d67d7623126f0bb3	Ji weet nich, ’keen ik bün.
nds-66dcd10c134fe7f490999a079d3428de	Worüm ittst du keen Grööntüüg?
nds-cec4257101579afb29ac8660906c3be8	Dat Auto föhr gegen de Müür.
nds-18c921bacaf7980f868eeacc7e6a7cc4	Room is nich an een Dag boot worrn.
nds-7b3b72d28bed1b96e287aa292421ac96	Ik verstah keen Düütsch.
nds-33685f5e3c081dc4dcd1b1e8db1dff44	Dat gifft 10 Soorten Lüüd op de Welt: de, de dat Binärsysteem verstaht un de, de dat nich doot.
nds-e98651e5ee60faef45b61127a03407d0	De Feern sünd vörbi.
nds-087b8072745cbfd1d7bc252c665a5ab3	Dat is de reine Wohrheid.
nds-1e61b7ecf6b5a6ed156e2eb103688bfa	Dat is koold.
nds-57d52fa91706bd4d5282828413fbe641	Du hest recht.
nds-60beea8105682e992e90bf19e6bfe08c	Du büst mien Typ.
nds-6435bf2a6984eb8da5de23e63d889a75	’Keen snack ik mit?
nds-83a9204c541fe81e3ca414477b706831	Dat Leven is mooi.
nds-c959e28680734a8ef5d660b82652e505	Hey, kiek dor, en Aap mit dree Köpp!
nds-7809a32cfb734938c831a7032bf1dce8	Wenn een weet, dat wat Leegs schehn schall, dat een to ’n Bispeel na ’n Tähndokter mutt oder na Frankriek gahn schall, denn is dat nich good.
nds-9b2e3cf86cc327806f1a8a512b768d9c	In ’e Theorie gifft dat keen Ünnerscheed twüschen Theorie un Praxis. Aver in ’e Praxis gifft dat een.
nds-45cd70683eaf0beb5fccb1536b9985a5	Allens, wat to dumm to ’n Seggen is, warrt sungen.
nds-26d049b2c8152def5338d15e28bc6e64	Dat regent.
nds-08deeca62d27d932c0b611a97ad5a409	Wenn twee Minschen jümmer dat sülve Verscheel hebbt, denn is dor een bi över.
nds-400c6da92ad14012b331e3c929fd0b68	To laat.
nds-a2f546454eec17f97989eb3e228ba25f	Hallo? Büst du noch dor?
nds-c990f7216abbc9618ab936d25e38af3b	Vonmorgen heff ik Feernsehn keken.
nds-0112ee52f4c3785f71ebe0a9b6ed96a3	Dien Brill is an ’e Eer fullen.
nds-d712bfc70d8cee51a2b6db47a4740cbb	Ik bruuk mehr Tied.
nds-6bb04fd76d955f2e0902b2f9d40976b5	Hest du em in ’e Universität drapen?
nds-2550f63c313daca62f9cf5afe3176585	Ik heff von di dröömt.
nds-2838d2f88359f23748ec1ff90bd7f7f9	Ik lööv, ik mutt pruuschen... Geev mi en Snuuvdook.
nds-42ccee60fc11e9aabe0dea49b76cab66	Du harrst en masse Tied.
nds-5c8166305772263c7420d3bbe63a767a	Een is nienich to oold to Lehren.
nds-0296515e4566a0a0d508fcd92b80ed6f	Nüms is to oold to ’n Lehren.
nds-baa05bb0fa26c491669ad687e80a78e6	Ik mag de School nich.
nds-336594e5925bff2453b989e45c48db38	Ut wat för en Land kummst du?
nds-3c6555260780a8d3408d639204792512	Ik heff veel von di lehrt.
nds-c50796a934a279235eff757f1220df06	He slöppt as en Baby.
nds-71a0b6ef8c8dd9d477bcec25e013c747	Ik kann mien Hannen op ’n Bodden leggen, ahn mien Knee to bögen.
nds-df3ad3ffb424339925c71ff79eacb077	Jedereen will geern glöven, dat Drööm wohr warrn köönt.
nds-1e50c2b7c1df35c998f948b77e5055a2	De Welt dreiht sik nich üm di.
nds-af4ea9a00c6ac8b7e4c286a022f18bd5	En Kanickel hett lange Ohren un en korten Steert.
nds-d02499452343279a7f2857cee2793162	Ik kann dat gornich aftöven, in de Feern to föhren.
nds-430ee7daaad73582db9d8e17a6e9541d	Een, twee, dree, veer, fiev, söss, söven, acht, negen, teihn.
nds-be90f2b8a803ca76d23597b8ca5c881c	Een, twee, dree, veer, fief, söss, söven, acht, negen, tein.
nds-88c8d42afc0c2ac6c343546117419a3b	Woneem is de Toilett?
nds-3889ff69ed1ff1fbc9a0c0b85654a51d	De Temperatur von ’n minschlichen Liev liggt üm de 37 °C.
nds-c44260d0a9076da4df9b11329ef9b811	Worüm köönt wi uns nich sülvens ketteln?
nds-58166b519c63b9ee7afb7f1811ae6498	Hest du al en Boort?
nds-4b7fbd02051916e57fe9d9be3bac8388	Woneem büst du?
nds-bb2073ecb2af4c0f8ec84c005a5664d1	Dat is en Sackstraat.
nds-0c1e1d878dd118b6213421982c31606c	Wenn du mi dat Dansen lehrst, denn schall ik di mien versteken Noren wiesen.
nds-812a9a7db3368d1a3a77ed5dafc180ce	Kees is en fast Nehrmiddel, dat ut de Melk von Keih, Zegen, Schaap oder annere Söögdeerten maakt warrt.
nds-8cd924d7e71cd6a898f54d555c7c700a	Wat is de Vördeel von disse Technologie?
nds-60c56d39a76151de0a0a5cbe51c057e6	Wenn du dat Programm nich hest, denn kannst du dat nu dalladen.
nds-14c3192408b48e473e90694f9bf9fafa	De Söven Fragen, de sik en Inschenör stellen mutt, sünd: wokeen, wat, wannehr, woneem, worüm, woans un woveel.
nds-5ea5a8e01a9daecabd502c10597c90c5	Bi ’n Intridd is en Gedränk al mit in.
nds-6ad7a8f34bc9ea0a736aeeeece5500a2	Woveel Drinkgeld warrt in Spanien geven?
nds-21f21cadcbb3a4939465b9c6b879fd20	Schaamst du di nich, so to snacken?
nds-c0e976562eadbf8018d5dd2e874d610c	Dat Leven is keen exakte Wetenschop, dat is en Kunst.
nds-f46c10a1b4052c9ea56e9a78e89c1eb5	För den, de bloot en Hamer in ’e Warktüügkist hett, seht all Probleems as Nagels ut.
nds-cf38bcce3ca4171faba50d76cd405439	Höpen is keen Strategie.
nds-d2a3bdc319fcf9611cf79a28c28fa315	’Keen sien is dat?
nds-ac823c65f891e0b714040bc2268d78bb	Dat is nich sien Saak.
nds-8cacc8ba57cc652e7cba39c199d5b125	Man sütt em sien Öller nich an.
nds-126a013f99326581957737797b4d55f9	Dat heff ik würklich nich von di verwacht.
nds-ab124cb39576afe85096afca6c58c31a	Ik kenn em nich.
nds-e653c2371f93f554af78b5c3084f43b9	Dat is nich wichtig.
nds-b8df5403589a3a4c03492c44001ce86b	Ik gah elk Morgen inköpen.
nds-a8dd1a0f67656d3b36474fe824827b7c	Dat is to good üm wohr to wesen.
nds-b442aea1f34a924cd883c2ca1e47e384	All Weeg föhrt na Room.
nds-6286c4a202d2b7f154d07d406a253a93	Över Smack lett sik nich strieden.
nds-df385953c3ff9ba55a96033500855c88	Nachtens sünd all Katten grau.
nds-8aef674b3a0f8b9d06710880dc01c3fc	Ik verwacht nix von di.
nds-3ef8d30b1ac1cafea6ce0db7e95965e5	Dat schütt di recht.
nds-2ae7a427257bde3603897894a48930ec	Goden Aptiet!
nds-04deb8487b3413d166c395ded5240da5	Wenn dat nich wohr is, denn is dat tominnst good utdacht.
nds-5d0d7ee2e8fea2e6c34d33697cb38477	Wenn man toveel itt, warrt man dick.
nds-9f3027602562779ce530b5cdb3935c50	Wenn een toveel itt, warrt een dick.
nds-ea2f019e47144b823099e11ae98257a5	Dat is de Stad, von de ik di vertellt heff.
nds-3e4bcf56b085e8ba449323148852fbfc	Dat is de Stad, över de ik di vertellt heff.
nds-7ca457ab0e86a1ee12b645955e173991	Ik heff Kaviar eten.
nds-a093fca0a68807319a16a22a720f1242	Wat köst dat?
nds-ab1134527a03cc315e22fcce6b98e416	Hest du en Drinkgeld dorlaten?
nds-f36aaacc4a61dd1d09e9ae5ba4314523	Se weet nich maal worüm.
nds-1e20c6308356b062b812800e27f7cd31	Du hest di temlich verännert.
nds-239314a5e411f846c002d54d04ab452e	Wi hebbt dat schafft!
nds-8b1505ff6b98f4280e9183e36d3ee2dd	Wult ji en Köpken Kofi?
nds-e3c6ff1618a486540c9c9e738a853243	Maria hett lang Hoor.
nds-b13d738b0b61e08297cadda60a7a47b8	’Keen is an ’e Reeg?
nds-1842d309471b3d817f9fec39e6a249a6	De Film hett 2 Stünnen duurt.
nds-b84b5fa6aa46b88cfc792eccf1e3e41d	In ’n Winter slaap ik mit twee Deken.
nds-efd94f28849170db9962abec7e7fe688	Dat is vör lange Tied passeert.
nds-924efe4cd83308bb99af730deed57610	Dat geiht nich, in een Maand Engelsch to lehren.
nds-fe7751427837cbb1541aad09b2ff37a5	Wi hebbt twee Döchter.
nds-b1650f361e770e7bb92136a9fe54e661	Iesen is harter as Gold.
nds-e9c399cf58960126e0058d7964bd59f6	Dit Museum is en Besöök weerd.
nds-c7bf73d4248be79551f8c0f380bcdd1f	Dat Museum is en Besöök weerd.
nds-b1a767af87a7e9a750f8a0efff278663	He hett dree Glääs Water drunken.
nds-d4a93d2b10db2003ed0d05964151f41e	Ik fleeg na Amerika.
nds-f9c873eaa4070679266f04d9402a0208	Ik heff en Froo in swart sehn.
nds-02e2c859f2dd4f1e3688cd1ca05aa563	Siene Froo kummt ut Kalifornien.
nds-b41c9bc17d7af796b00cd9ea6700daf4	Mien Tante hett dree Kinner.
nds-41a2c9b27f2e2e5115b74f1595fe4901	Ik heff dat Graff von mien Vader besöcht.
nds-b9c145fac36b90404f674548c50369e7	Krieg is en Verbreken gegen de Minschheid.
nds-f39c38b80b2c7b07561218da87afe685	Dat is en Book över Steerns.
nds-c7363bae37a051d3795f6620676f1889	De Polizei jaagt mi.
nds-6140f66c5469f63f49245fe865e14c50	Wi müssen lang op ’n Bus töven.
nds-99559b0c0a79e3bd8c07f732a9ee2769	Hest du em keen Breev schreven?
nds-343f332ed7f65b9d860e78c5c1538a81	Kinner bruukt Leevd.
nds-300b8f93459093bca2490f9f579668a4	Ik bün en Mann.
nds-aa605f7fa81fe5de078874b3bad769ec	Oh! Ik kenn den Mann.
nds-7bf66932bc3065c287df5b762e293e5b	Ik bün en free Mann.
nds-11061a77f3d92b33ca0e6dd1a53ad131	De Laden verköfft Daagbläder un Tiedschriften.
nds-01992a4a76a1b9b9536e9463e4c8935b	Worüm weenst du?
nds-9de6e1f111d93d2fbee389adcfc48a48	Dat is en Geschenk för di.
nds-adb3e2d8ec5201426407d8cf001a86c0	Ahn Water kunn nüms op de Welt leven.
nds-c1928247cf2178bdefe68b36cc86db5e	Snack nich so luud!
nds-32f6612229e80670cd494e9f3feefa7a	Schall de Sünn morgen schienen?
nds-ca7680ab5a22458c4d283ae8914c310f	Spaniers hebbt twee Achternaams.
nds-a4613fb806ee8abdcdd6bdb5566ba439	Katten speelt geern in de Sünn.
nds-59257ba69d0fd0064aec2de3c39da1e7	Katten speelt geern in ’e Sünn.
nds-d186f537e81bcee8088f1cb09e413289	De Jung smeet mit en Steen na ’n Pogg.
nds-599be0c6e4baf5c9db5faae1c4d064a3	Weetst du, ’keen se is?
nds-f8efe08eedf28662089521e6dc5f9bc5	Slaap good, Timmy.
nds-b489dd33a12cae1d5d05c34bb046ef96	Ik weet nich, wat ik seggen schall.
nds-373841e59638e608903154705d97ccd5	Wat för en groten Supermarkt!
nds-627cbb17de40d77edd3edad5c96c5e83	Wat för en smucken Regenbagen!
nds-cff13638e4e617928c352f5eddcd1132	Vör mien Huus is en lütten Goorn.
nds-b338d2868a168f9fb3d349d62a9d7f18	Schriffst du en Breev?
nds-52f1e9196abb194b6f0b4bf0eeb9589e	Se hebbt freet, ahn dat jemehr Öllern dor von wüsst hebbt.
nds-0ddc01071e3569cb8bfca461840503bb	He is von ’n Boom dalfullen.
nds-0f6002e21f901d17cbaba6c93b5ebc29	He is dree Johr öller as se.
nds-721757f6cbf9ba56a47c3d269f150111	Ik gah to Foot.
nds-4e9d0683fbd05d7995da3caf06a0d93c	Dissen Harvst gifft dat veel Taifuuns.
nds-1bba4a3f3ca0353e5f2aeff5c1f10059	Ken is in Kyoto ankamen.
nds-91683491c6615589ac40ce354097e97d	Schriffst du jüst en Breev?
nds-3d906c658dc8d476668efa62b08e68c6	De Bööm sünd gröön.
nds-177225f1b0930a579e175f4a51dd5a13	In ’e Köök is en Katt.
nds-76f7cf26790909b56a36a992f7bc0734	Opa hett mi dat köfft!
nds-aebdeb58c289979f971929a868673f33	„Ween nich“, seed se.
nds-e92f6d0b118e4e3795df1a100fe5c9a3	Ik höör Musik.
nds-b5f82601573f014d360d2de2ad7bca63	He hett mi en langen Breev schreven.
nds-0dac35be93c82a2afb2e16749f9873fa	Büs du n Student?
nds-0fd67aa24eb93dcf17026d08592f3c45	Ik heff allens Geld utgeven.
nds-92f76a1a654d60397475c4a4d0b16fe4	Dat is mien Verscheel.
nds-2c6f8fd046519f3972a1dd9ffa1965c2	De Katt hett mi kratzt.
nds-21ce9c68b3e3138f16fabaa59d3d9807	Isset wohr, dat Midori so goot Vigelien speelt?
nds-d8aef9a00f756e9c2ef1abf44ec4c595	Paris is de Höövdstad von Frankriek.
nds-5c83b3f7b0410f0be75e603495785099	Güstern heff ik em hulpen.
nds-4a8c55848c3d15c29343ea4a2a8f97d9	Ik heff Tony hulpen.
nds-dbfb1717cc0d499b17f1a55c78970486	Wi hebbt en Barg to Eten.
nds-75bf9aef550e9389d1978046b617d9ab	As ik lütt weer, heff ik Büxen dragen.
nds-75632e6faa7398b5685d6491c2c1eac8	Roop mi an, wenn du em drapen hest.
nds-86b041196663ad11846083fbc86a1c96	He söcht en betere Arbeid.
nds-e712a54d73903b33aebd1d2f04d841e1	Achter mien Huus is en Kark.
nds-28c153e2b031426cea925db57f9790f7	Morgen is Wiehnachten.
nds-f1deffe080bf4f12142a3a975db40e44	Ik harr geern en Tass Kaffe.
nds-d05b7b2cd84b3643db6bff0af89d3c13	Disse Gitarr is so düür, dat ik ehr nich köpen kann.
nds-b8e6f15f810c0c1f7a5dfdfe5dc043da	He see, dat he mööd weer un vundeswegen fröher na Huus gahn wörr.
nds-0c28fe4296846af99e9994d654ad100b	Worüm mutt ik dat doon?
nds-77d21cc60250ec7efc53b8b80df27d48	Gode Fraag.
nds-90c570bf4c2b1127dff9e877a3636e10	Laat uns trügggahn.
nds-4ded6c340849cbec04ac8c97fcf5dac3	Dat is splinternee.
nds-cd9238c4cf886a5ef4fe934f23162df0	Dat is gloodnee.
nds-c45644945457bafd6d55190817cede02	Dat deit mi leed. Ik nehm trügg, wat ik seggt heff.
nds-a79d0a6c24dceb1c0152a35e80ac3e61	Anter de Fraag.
nds-f996558ee4ecbef7523164cc02bcb5fa	Ik heff en Fraag.
nds-9543083cb9a310e8561ed6026afe021e	Dat is hitt vondaag.
nds-5fc0bbc19825a35dbcaa48317e902c3f	Ik will di de Stad wiesen.
nds-e2cf7ebcedd0888959c76ec32b327f64	Ik warr di de Stad wiesen.
nds-b17323ebd9dc332740ce26953adde1a5	Ik gah dor nich hen trügg.
nds-21bc970d7a12685cc8be473967940fde	Do dat Licht ut. Ik kann nich slapen.
nds-35100dcc4fa8087aecc5a25a81332ed1	He lach.
nds-f6649865c5a2c34af305059f0d0d95f2	Ik heff nich veel Geld.
nds-32af9572e491af93f35aaea7529a9e2e	Glas brickt licht.
nds-b9dd5293bcfe281bda40ea0751c36fbc	Ik eet geern Appels.
nds-a9761d772e9f332995e7e506f715c31e	Ik bün en Löper.
nds-42ee507b159728f4d301e2266ed8bf16	He snackt würklich good.
nds-f34940145a1b4c870c7b7e88e53e9cc1	Ik bün so mööd, dat ik kuum lopen kann.
nds-d6e919d55f1022f0d9a1da68089cba8b	Dat gifft man een Laden op ’t ganze Eiland.
nds-ef68b2204e5df5807d5a5eaa822a640e	Du musst op de Fraag antern.
nds-94c809b447a093f0fcbd1c9e6f6d3d7e	Ik kann nich länger töven.
nds-b1c8e5c65d4dcb6ce3f41ce5a16ecbf4	Ik heff bloot en lütten Goorn.
nds-e648e4dd9504911724b41be09f845fca	De Swiez is en neetraal Land.
nds-c55977bd3790a1b9bc018ffe61c3753c	Bill weer in Japan.
nds-afe66d7b69cdcb67ec2e30e0fcb72e94	Franzöösch warrt in Frankriek snackt.
nds-0d3be34b401f1bf376f17a901c06c9bc	De Christen glöövt an Jesus Christus.
nds-d441e0f3371f73133ddedc85f84fa563	Mien leevste Klöör is Rood.
nds-75bd9801b8daee73b428f2cad9ece4d5	Düütsch is keen lichte Spraak.
nds-be283fd7a6568d81592f6ffdab43c1a2	Nedderländsk is naig vöwant an Düütsk.
nds-d84d25186e5be1b1f99d3ec53e5d765e	Snackt he Engelsch, Franzöösch oder Düütsch?
nds-c281085e3a09e2926417cf70394516ba	Susan is vör een Stünn gahn.
nds-d9b0a2482ce33722a7a1b24ea650c5e6	Ik bün free.
nds-3234d2bbc598a016604cc63c9bab52b4	Dit Bladd köst nix.
nds-3a85813b1a670599a45702efd8212b97	Uns Tog höll opmaal an.
nds-48c746c8e815031f447a75266e7248d7	Du hest keen Hart.
nds-41a60d005ac19cca5fedf02e85cc0fac	Sien Hart is braken.
nds-37f1fae578318cbdf60bc5aef4713ce1	Wi hebbt in Tekenspraak snackt.
nds-7c481342ed05a084b447e6656c060f02	Gode Reis!
nds-5eff4fd9dcfd373e6bb16299bae8cc3c	Se plaant en Reis.
nds-b1b8e91959867b4afa4371643c14d46e	’Keen hett dit Book schreven?
nds-b831133a13f0eced171a34e767659639	Woneem is dat Book?
nds-83610c6b7a68b6bade24a776ab3643b0	Echte Fründschop is mehr weerd as Geld.
nds-05bbe1918dbfe801b45c067abd68b9d5	Drögen Sand nimmt Water op.
nds-e5cf951db4a8926275999f6b07faba41	Dit Water smeckt good.
nds-636662f2e7c584fa59e96b65bb85f678	De Sommer is vörbi.
nds-0549764259193cbcdc129edc8401fdad	’Keen is disse Froo?
nds-63c2b30dc341cfb35152dcfbc192c132	Disse Froo hett twee Taschen.
nds-b49af3c3aae5f71fe3e1d8941612466c	Disse Theorie hett dree Delen.
nds-30eabe7e4066d325004f635a194dab07	Jümmer wenn se tohoop kaamt, striedt se sik.
nds-0fc8053162fdec095561d1d83e25921f	Du schusst mehr Aavt eten.
nds-7c395ef8c8176594e32230478ce04039	Suup nich so veel un slaap mehr.
nds-1bb23489f073aab262b0378548ddd4f8	Ik heff jümmer weniger Tied to ’n Lesen.
nds-afefd9a6fc3fe91b101d383f3ae3b86b	Ik bün jüst hier ankamen.
nds-851fda733937d62113c5bdaa316a2a8f	Buten de Worteln gifft dat nix, wat he nich itt.
nds-2e443c78574fe0040e137bb5fe14e538	Godd hett de Welt schapen.
nds-153d8e8bbc5be79657ed3d0e57dfd5c0	Du schusst nich ungedüllig mit Kinner wesen.
nds-ae7933857efe262a6cafc140711fe546	Wenn ik dor von weten harr, denn harr ik di dat vertellt.
nds-07b7fce70be21893fabdbcb3c48d5b65	Ik denk, dorvon bün ik.
nds-78c024bf5f7f747cb65bf9b6543ec9f3	En Tiger is grötter un stärker as en Katt.
nds-16f9542b0c29aa555f176be1d07cad43	Wannehr kaamt wi an?
nds-8f27fa840a1d03ac5f1336c50d475255	Ik heff em nie singen höört.
nds-5c8166305772263c7420d3bbe63a767a	Een is nienich to oold to Lehren.
nds-ac73e6dc29df916c3eb0e4f376ea7aae	Ik heff ehr noch nie vörher sehn.
nds-fc5be6e4362b29311a8089e5017716a5	Mayuko ehr Droom is wohr worrn.
nds-9e83121d4dbe5c0c841217d2032d5da6	Dat is mien Droom, en Nobelpries to winnen.
nds-8377e038545dc180f4ea4d4929e6aebf	Se is en Flasskopp.
nds-171c32e045cedd53a8386fd2f788507d	De Koken smeckt sööt.
nds-f6661cd6f53e9d2a19ab92f3f7c1b817	De Appel smeckt sööt.
nds-74bffe83e793bb622438c788c281a66c	Disse Appel smeckt suur.
nds-7f49ba2f71fb5eef70ee9b5ce81679b2	’Keen hett den Appel stahlen?
nds-c963f9d9ac33578679328693f7cfd7a8	Wo faken foderst du de Fisch?
nds-23023e5308a775f33582994f829f4a6f	Is dor en Katt ünner ’n Disch?
nds-2d8b5175cb32e72f84f68e6e58218f40	Ööl un Water mengt sik nich.
nds-09ec512baf73f401cd13c85568ab3c38	Ik kann bloot töven.
nds-239d39350ece179a38acd283353554b4	Jessie kaakt Water üm Kaffe to maken.
nds-9630b7c45b426c8e18c8c179b8d05aee	Wullt du noch en Tass Kaffe drinken?
nds-ff1f599aa1fd9ee2c06d54a1aa24fa80	Is dat dien Kamer?
nds-4f5b45dc28863070e4747bc864315b28	Enkelt- oder Dubbeltkamer?
nds-5873b4eab91773e2e2bb64a50092bb63	Ik heff an ’t Telefoon Pizza bestellt.
nds-aa8f85a86d66c43bfd9eb7fc511d99fe	Ik ben all kloor.
nds-85aca905e3b0422cded97779aae24670	Dat Fröhstück is trech.
nds-7c24d6d04824b0a9e00d67414ecd7be1	Büst du praat?
nds-7e0ea86bda20d297c148d80adbc2a96d	Versöökt wi dat noch wedder.
nds-fa2fab84b755d0793f4b6b07c5fdc482	Versöök dat noch eens wedder.
nds-cd54cdf1d7144ab9ccf866155054aae1	Glöövst du an Spökels?
nds-66774dfe6df40efa940aaaff2ad694c8	Ik lööv, dat he ehrlich is.
nds-f46d0ffcf9e8e726bb53aad6d45d2bc7	Mi geiht dat good.
nds-d048377557a24dafe2d1c627db6b22cc	He snackt good Engelsch.
nds-61f42c41a5795c227de3d73db2dadd50	Kann ik en Glas Water hebben?
nds-368ab76226815bc076d5ba4714e167bf	Nich all Vagels köönt flegen.
nds-67959786ef8fb4c19f4790e6f64c5527	Welk Fisch fleegt.
nds-0f6d15a99c0d5f4ecf3a172d5fd424d6	Se kunn keen Fleeg wat andoon.
nds-0fbf533094e45759d6ecd0a557687ac6	Immen fleegt von Bloom to Bloom.
nds-e005996e1676dd1a0d7a2185dd24c2bb	Dat is mien Broder.
nds-0af72a51ff28760259a82936b35707f7	He is mien Broder.
nds-e5cea1d0120a64c791ec0d153d67fa7a	Ik heff en öllern Broder.
nds-bd1c7c596e3305abce0100e36c45c06a	Mien Broder mag Horrorfilms.
nds-c87d6f9ca2b9381c2114bf987caae880	Wi sünd Broder un Süster.
nds-a183cfc08a2035c76e5f729b6ca84429	Mien Broder speelt Gitarr.
nds-76586fefd84352f13e618d067eb9d414	Mien Broder is Inschenör.
nds-0a28def4a4e4b64fa6ddc2d9f11e35b7	Shinko sien Broder is acht.
nds-f9acbc383bf3e58833271eaf2275f6bd	He is Taro sien Broder.
nds-fa315f5ba50c114df0e416760b58a15c	Bill güng mit sien Broder in ’n Zoo.
nds-9ae5a1dfe47f11a9ffb98597a729ae8e	John is so oold as mien Broder.
nds-dc6a29dac2f6cfa7097a1ce306f135f6	Dit Fohrrad höört mien Broder to.
nds-255330443e9c99e619fe737ace896547	George hett miene Süster heiraadt.
nds-0fe089f470e64ea7f5d224739f990f9a	Miene Süster mag Snökerkraam.
nds-72bef9b06550a2b0597127c1832be14b	Sien Süster sütt jung ut.
nds-be91e3c69a44ce6447fd00329ca57df2	Ik mag helle Klören.
nds-7417a70273fa32b062e1fb1ec72056da	Dat is buten düüster.
nds-f25f6e7fca386a5e0530361e94c5d2fb	Ik mag ehr düüster Ogen.
nds-2e59aaa7329940dca97b3a49e75166b8	Dat weer düüster ünner de Brügg.
nds-940b1de761f242335d134ec85e0050a5	Katten köönt in ’n Düüstern sehn.
nds-098a0e887008453e5881df2f16abe5f1	Ik kann ahn Brill lesen.
nds-71cc372e3e73d6bea21af2f6a909a22d	Ik kann nich ahn Brill lesen.
nds-45a47c3309a95f53c4c8c1a1b815d302	Ik kann mien Brill nich finnen.
nds-03da58f72659ed026d8e5701595d63dd	He driggt en Brill.
nds-f38b5ab1bf31e6da181b1e2de67b77db	Se dreeg en Brill.
nds-776865712574a9ad92773bf524209206	Wao is mien Bril?
nds-46e1ea1659bc91d375fe28281f25ea85	Woneem is mien Brill?
nds-c601ed7318556f51b3a77693c7e97ed3	Tracy hett ehr Brill verloren.
nds-71547a310e746ab027467273d87de189	Ik mutt keen Brill mehr dragen.
nds-d82bfaf0a0d4697caf98f4d96f3763d8	Wat hest du mit mien Brill maakt?
nds-ff3bb338386e40a6d6d450c4277dc7e9	He möök sien Ogen dicht.
nds-63ccd1bc185704fab008a32a5b2736ea	He hett brune Ogen.
nds-641cd904adf2d561ce42c3260d452a13	He weer lieks achter mi.
nds-71e347a21bd9f5a66ca9fec46e09b254	He möök de Döör achter sik dicht.
nds-bb7acdfd7174cbf51c74694f302db85c	De Maand is achter de Wulken.
nds-45cd177de43f1c1d85569dc5b1eec8f9	Ik fang vonavend an.
nds-f22c057e28db84de57cbe2d57a1f2e29	Ik roop di vonavend an.
nds-8a40a8f49ef26d090e745e8454f9d979	Ik heff veel Frünnen.
nds-e9f29caa00c48d2d81ba5135be53742e	Du söchst dien Slötel.
nds-516a6ca914e3172592c8226d5d46f773	Hebbt wi uns al eens drapen?
nds-49d039e12575e53828592fbc83ff9671	Ik söök mien Slötel.
nds-037b6becdc8eda7193e6ce50aa4a9893	He deed den Slötel in ’t Slott steken.
nds-90df3293652ba644e3b591021c5c1879	Söök de Stad op de Koort.
nds-275b71c2c18576c1306fcc24de1b3f63	Du dröffst nich toveel Ies un Spaghetti eten.
nds-00f5da6da2c472cfd15afc6a6411ca0b	Ik schull beter an mien Diploomarbeid arbeiden.
nds-cbeebb3da567d1e9d69e779358fb1e71	Kiek den Satz in dien Wöörbook na.
nds-b7dd40739d3daa945950dacb5198522e	Geev dien Best!
nds-49cdc815cc1276c724e78ae1ccc7043c	Mien Arbeid is trech.
nds-0528c17777f3184373bf17a0024df501	Se hett dat Licht utmaakt.
nds-a6f1776d3491303e2d00cf088b2490e8	Mi frös.
nds-08911f2ccf42bf6c70a43a2d7e745f49	Mi is koold.
nds-bfb25560950deb2a2314d0bd1691ca58	Laat mi dien Temperatur meten.
nds-e35a4e8acdcc43cd3ce2e98d092c0060	Bring mi mien Brill.
nds-4119c98c7726024a1b73c4bc747fb428	Naoko swemmt jüst.
nds-ab8824d9e9f0054d08470565215bccd5	Ik verstah nich, worüm as he nich de Wohrheid seggt hett.
nds-1a979f9c2b0caf6aedb7845f9f74f04d	Dat is ehr Huus.
nds-f1960f5fb1a6310081f469b3feec515b	Mien Huus is groot.
nds-f0e917daa805c16d5279ffdbfe24288a	Mien Huus hett brennt.
nds-cb4a9bd1030c118edab71c9f3183d912	Dat Huus is verköfft worrn.
nds-cb4a9bd1030c118edab71c9f3183d912	Dat Huus is verköfft worrn.
nds-bf44fdc55594e849ad590587c2057f0e	Wannehr kummst du na Huus?
nds-510872d0bb4c298d4ba42035e59db3be	Ik will en Auto köpen.
nds-2461f414523ed7ec4634eb4441fb4dea	Ik kaam ut Singapur.
nds-17ddbe93c20443925e7df2c967c57459	Kannst du Klock negen vörbikamen?
nds-8cef8f906b5f6537b9113a8dc0191808	Dat Weder weer to schöön üm binnen to blieven.
nds-e0ffd6ea4784f30dda36e71fff13ccb3	’Keen is de Jung, de de Rull von Peter Pan speelt?
nds-cfc3c13da0c1fdefeec588e95270c672	De Heven is blau.
nds-0975c610fb539b85693a61aa450a7c61	Dat to löven fallt mi swoor.
nds-0095b5dc2384b07a78a2bbc68f513345	Wat höllst du dor von?
nds-c7ef929d917c224e8e7cc8b257b282e9	Reekners spoort uns veel Tied un Arger.
nds-6201fc23756276d124829c9f01be6f58	As se mien Gesicht seeg, füng se an to wenen.
nds-028a152286a1f77e1807fd785f0a2c8d	Ik vergeet jümmer de Naams von Lüüd.
nds-7bb7a6a85cf29147617ee217bda9af5b	Dit Land is üm un bi twee Maal so groot as Japan.
nds-8d255aa8603a657250e91d72623863ac	En Japaner harr sowat nich seggt.
nds-a09b0cf35ace17bce25c32cbe0b852bc	Ik kunn vergangen Nacht nich slapen.
nds-1c6159b9ae9eb0983366f1bff2f26e7d	Ik kann op dien Fraag nich antern.
nds-2092cca99c184abd55eac7ba63852109	Wi kunnen dat Lüden von de nahe Kark hören.
nds-db371be3a8c27ee8a84ef8291f2b3b96	Disse Klock geiht nich.
nds-d2e6f194aa9bc21819f21d854a556450	Disse Klock is kaputt.
nds-4a3244abc210aeb510d0cbf0ba587802	Fröher hett he smöökt, aver nu hett he ophöört.
nds-5e472aa1ede89ffb2c65224a605b4213	Bill hett mi dit Book mitbröcht.
nds-27ebbcf76f854fa26aae67f6a9ce9524	He is jüst ankamen.
nds-319c2cae3d9e82750abc1a1ece091081	Ik lees geern Böker.
nds-90d614e4656a3283c7f7f5427e403316	Se seet ünner en Boom.
nds-5c0c97b98c602ae44f39b1231efc7223	Se mag Jazz un ik ook.
nds-6db46ecac3a6e4787bdf6f193caaa5ab	Ik harr vergangen Nacht en gresigen Droom.
nds-648f18a32732928013989085a7dc06f2	Fievdusend Dollar sünd en Hümpel Geld.
nds-3e664547af04b6121980f90a89780a03	Un leeg vör allen nich.
nds-dc660870173478186faef6af6daab97f	He is riek noog, twee Autos to köpen.
nds-7ae60f9d071acf27770e99c8d9df6116	Versteihst du, wat ik seggen will?
nds-657d465d7fea8088f9ce435c7785145f	De Murais sünd teihn Johr verheiraadt.
nds-9931b494836528df53bbcae6f6da2d14	Sien Gesicht weer mit Mudd vullkleit.
nds-037d9c3811a2a307adfc254bf5a175ed	Kann ik en poor Fragen stellen?
nds-9b8b2bca296f0a97dbb0ec0dd80857e5	Deit mi leed, dat ik di so lang heff töven laten.
nds-3ad3ce03fff288e97b3ea999b9927ff7	Dat Probleem is, dat dat to düür is.
nds-294fa8ce46b61b90dc026a40b11dad28	De Höhner hebbt Freten söcht.
nds-da71c3a2844cfc3c5ba4d12c1794e0f4	Ik weet nich, wat dit Woord bedüüdt.
nds-4ace1015de7937b2e71e37666d77fbc2	Dat hett en legen Röök.
nds-04fcf1ccf597a6b054afc6dc86010070	Wo wied is dat von ’n Flegerhaven na ’t Hotel?
nds-b8c6c1efe0801e326d33454735be18c2	Se hett nüms to ’n Snacken.
nds-a663814a62b95392b10d90461f8b60be	Se hett den Breev in dusend Stücken reten.
nds-c52609ab552c5e4ab0169ec9d403dc0c	Wi lachen un lachen.
nds-0244dfda6c3f80a5669b7d4598f6ade7	Ik kaam, wenn dat nödig is.
nds-5b7c4541c69065778ffc0f2b93598a7b	De Schoh sünd ut Ledder.
nds-e3b7b443d56e8c2ff922778981b3be15	Miene Süster speelt mit Poppen.
nds-53da1ae33637212eae082e06213fcfeb	Mien Süster is temlich plietsch.
nds-c95a23fc18281d16f669f7709299d22a	He deed achter en groten Steen schulen.
nds-4f40782e57c0ff086cf644356eacc0c5	Disse Jung is plietsch.
nds-bbf6da7de173ef6b98e51f47eced3b8e	Düsse Film is för Vulwassene, nich för Kinner.
nds-bc309afe7eddfcdf8a598842dec19238	Ik heff en Inladen kregen.
nds-3673749a86ebcb3f5b5d38bfa6f3f16a	Ik verstah nich, wo ji von snackt.
nds-7c7822b0c051c8efc6166f6dfaa9bbfa	Ken verdeffendeert jümmer sien Moder, wenn sien Öllern sik striedt.
nds-c2410781870372c37f1c445a6b5c1d34	Ik baad elk Dag.
nds-49c30fa7f60ed68f041b90b83b95f2fb	Ik kunn nich slapen.
nds-2c0dbcff91c83f27675bb04d44c21e0a	Ik heff en groten Broder un en lütte Süster.
nds-d7bb7e78c0b6afce3d978d8f56d8a7a1	Dat hett vör een Stünn ophöört to sneen.
nds-34651168ed63e140f5c375a44ff5722a	Ik schriev en Breev.
nds-68392f2499ed7ca589062898ff0359f3	Een is bloot een Maal jung.
nds-d6a71d848bee7656f3412c396a4bb1a3	Ik kann mi op dat Huus besinnen, in dat ik opwussen bün.
nds-3f8d07592c650fe7d65682b1a666f41f	Ik eet Ries.
nds-68d1bc3e045efd84d1ebb340c44b76b2	He schrifft mi een Maal in ’e Week.
nds-6d595e6169dd7606274b6f96d91a7d39	He is Tennisspeler.
nds-2c107c157639e85bbc2b46d20d7baceb	Sluut dien Ogen dree Minuten lang.
nds-6e2116b6c4d8cf930d6629d2d795a4a8	Wenn ik doodblieven schull, ’keen deed sik denn üm miene Kinner kümmern?
nds-ffc8b54bfa59c4848651869a92fb0227	He hett allens opeten.
nds-466d1cff4c5ff95adefad48e0be67b41	Hest du allens för morgen trech?
nds-ab1681e81d2ce953d42ff732edbca073	Dat kummt licht, dat een slechte Wennsten anwarrt.
nds-446681957582d1ddb1b375991d1ed360	Papa kummt morgen na Huus.
nds-80b0528ecf2f7962b790ebb387d90030	Ik bün stolt op mien School.
nds-f853e4fa34eeaf9abb2a7e1a00d06c41	Ik heff veel to doon.
nds-8539da282462231a47a2b7acf9710789	Ik heff en Computer.
nds-9fef2e2ea064179ad82982e9f068f4eb	Beerbuddels sünd ut Glas.
nds-596d96ecc16808c86ee1c6c50ab28c49	Wat bedüüdt dit Woord?
nds-dc0910ea6744b27444ea7201c8fdac71	He keem in’t Wanken un füll hen.
nds-93220581081556148fada026775def79	Häs du aal Meddag gieden?
nds-daa922471852b62b9a242a032d8543d0	Hest du al Middag äten?
nds-7df903654e70090460dc9fbbac9ce159	Villicht hest du recht.
nds-f5df4e6abc5524965d4c0ead917e1b8c	Kann ik en Naricht dorlaten?
nds-b215e65ac152c5e7786cf396f67c68e7	He glöövt an ’n Wiehnachtsmann.
nds-98a6c5d51d246bb43eae031fa31d8cc6	Dat is Tied, in ’e School to gahn.
nds-3697a411ee5b407d8f4be42df8303b4d	Snackt he Engelsch?
nds-25c34ae87a43bbd33479064c37fab2f9	Ik heff em drapen, as he in Japan weer.
nds-64867b9d40b0885cff8ce21dadc7e644	Dat Vörjohr is mien leevste Johrstied.
nds-1825a4bf0a822e521e65ed9146113c96	Frankriek hett en Grenz mit Italien.
nds-d921d211dd75311447c3bf1994b2328a	He seed, dat sik de Eerd üm de Sünn dreiht.
nds-8044f3fd23e80760b9cd441f2529d92f	He hett Eier un Melk bi en Buur köfft.
nds-6becccca951e3c0df6fa856ddfd8189e	Ik will nich alleen leven.
nds-99e545b55daf217189d8e474cfc375a5	In disse Hall gaht tweedusend Lüüd rin.
nds-eab52d0eda51762c8a77b730ee5c29d4	In dissen Höörsaal passt tweedusend Minschen.
nds-7a5515a176bb724d1aa34ca00770f213	Dat is önnig koold dissen Winter.
nds-098fec410ee11eee385be058373b7645	Kann angahn, dat he de Formel nich kennt hett.
nds-764bdf7c3d05e94fb33852138ae2c315	Wi hebbt twee Kassbeerbööm in uns Goorn.
nds-6684c8a8bf7a0f5bb1249337720870d1	Ik kann dat nich mehr uthollen.
nds-f2ef5a4af9824c26a025e9b20c11c4da	Lichter seggt as daan.
nds-9e61b4db13a02c4308ff7ef7e9132e66	Ik heff keen Tied, em to schrieven.
nds-aafd7cc29face12fe3b8e0a40c74e4d0	Deit dat weh?
nds-85a1be6862faed7ab2fc9d00b2342b5d	Ik weet, dat du plietsch büst.
nds-5214ffef9e4d7a4eb54375bc2e49f472	Ik heff en Auto von en Fründ utlehnt.
nds-7e5fa3bb05a3c6dfac86dcd77ed3dceb	Ik deed geern en Auto hüren.
nds-20f7790327b4ccf030e9c469ae431ba6	Wannehr kann ik di besöken?
nds-7a328aecc884ccb6231209ce0ffdf043	Bill is nich so groot as Bob.
nds-484bf842f373ef5a036a05d6a6938bea	Disse Länner hebbt to Frankriek höört.
nds-aa77215b175c994056123c8b72de6ac6	He hett dree Bröder.
nds-a3a351141dc98b833e6349a416bd20ea	Disse Hanschen höllen ehr Hannen warm.
nds-6817b605a9f65a1a672cef891e70960f	Güstern harr ik Kusenkellen.
nds-559e0903c0f23af9b6e83f4b420c3310	Is dat schier Gold?
nds-0f35c1fa156b5b9f9dcb7f81a76b9a53	Ik bün lever arm as riek.
nds-1daeb22227db56bb6d294e706fda3588	De Rhien is de Grenz, de Frankriek un Düütschland vonenanner scheedt.
nds-4a04ded9e5fdc7466e24060415a79f20	Wo lang kennst du Jack?
nds-bb60213a9a15660c79200ecfbd7e281b	Ik bün gornich mööd.
nds-d92261ad15e0a953bfe72adda9616184	Sodraag se trügg is, roop ik jo an.
nds-11ac8d54e6eacdf6a88013395c53efd9	He wüss nich, wat he seggen schull.
nds-4c11164e2b4e47a1f9b2ee764ee24621	Se hett mi dat Swemmen bibröcht.
nds-e5b69cf770b6bc3f1e5dea841aab23ab	Ik baad jümmer, ehrdat ik slapen gah.
nds-5d119ee072fe400a977789806d5b9d40	Du schusst mit dat Smöken un Supen ophollen.
nds-ac49bff5b18d410753aeed9c981187ed	Frankriek liggt in Westeuropa.
nds-625129ea8202db29249341cb02ff55ec	George is temlich spreeksch.
nds-86cf727c62e649ffc77c658b530cfae4	Ik schüddköpp.
nds-e9b60d844733915908b6ac27714a0252	Mien Kamer is dubbelt so groot as sien.
nds-f9bcb325279aa865795c1d14f0ac4d8a	Ik heff ehr tofällig drapen.
nds-0ea0ed5e1f71bd744edb7823fe82c9cf	Dit Book is dat Lesen weerd.
nds-1b25573dbb218dc7c9d411f170b1b4b5	He is nich mien Vedder.
nds-037a6faca9f1020b83d625c26a1a405b	Ik geet de Blomen in ’n Goorn jeden Dag.
nds-8a8d885f56f4aeb78dbb2f3b687d2345	Ik harr kuum de Döör dichtmaakt, as een ankloppen deed.
nds-a6dce5f45e74374b434f1b5a3626765a	Glöövst du an Godd?
nds-579102f9381ef9534c59b3eab3ca1794	En Kroog is en Oort, an den Lüüd tohoopkaamt, üm Beer to drinken.
nds-673395acc9782f879733d4b5a0dd2119	He verdeent twintig Dollar an ’n Dag.
nds-d0b3d7a8d69d31d1c00183c818645932	Se is nix för em.
nds-7276a3e5dff46619616c731f16412206	Ik deed dor nich ganz alleen hengahn.
nds-f082da3dc0d5db65456c88a78ad01507	Ik hööp, dat dat joon Broder beter geiht.
nds-a7e824a064e711c047d7d4f4af38a0b8	De Kars güng von sülvs ut.
nds-d7e79caa2fd2fec75588a3446091a2ad	He hett mi üm Hülp beden.
nds-f262ec84e38a0eeca4dc972494c26b02	Nu mot ik gaon.
nds-7b6af4eeb46b2f0b42c2f24525759833	En goden Börger richt sik na dat Gesett.
nds-ff9039dade38a97caf6a441d4cedc91a	Snied de Meloon in söss liek grote Delen.
nds-01bb8aecfb10f2520f467581e516a01e	Mayuko kann Fohrrad föhren.
nds-d2b19329ee0c187afa9e9800d9017e12	He is Vader von dree Kinner.
nds-3ac75e2036e404e29181e7e002c9ac44	Snack nich mit vullen Mund.
nds-4ec583077a20c98bf716479dec761962	Ik heff vondaag nix to doon.
nds-3c8f5d4d1508c6cc45fc68e1c5b998c7	Ik weet, woneem du wahnst.
nds-9c26d20d88fb65775ed6cdfc01b28c96	All Dörper weren schöön.
nds-4e842c828f6af9e388d2facfd4f9dff8	Ik weet, dat du riek büst.
nds-f99e5fdbc20b8d2876ab79f81e5fc266	Ik kaam ut Japan.
nds-bb2c1835c9857977e80c632d502f4365	Dat is to düür.
nds-54c8c2ce2750381ada6d1d6b158ecc0c	Dat Eten weer gresig, liekers heff ik dor nich över rümmuult.
nds-3d6d41f27ff007bef02d1a519067221c	Ik will ehr freen.
nds-a149562b522092e180f201a0da9798ec	Ik heff daan, wat ik kunn.
nds-eda85f595c9807828add4fe89384d256	Se is to jung, üm na School to gahn.
nds-4ea7a725bbf6a8ab278e9159196e8b1a	Sien Söhn is ut de School smeten worrn.
nds-465b1a2fcf849c52251f54a0a4603fe6	Worüm dröögst du di de Hoor?
nds-d37b6c3012dc50e2a09eadae0f9c68d5	Ik bruuk en Breevmark.
nds-ab2e062656f34f6c69e4a09e5d450460	En Gavel is von ’n Disch fullen.
nds-e4f71c898ff9f27cb7a8ff2963663566	Ik heff en Fehler maakt.
nds-7e1257fb407061103f47eb4c9167ad0d	He deed mien Freid delen.
nds-7e7e304a61db8b558831e111b02935ad	Ik bün trurig.
nds-30a80efd9626ba5097715d7c2b854ad0	Ik will ehr morgen besöken.
nds-c7fa66fa0ad9aaecd7e006b76db25b5c	He harr föfftig Dollar.
nds-89dd7a72a760de85c94ffa6927646a75	Kann ik mi hier hensetten?
nds-d7889a6810815368df12e3cd0280cc1d	De Gardien füng Füür.
nds-27472cb888bf58c017c86784b6a63d63	Wo groot is he?
nds-23174e8c5009d1ac6c371af1a87689ee	Hest du morgen Tied?
nds-775292cb4b66829d0b569747e2888c17	En wunner kann ehr nu man noch redden.
nds-732f1dba5f29c667a87082029695f6a3	Wi hebbt noch veel Tied.
nds-b2c86538078d95ccac5d29b749af5e9c	De Swiez liggt twischen Frankriek, Italien, Öösterriek un Düütschland.
nds-62c06b231587284a785b47a519aad492	Ik bün bi ’t Feernsehn toslapen.
nds-94b29dfe7d51f466543dfc9c04c4e130	Höllst du mi för en Dummbüdel?
nds-90b1589c0b3df8b3bf19bf401d256ce9	Man to! Wi hebbt nich veel Tied.
nds-9fd8d234ba1cf88a8df3ebe955da9aa8	Speelst du Football oder Rugby?
nds-bd21458b88a59a2f77222053860a258e	He is güstern in Tokyo ankamen.
nds-bdf269f0b26336c2cda32aa4449bd61f	In ’e Midd von ’n Park is en Diek.
nds-b55c7803a18f4051adf33a98a2f12dee	Se snackt alltied Engelsch.
nds-99a70f7721f0fe70d3d65795ae730400	Se hebbt ehr to de Fier inlaadt.
nds-f803b4cb37d4159dab7cd724af35dfcf	Ik heff en grote Familie.
nds-5ec330a6a9f0f0cbedcc915fed0b680d	Mudder hett dat Middageten för uns trechmaakt.
nds-fff50ceed08c7be67485290eae249945	All harrn dat swoor.
nds-a9d073e549b5adfe728a420be2b1cbcf	Uns Ünnerricht fangt Viddel na söven an.
nds-0ca865d4e857664398a169c0693a2da1	Loos!
nds-d2358a8c7f7f1718aad2ecc6b3800e98	Ik kann nich begriepen, worüm as he dat daan hett.
nds-efcf492997cc808d9da4ad008ebd5172	Dat schall nu en lütt beten weh doon.
nds-9622c19f2bf2245dffe7bcabde4613dd	Nüms snackt disse Spraak mehr.
nds-9858875773c063d0ca78d9d489a12454	He kunn nich kamen, ümdat he krank was.
nds-34568e770d5fe50512cb197039d72108	Dat gifft noch veel to doon.
nds-70cabf65c2fa3262f1db2867b37dd544	De Kinner warrt so gau groot.
nds-dd634be17ef9f61143fbc715df248282	En Klock hängt an ’e Wand.
nds-9c3d5d6782ec906a3a5673e3978a7b7e	Ik will över de Wulken flegen.
nds-38a0d4577883abd503117d17a4073adb	Woans hest du ehr kennenlehrt?
nds-4dcee1633af63ff66d95f11741d45945	Nüms wüss, woneem se weer.
nds-795aacbac6b9e16c5f99b1797e0c2a8c	He geiht na Universität.
nds-aff3fce1b65f1f3f782167c6fba86478	Jo, dat is Anthony.
nds-bb4b3a450cf461bd03dc83398978e295	Wannehr kummt de Fleger in Tokyo an?
nds-f78894bca8c5e9b476810868100ce5e1	He is nich so groot.
nds-3ef47daf5126b491fc306fedb789ab57	Sien Huus steiht to ’n Verkoop.
nds-41454f01614c6d88e3f25b7608362ec8	He is vör een Stünn gahn.
nds-a76a7818707000d55e7a7498d533864b	He deed ehr vörhollen, dat se em anlagen harr.
nds-77962efa19efcac4dae56d0fbb1c1d1b	Kannst du mi helpen?
nds-2aab5569bcb0369bc64f53c7b5cab597	Wo löppt he nu?
nds-87ad4505913c0dd9bb79f2c2ed403c08	Disse Bank maakt Klock 9 morgens apen un Klock 3 namiddags dicht.
nds-eb6127846010e116018cd2cc359e80b0	Se hett dree Bröder.
nds-a82308937ff2bbb90b1955103067984c	Ik bün in twee Stünnen trügg.
nds-a6ff7105335d1bc641b2f63d9333c041	Maak Kaffe.
nds-78a9a12e275684cee83d31734072f980	Ik heff em vör de Gefohr wohrschaut.
nds-415f73c7430f5df31a60c9a0e086438a	Dat is dat Huus, in dat ik boren bün.
nds-eabc10fadffa3eb9a2ea079455d1fdff	He weet nich wat dat is, arm to wesen.
nds-1e53c65e2bc2c3a8794c9fbe5e627d9a	Woneem is de Ingang von dat Museum?
nds-67009bbeca75cde51c5c78c3ddad1341	Hett de Film al anfungen?
nds-4ea3ee2d192a888711762325b6d1064e	Kann ik nu mit Eten anfangen?
nds-c9792303ed4dc73cc4e108d6e9265dfc	Se weer mit dat ne’e Kleed tofreden.
nds-959bcc9c70e0f6ab0f63acfd7fa01612	He is Schoolmeester.
nds-0017a5b589cd88016a3148808c15e1de	Dat Speel is wegen Regen afseggt worrn.
nds-e5e2bdfc83358e4c8afe9797b6b47cc3	Se hett ehr Kinner verlaten.
nds-25f43dda9b80d91d9df68ace90d1a054	As Kind hett Bob in Boston wahnt.
nds-72ba1c2e70097dafb53062c40a3724a5	Ik harr geern wat to drinken.
nds-c86cd8fd8cfb65a3032045f1754cb0ca	Dat Fleesch is good braden.
nds-eb6ecf023f9b42eb07622b6ca1b201b8	Woneem is dien Vader?
nds-3a885f4795d612b2c781f3cc4d503fa4	Mien Vader hett mit Smöken ophöört.
nds-61c8ded7075532b0d8c94d34bdd67c2d	Wi kennst uns von uns Kinnertied af an.
nds-b8224f4c1ce4f0d1f1fe63e6771a1f4f	Paula mutt ehren Vader in ’e Köök helpen.
nds-83de1b87616455630cd893f1cbf64616	Nehm twee oder dree Daag free.
nds-9083a1f42f58aa8f73713ef8745eff5d	Ik heff keen Geld.
nds-9d4248cea692e431a90a484f5ee0c365	De Mannslüüd sünd op Jacht na Löwen gahn.
nds-c97cc48838bf3f27bb97c695e74b25ce	Ik lööv, dat se krank is.
nds-f4646d4c11a9ebf7650316a9de6cf320	Wo schöön de Sünnopgang is!
nds-6b500e1373dcdf2582153fd93e110713	Dat Bild sütt von wieden beter ut.
nds-6473a654c596787200d7e82327c5e792	Ik heff güstern mien Lohn kregen.
nds-3e52f78bf51d639bdebc6f5e6d9ebabc	Ik roop di later an.
nds-1a763c56737929e2c4dffb4020d242c2	Ik heff en Hund.
nds-436a3103bc9064a8f620722f5b3d6e79	He is bang vör Hunnen.
nds-4debe29d78c76ec27fe088c1e45d4b73	Maak dat, wenn du Tied hest.
nds-48194d114485eabd20a2482b0dc659a7	Dat weer swoor, dat Radels to lösen.
nds-2a5446d62d88dd01c3e02544da9342ca	Dat hett nich lang duurt, dat Radels to lösen.
nds-9218d28485678f418567d68f22631126	De Bus is teihn Minuten to laat ankamen.
nds-7bf465fa447936873861f578d74a17cb	De Bus keem teihn Minuten to laat an.
nds-6907a112bb80f7f3176a9b3b2b569173	De Bus weer vull.
nds-06393631f759b6865b86795f8692214c	De Ammel weer vull mit Water.
nds-f8cd9f20eaefae1b67de9cf60f19c91a	Ehr Hoor is lang.
nds-9dc19786bf42bb780967088d78ccf80e	Man sien Frünn nöömt em Ken.
nds-939ee4d51a441a629d4a6dd6e9096f93	Hebbt ji dat Finster apen laten?
nds-795a67c01ce9e1f96788c5a97adc0861	He is veel öller as Ken.
nds-df3290a7790ea310332fa625ea8d1bf2	Ik heff to doon.
nds-636be8f036500280738837f8d014b38b	He is bang, Fehlers to maken.
nds-a27327c45e4110b6fa1454cc012b97ad	Dat is winnig vondaag.
nds-df320b3411aa3d70ffad6f805146631f	Mien Vader leest elk Morgen dat Daagbladd.
nds-98d7cfa734dbb63a085e982e99349e68	Ik dach, he wüss allens över Japan.
nds-37a256b6e0bb7609ac171410c468a301	Mien Moder kann nich kamen.
nds-8e92da627f43f7f574ba1ce63ebde442	Hest du japaansche Dagbläder?
nds-aa7c6d923495daef650dd25ac54a2924	Se hebbt versöcht, den Präsident ümtobringen.
nds-ee78a70afca148467f7ba79f2b484083	Ik heff een schreen höört.
nds-1784a9b2ba6ab0dae5b47a054a527109	Se itt jüst Middag.
nds-c9ffdd9fe885df0c76c06e3e29f3c759	He stell mi en Fraag.
nds-3bf15ab93d0d5a8e357c44913726f1fb	Susie hett mi twee Böker utlehnt, de ik noch nich leest heff.
nds-cbce73d72f104f11ecc41dbae95999b7	Ik miss ehr so dull.
nds-e7f81c684218c9a60b013d48cdbef41f	Ik deed ook geern wat seggen.
nds-a1375bf4cc7736a55bc7e0cd3e9d6682	Siene Tasch is güstern stahlen worrn.
nds-4915c4d04b9888e198f9f19294d1a589	He hett mi verspraken, Klock veer to kamen.
nds-c3ca983bb6d719564f7dc2aa6d72a2d7	De Shinano is länger as all anner Strööm in Japan.
nds-4cdd5a644ce00830954d8f9ae846ea18	De Maand schient nachtens.
nds-c250e7d94d9a16f29144f61a0d3db210	Ik glööv, he hett recht.
nds-2e965eb0eebeff39b23b1a720b55feb1	Man ik kann good kaken.
nds-3f0d2a40a505eac3fe78b9f04480aa14	Ik heff mien Klock verloren.
nds-9865ae3601991199800d62f8e43d3c71	Ik gah to Foot na School.
nds-79edaf76df4786478230f00725fd77bf	Woveel köst disse Klock?
nds-40eef6bd1f43491e115fdc36b1e65f14	Worüm hest du dat so hild?
nds-f985b628a7a54f7d7aa1a063bf354607	De slips passt nich to mien Antog.
nds-e9b0f097358c72d47bd5b212fc6e7d04	De Slips passt good to dien Hemd.
nds-bf8f5da6db521e6ab4c2079e5f0691d6	Wo oold is dien Opa?
nds-aff269c99facd40cde7f4c2db62b1ed4	He harr sien Scherm in ’n Bus vergeten.
nds-fa3afcef11f0b22b2f09db0b1cc57e67	Dat is allens.
nds-c5198dfd68a28c23738bc9cd641b45c8	Hett sik rutstellt, dat he en Spijoon is.
nds-8f47276c93fcfbdba2909951030a6681	Miene Kamera is waterdicht.
nds-58e6d94c1e6be3cc3ba7e3608bf38ebf	Du schasst di gau an dat Klima hier wennen.
nds-e11dfa2985696c90268bcc6caf411fc0	Ik weer al twee Maal in Amerika.
nds-ccfb1982c80cbeb7395f82b6a7784ad8	Legg dat fuchtige Handook nich in de Tasch.
nds-f8d9b40b78f56371150043d18352b21e	Hest du dien Fründ de Naricht al vertellt?
nds-2a7162b849eaa052bce7585bdf18c242	As he de Naricht hören deed, weer he verbaast.
nds-2f3d68ac18d7b254d33604c96ccf8193	He quatert gau.
nds-3b828439850038f21af98b6071225ed5	Mien Maag grummelt.
nds-279ccf3ee455aefe5a36452996d8e861	Ik bün jüst ankamen.
nds-845098c2b03e757395124de3c8bbd41a	Se keem laat in ’e Nacht in ’t Hotel an.
nds-038f7c206fc4bbb6924b345ce5915af8	Se is in ’n achten Maand.
nds-4b1c722d0268b3a14211e2a52f4eb98a	Kann ik ’t Kiekschapp utmaken?
nds-0e956ec5a9f8ea81236934df40e77e2f	Mi rüüt dat, dat ik sowat daan heff.
nds-8bdb6ff42b233c60f4d1eb4b5397fce6	Sucker smölt in warm Water.
nds-1f2c0da84c907daec96231aa31c08941	He möök sien Glas leddig.
nds-bd137326dd6fe5e8e47c78a597095da2	Laat uns den Wiehnachtsboom hier opstellen.
nds-5678315c32ba68cb4d033292c5fb94b9	Geev dien Best.
nds-2d3a28b9dd218210fcfbbb3203a480ec	Büst du krank? Du süst bleek ut.
nds-f4e765a37af1ea28ff202d61fa9715b5	De Computer is nee.
nds-506e607a5eac707c5b44e7bf728dbca3	Disse Böker sünd nee.
nds-201c056faefa1e1053bb7b54b92fcc04	He kennt de Stad good.
nds-fbfaa4efd5743ac281c20b005c99afd1	Ik gah na de Stad.
nds-1ee498492f6b4d0d9e6283950dbafe28	De Appel is von ’n Boom fullen.
nds-12a009fb2a8a149d4374b8167dc0c968	Se mag korte Röck.
nds-60a63a3e515123b8f7612fb4f2f43b6a	Ik mag Katten.
nds-35e97dd9863de992b17e5e0bd9fcb557	Ik slaap geern.
nds-f3b7743c7727108f70235a9f264f9f77	He kummt villicht.
nds-6413c6686482eb0c7089fa05b105e9f4	Dat Avendeten kann töven.
nds-2b03b024f6a53d45df8b7b114584a6d2	Se kann nich swemmen.
nds-70382bb9ff46d702fdd2e4297a304c7c	He weer villicht krank.
nds-f0884a88fc761cd49577a3d18aec9bc7	Kann dien Broder Autoföhren?
nds-9d5efb908eb5d23fa247942741ba0f7d	Köönt wi uns en neet Auto tügen?
nds-29526d75dedd140e12378889dc340cdd	De Daag warrt bilütten körter.
nds-addce75064892baefc0c130265722734	Ik bün en beten mööd.
nds-b8b0659474648d8f46cee1fa25809532	Ik heff wenig Geld bi mi.
nds-87b260d5395c6e5343f04a6363dfdac5	He hett en beten Geld.
nds-f638988ba4a51e5f2f502a7c2f788bc8	Wo lang is se al krank?
nds-9293c65ce7302d2604f87540108d0f07	Dat is to hitt.
nds-9543083cb9a310e8561ed6026afe021e	Dat is hitt vondaag.
nds-58e591c03050ba7415af478a4ebf6e79	Dat is nu temlich koold.
nds-db2ac287cc249cd1338a67a9c03ee4c7	Dat is temlich koold hier.
nds-d33a636c27c54797c223dab731333c75	Worüm is dat so hitt?
nds-1830205325be3eead1f7e9590d9a8d4a	Du hest en Fehler maakt.
nds-afff87f2d09c740beff59f81291c341f	Dien Vader is groot.
nds-0729186727e011e17c3d5166afa8d9f0	Ik bruuk dien Hülp.
nds-ad181d7954763c0b0cb9a3e12445b3ab	Ik heff di för dien Vader hollen.
nds-d27cc066061c4f238928994e70c5431b	Ik bün öller as dien Broder.
nds-17279d7866b78caff7029a1716eb7912	Hier is dien Hund. Woneem is mien?
nds-718ddb2aa72633d17a8e34ea617295ad	Kiek dien Katt to, denn lehrst du ehr kennen.
nds-bd6255e32889c801763e5bc32df06ce8	Ik heff ut versehn dien Scherm nahmen.
nds-e990056945264f3da0dcafee83fa7474	Op ’n Disch sünd Kattenpoten.
nds-1854790eb7beaa493169977a4af2524f	He deed na sien Hund flöten.
nds-17e33f4d1445a5ba078f8b6631ed88fe	He is ehr Fründ.
nds-d11c5c6490a68342cff1c65b98dde3c1	He nöhm ehr Geschenk an.
nds-331580e6e4ebaa4007a540231c27162e	Ehr Vader is Japaner.
nds-b07f02dd18b04d006f329eeb8528de14	Dat sünd miene Böker.
nds-de15267c1caa5fd7d33ee8b898c00c56	Ik heff sien Naam vergeten.
nds-94716304313de5dc2368dbc2d30ccc66	He schall woll vör Klock fiev trügg wesen.
nds-8b325c1f1dbdb18cf42edd2a1020bfa6	He hett en grote Famielje.
nds-74a30dd7fe5923c9a71d8573614807e4	En Vagel hett Flünk.
nds-5e8f72419a37292914e63bea2341054c	En Vagel hett Flögels.
nds-052f00a21aeb7519d37df88dfd33a10c	Spaansch is ehr Moderspraak.
nds-f3e2346320202ea161296b15eb4bb760	Mien Vader is jüst na Huus kamen.
nds-b86da9b922cbb74a9be861b0c63b8d83	An wat för en Dag hest du normalerwies free?
nds-7a4f985e344900bd891316762e5c7883	He deed noch wedder fragen.
nds-bc87b97dfd5eee4d48463ed0fcbc60dd	Siene Temperatur is normaal.
nds-bbd230b1b65842c6e3c363a72388a7c8	Woneem is sien Famielje?
nds-aeabcaba2abe560f57b17201ed78de07	Sien Kamer weer nich oprüümt.
nds-b733ebbcf190410e7b37f86d049759f2	Se hett lang Hoor.
nds-71938423cc0b2432e00a691a9ad2f575	Wo lang duurt dat?
nds-c355052813fb0cbadfcbda6e60aad928	Wo lang bliffst du?
nds-7ec94a47aa0c975931333a4f907fdd71	He hett en lange Nees.
nds-c563bd741ee5bee21ce50b277bd35354	De Ries schall dat Water tohoop opnehmen.
nds-c0464f35a5e0debbc7aa2903730a673b	Stell dat Auto in ’e Garaasch.
nds-c4944c96e4171304bb431bca8ed1c833	Wi hebbt uns güstern avend noch wedder streden.
nds-d84cf14af6922584077ff7d34e29b054	Wi snackt all Engelsch.
nds-ac41cbf14d151084953a9dc7c330b183	Wi gaht na Huus.
nds-9f913db297f94698e54c6db40d7f425a	Wi sünd Studenten.
nds-a14d8f008ea7648273fd03dd5b6bcfa2	Wi hebbt noog Water.
nds-2749e4cb1ea979d7b49b28a6f96b2a27	Mööt wi den Bus nehmen?
nds-5f70cebd880f21e7cb31bfb10487ba81	Wi nöömt uns Hund Pochi.
nds-7c06f3b1f1ab1a97f6c0b4a9a881b047	Melk maakt uns stark.
nds-5e7f0275a2398d91fdf0f8ff129b7f63	Wo smuck disse Bloom is!
nds-8ca5d4a06cd35ca4852016b5154bc766	Junko is en smucke Deern.
nds-f5aaf809d41dc6c3f616d37f3b4a67d7	Wo smuck se is!
nds-bed94292409ab81b533be48d3718db7f	Wat ’n smucke Bloom!
nds-ce342f9f9d431c827f9773b91f00ea3a	Wat en mooie Bloom!
nds-8033c95be622f950356b55d4f6cacf17	Wat för en schöne Bloom!
nds-36c80eb71620e12086be49bf2b96bed6	Se mutt smuck wesen hebben, as se jung weer.
nds-4b5be4090cc6e371fc056316b01e9b84	Kannst du ook op Italieensch tellen?
nds-99d17f7081cc8e903611dc1225d282a1	De Priesen sünd hoog.
nds-0408fc9e3848ec813f386562cf3b96c6	Siene Schoh sünd bruun.
nds-c95cf08dddbf377185654ef199d2ac29	Miene Öllern sünd oold.
nds-f8e9a1756d9973507a973da76a403d59	Woneem sünd de Schoh?
nds-9ba9fd4e567401c06e259a3c19b1f185	Ehr Ogen sünd blau.
nds-2d0ca255593cfb95597a7fb58a967a62	Bob un Tom sünd Bröder.
nds-81ea4361bb541749706e389b48026144	Sweden hett en egen Spraak.
nds-0db7bdc8b1735a4dd0442121dd4aa348	Wat för en Spraak warrt in Ägypten snackt?
nds-3698bd8494381bebb2fe44125d0da88b	’Keen is dien leevsten Schauspeler?
nds-770dd5a9f43f5bef16b6866c92cd9dbc	Wies mi en anner Bispeel.
nds-8911368296e03cfdc02a0590721ef926	Ik fang morgen an.
nds-1cf76a820eb94029526beb4c88df7a72	Bet morgen in ’e School.
nds-17599e203fda3a28fd1c1df854e73cd1	Ik besöök em morgen.
nds-ca09474d43736e84bd41e48f52ceb165	Güstern weer ik krank.
nds-5e2f0f218dfaa5915dc9f75739bcd9fa	Güstern weer Sünndag.
nds-0809407a511cb54b9250f8280698b33e	Güstern weer dat warm.
nds-ba9700a77e1d63df3a0a42d155eca749	Güstern weer dat koold.
nds-a02dda5fb3b410f2ac1592e7f2ac3867	Dat weer güstern koold.
nds-fed11fd9c18812a380339c8ea49821a6	He drinkt sien Kaffe geern ahn Sucker.
nds-23ffdc487b50a8d80ed0c9e002b58d64	Ik bün dat nich wennt, Kaffe ahn Sucker to drinken.
nds-c3e715dbbda520ae29abd9ef4cc9f3de	Wenn se bloot noch leven deed...
nds-452b95bae7001f4f228fc17909a1f0b5	Ik heff man de Halvscheed von ehr Böker.
nds-3e52f78bf51d639bdebc6f5e6d9ebabc	Ik roop di later an.
nds-513e0f983df854f1995c71a5a98285b9	Ik kaam naher to di.
nds-97706092d86d2713656d5e0f586c18d5	He keem twee Stünnen later trügg.
nds-9bdd67917875b088d0d113fa1f4c0024	Hunnen köönt swemmen.
nds-6b9c6fd0b49074f5fc25848fe20b8308	Ik will slapen.
nds-56966e39c60f207ed7487011e1f739ae	Ik will en egen Kamer.
nds-432888405dea9df62c7acdf5d902dbd6	Ik will swemmen lehren.
nds-ec1391b57a26af9195363d9d859d8ff5	Ik will Swemmen lehren.
nds-ba6d9036105781ad970a3f2b3499ab12	Woveel Appels wullt du?
nds-85052b06b3b97e2beee977e37247495e	Ik will nich arbeiden.
nds-ff1b471ae697897be76657e434b1d559	He kann gau swemmen.
nds-29d93fa1688e96850461245ec32168cb	Loop nich so hart.
nds-7ee7e71ace82ce381b1c7e15e74cb565	Ik heff ehr för Minako hollen. De beiden seht sik so gliek.
nds-d2e6adb47b0adcc39c847d62c8cd1c38	Laat de Schoklaad smölten, do dor Botter bi un mengel dat good dör.
nds-02c9016bcfbab5d993af11f0f89d0ff2	Se geiht na School.
nds-f4aeb5623d5f0cafc24eed41da0acce0	He hett mi sien Fotoalbum wiest.
nds-53764f6d67d7cf613d0996c2237f9ac2	Loop so gau as du kannst.
nds-5fdda5a14aeed704809dd8259360503e	As se de Naricht hören deed, is se bleek worrn.
nds-c70516b663235b5e90fc1b68d891b20e	Ik heff de Naricht in ’t Radio höört.
nds-5d4565d2c7e6dd0d3e408aa97c138aa4	Se hett teihn Kinner.
nds-fa82619b5881dd3bfa96918529073c4a	De See is dree Mielen breed.
nds-aa44db8edf24def44757d865bda457da	Sette di daal un resse di.
nds-931a7d623850a80f178d28513fb92d7d	Ik denk an di.
nds-18cff0cd3cba8881b44040ffd6fbd0c1	Ik bün grötter as du.
nds-85b6af677d8ba00cc099b19f6ce33706	Ik kann nich ahn di leven.
nds-ac709d99c383e915ae924bbbcff1393c	Tony sprickt jüstso good Engelsch as du.
nds-8ab77433fde8964935a66649a74c8607	He leevt in dat Huus dor achtern.
nds-b27df4c61dee589b6ba5b3cf52731e07	He hett mi lang töven laten.
nds-4ceff41316c88c1f7953a27900997605	He wahnt in Kyoto.
nds-c60c504c8927f05fad066d95c049aba5	Wi denkt, dat wi dör dat Slimmste dör sünd.
nds-5e81c9f56fdfcf87cab15f92bcdf7dab	Wat föhrt harter, en Schipp oder en Tog?
nds-e41207ab92f4487b0e5db8ca5a203111	Wat kaakt ji?
nds-995ea1dee606e3bfa8f7cf57ed49d1c8	Wat hest du köfft?
nds-f66515dbb7b81540bc2ef8c2bc59cd20	Wat leest du?
nds-f72eda42a887809a2e2286d39e0940c6	He is en Dichter.
nds-6002d3558830dc082859378b9cda3377	Dat is roor.
nds-ff272c592c43dedc528cd64dcdfa9825	Dat is snaaksch.
nds-0af8067d05ce20f49aecda21e8a880a3	Dat is en Kiekschapp.
nds-928ce454fa01e198d5415e1a048895f4	Dat is en Disch.
nds-e49326b2620293dda5341e35f9e1c16b	Siene Hannen weren leddig.
nds-49d23f15cd2b5eadd46c262c4554a084	Ik fraag mi, woneem he sik verstickt.
nds-309c57e5c39ddbee9d983a0f650e96da	In ’n Winter treck ik en Mantel an.
nds-0a5b8b302d81fd4ebf412436d7d333ce	De Stad liggt an ’n Foot von ’n Barg.
nds-84629726242fdfa07ab4adec5cf2e3b8	So is dat.
nds-81bc3a61ff99d5ceebf74fb117642fcd	Vondaag is dat temlich koold.
nds-29807141977cdef435999053b481f8c1	Dat is noog för fiev Daag.
nds-9cbfa1df672c11150f07e518fc9b23d7	He is oold noog, üm alleen to reisen.
nds-716b900be9d20fd71d1d757c1519f8be	Du büst oold noog, üm dat beter to weten.
nds-c6af4455f58713670579d875ab83c1f3	Uns Stad warrt jümmer grötter.
nds-8aa5050917a5dc7c8cb391eefb057d8e	Ik kann nich mehr töven.
nds-7c00a4a5875627633cb7f17e8cbc7d6e	Se schrifft mit de linke Hand.
nds-70cb6e44b41dd46f538bf1bd4a53520c	Ät un drinkt.
nds-70cb6e44b41dd46f538bf1bd4a53520c	Ät un drinkt.
nds-028ced3d2d1385c6eb389c7d7d49baab	Mi geiht dat good. Un di?
nds-6a88ec5e1a70336047a2bae284851cdb	Mi geiht dat good, un di?
nds-f232c766ec500b1ebe77a6c55c9ed564	He snackt Engelsch un Fransch.
nds-4300878afeacf125b9a6f5b7ee977a13	He is groot un stark.
nds-b27f8a9d8331e8919ddc767fe3770c34	Ik heff twee Bröder un een Süster.
nds-a8e0d9a0223566a83a8c7deffb2ded32	Dat is al meist halvig twölv.
nds-eeb5ea38f8e5e51df6c36fecb290a96c	Dick hett Klaveer speelt un Lucy süng.
nds-17abaaaf9ab0bf7ae0efe3acb456e132	He hett en Hund un söss Katten.
nds-4fe6522d1a441a6eacea23e22746eb5e	Se hett een Söhn un twee Döchter.
nds-cc640aef1ea84c3f5c17cbdde7ad8d3d	Wees bedankt för dien Antwoord.
nds-2ebfef73e66073f689726dffbde0d580	Wees bedankt för de smucken Blomen.
nds-8ebdf1a660e4e9259cb48cfd0fc6e2d0	’Keen is disse Deern?
nds-00144686bff7bd128716535de7c846b1	’Keen hett dat Telefoon utfunnen?
nds-8790e1a63d3f1957999d3cb4086c83ea	Wat sik geern hett, dat brüüdt sik.
nds-7b9fb9499cd196fffaf2e8cfc87260a0	Wen häöert düsse Tasken?
nds-a2577a15e0528e12c4fe75d1d5db565b	Mit ’keen snackt he?
nds-225e9da0f7ab13e3d257c1930a122d72	’Keen höört dit Fohrrad to?
nds-0e7522fdb9a45165c80efb6e88070102	Ik weet nich, ’keen he is.
nds-ae06d8c01d20bd1897f2f5cf46d8dab3	Hunnen, de blafft, biet nich.
nds-a989c23cbdd740901cca4fdf2e813c75	’Keen höllst du di för?
nds-f71b87fd3fa5e577862946b51879e93b	Weet ji, ’keen dit Auto tohöört?
nds-b50e13059f3f0058a1a8a90db7e09194	Is nich allens Gold wat blinkt.
nds-004113b0276c3a5d196ab3f6aaf1f874	Is nich allens Gold, wat glänzt.
nds-2993107374b5e7b0423e1c8ad1907114	De Asch von mien Grootmoder is in en Urn in ’n Tempel.
nds-f43e6a6bfb2f5ec122537ee877a612fe	De Klocken von de Kark lüüdt.
nds-31df959ec50d24cdadfdf95883e5d306	De Karkklocken lüüdt.
nds-30c5084a448b8b03675b4e06e3ad09c5	Froo Smith föhrt mit dat Auto na Kark.
nds-547b23a060413fa0f6734164d77d00c8	Sien Öllern gaht elk Sünndag na Kark.
nds-e087bb7606cd6a38595e44a8cc1fc351	Löövst du, dat Fisch hören köönt?
nds-52164c834014a7bd39deec18ffe1c97e	Ik lööv, dat he riek is.
nds-adfdcf72eefbb0f3b8d9292a9559eea0	Ik heff mi ünner ’n Disch versteken.
nds-3e515822dbbc81109beb70fb95f6b4ec	Ik draap em faken.
nds-f1fc22e1c9148cfba4a47b2f975f3780	He kummt faken to laat.
nds-6eaecbcb8eb78542937d17213a1616ba	Carol kickt faken Horrorfilms.
nds-375eddec63204de3ff42174fa965f455	He simmeleert faken mit slaten Ogen.
nds-2c5d2d4f4e75ca84cc44d7a733c4b4ab	Mien Moder hett faken Koppwehdaag.
nds-844544d02843cb69c75649fd7cbc5b4d	Ken hett en Gitarr.
nds-4998855349d521c8505f76de8fbdbda1	Cecil deed en Kars ansteken.
nds-d5e6271b439def4e90c1fa28b27436fa	Laat uns verpuusten.
nds-d5e6271b439def4e90c1fa28b27436fa	Laat uns verpuusten.
nds-e5a5c2dbd2c12b7d1971c8d693accc36	Ick häb en Dochter.
nds-028628cb80bb97c29861b377fdb12684	He hett en Dochter.
nds-31017296653dcd7cf619751872396d99	He harr en Dochter.
nds-60bbf59625912bfc40e73c45bc71b13d	He harr een Dochter.
nds-c8cee64b7634d7468c3d9a2f4ca79a9f	Krieg ik en Narv?
nds-6518c789f30134a67c149e686694b890	Ik kenn jo nich.
nds-a5dd45c94fbc577754417b29f0b31e27	Heff ik nich recht?
nds-2284be6488056f779389cd4dbb314733	Maak de Döör nich apen.
nds-dcc77a09d56ff3fc89deba4d3e12c574	He is keen Dokter.
nds-226c24a3d04868b116129481ce1e85ed	He kennt mi nich.
nds-03674d52969574dd27cb53c88db894bd	Gaht ji to Foot na School?
nds-cad95a17e91396be1f6358a71f49ab8f	Ik bliev in Osaka.
nds-63ce34c3353fc7fd75d42e9ca245c51e	He leevt in Nagasaki.
nds-ffaeca10b58b76b12a5a396a72c7074b	He is dör dat Finster rinstegen.
nds-2d809eb4eeef3b040c07f31071448cbc	Laat uns teihn Minuten Paus maken.
nds-89bdfb51ff882073ca9381927c2a1dab	He hett teihn Keih.
nds-70f240acf7ef9f1ef2c04d3df15f6cbc	Ik bün Klock teihn trügg.
nds-15ca30c76f9718fe94b833b1934ab493	Ik heff dat för teihn Dollar verköfft.
nds-e664f05b34ea9ab6bd2244beb93ab132	Se is nich öller as achtteihn.
nds-2c47d80516abad6921259b37a66e0b1b	Ik wahn mit mien Unkel tohoop.
nds-6591db98e6cfb70c9906bb267fe1f5c9	De Kinner speelt mit dat Speeltüüg.
nds-b8af57abf9b6d0720ddf3b35dbf5253d	Ik gah vonavend mit Lisa ut.
nds-b378bcf3b18025c6f65ad9c1eb44bce2	Snied den Koken mit en Mest.
nds-333017bbb4da670daaca5ab933f33ad4	He striddt sik jümmer mit sien Froo.
nds-7ee7c1209e985c92545fc4da5a9fdf17	He striddt sik jümmer mit siene Froo.
nds-39acc477e8bc6c65e494e2b9a06405f0	He slöög den Hund mit en Stock.
nds-ee1835efc068400a74572fb5f1fe5375	Speel nich mit ehr Geföhlen.
nds-5ffee3336d3d222a77a7f4066b8dcc19	Se striddt sik jümmer mit ehr Öllern.
nds-d8898aad19706496acb6ef85972b3072	Se snackt mit ehr Öllern över allens.
nds-a36fc8e1f597e3fbdac879ee0144d26b	Ik heff en Probleem mit mien Wagen.
nds-ec9884bb08cb08bf380557143b5c417d	Wo geiht di dat?
nds-3eecce16656f3c123b7018e74e4e8eca	Wat wüllt wi?
nds-e466b8863d4097f3da06f980c3c445a9	Stöört jo dat, wenn ik smöök?
nds-d059c1076b05508056c13f1f0515306d	Dat verwacht de Briten von jemehr Königin.
nds-9ba542a77ad56b816410607a43332771	He geev jem Eten un Geld.
nds-f91d435d843d5225711b21344050be56	Ik heff jem to de Geboort von jemehr Dochter graleert.
nds-cc91bdd5d19140546f3e9458af87fcce	Jedereen mag em hebben.
nds-75d5eace9bc29f9f5f626110e419c36c	Kiekt jo de Weltkoort an.
nds-ad694d845686ebed373db205222df5d0	All wüllt blangen ehr sitten.
nds-52d69248472e025d19e97999155e05e9	He stünn op.
nds-2cb94f00bc9b50c823021264b35273c9	Wult ji nao en Köpken Kofi?
nds-be3f29b974bf9840e21c413c158f1010	Kann ik noch en Glas Beer hebben?
nds-2815321ec67f1dad99ad772ec637bf95	Jo, he hett dat al schreven.
nds-123114f189e4ff23627589657935cbb3	Segg mi de Wohrheid.
nds-09901527638acc0f1de7ed4ff225bf2d	Ik kann Ski föhren.
nds-533d8447174556370b0dde1891f8fcfa	Kannst du swemmen?
nds-13c8e8ad32f21b57bb02de5218bba1bb	Ik weet.
nds-21e79d1e95251304a70f22c84c70cf42	Ik weet nich, wat ik maken schall.
nds-88582766f63ff8177d84f9b18ebbce3b	Ik kaam ut Saitama.
nds-c56e2b53dde0c568f49b750dcebabb70	Ik kaam.
nds-6283e73a8c8adbe12f40ad2005c50a55	Kaam mi besöken.
nds-11b14060b0bac8a7ae7d61766c3999c9	Hebbt ji dissen Artikel leest?
nds-20f82f121d597f9a4f6238db7087f1f3	Ik heff vonnamiddag Tied.
nds-55d3964b327099681d7ffe57dc766551	Ik weet nich, ’keen disse Mann is.
nds-e0d0b3c5162170eaa2fd7b909c61f5c9	Mary kann swemmen.
nds-d0617704498c88979e17965cfc7871d8	He kann swemmen.
nds-76abd7425ba6c089fbcd7eea2b5012af	Tom kann noch nich swemmen.
nds-9979b28f842fdebc72ecae7e51cb9c07	Kann diene Mudder Auto föhren?
nds-323e80954fe0dcf2fe17c9001bd142e2	Se wahnt dicht bi de See, man se kann nich swemmen.
nds-510da3ac5b104744cca6d2df05edc753	De Rhien is de Grenz twischen Frankriek un Düütschland.
nds-cab8a03e94ecf48229190b0335d8b44f	Ik leev in ’e Stad.
nds-5607d114eed7c3addd643f95e1ed5d1c	Se arbeidt bi de Bank.
nds-73b010761f3e76b468b28767ff24a3cb	He arbeidt bi de Bank.
nds-79b989f230284aa693ec456ea6c7a4bb	Ik roop in twintig Minuten wedder an.
nds-af26da55c2bd33ee9ef99a5c48204905	Mien Kontoor is in de Binnenstad.
nds-bf0a2430de43274c19ccdfedfd13ffb5	Fisch leevt in de See.
nds-92058c3252f8316fa7b69301cbafd2f0	Uns Katt is in ’e Köök.
nds-768bdb0cf2e20c500c78299c1bf4268d	Eric is in uns Footballmannschop.
nds-e07651b5596af6f6146e2fef2a136a07	Ik bün in en poor Minuten trügg.
nds-8e6814025f25740bd8f573168576cab5	Herr Wang kummt ut China.
nds-d3fdd998d120bc92612772f079ffb06c	Jane kummt ut Australien.
nds-fa2731f7218566d7ef012dfa8f07567a	He kummt ut England.
nds-8a70f196c4322f38b02b69326001e2dc	He is jüst trüggkamen.
nds-969377da019157a5af5764a4a50c908b	He kummt meist jeden Dag her.
nds-bd243725bbb24d5cd4bffe7cc3d99ba4	Mien Unkel kummt uns morgen besöken.
nds-a214be2811318ac1c0be7b3d746c70e7	Ik heff em sehn.
nds-22af02ae1862b8e8b35d366aa35c654d	Ik heff em swemmen sehn.
nds-be1b0a648fc03bf937becdf8a645c640	He hett nüms sehn.
nds-4f8f0058c6bfd40974190d2beb9f1a22	Maak keen halven Kraam.
nds-ea9fba892bbc5fe99042129d0d749486	He sprickt fief Spraken.
nds-d162e8a46eca69d5750e52148025eca2	Se wüllt bi de Olympschen Spelen mitmaken.
nds-86721bdaf42e64940ac8213119e99817	Ik mutt op sien Breev antwoorden.
nds-456b48534c73507567bbcd8894b9b685	Ik mutt ehr morgen de Wohrheit seggen.
nds-cdf2f6d49dbbb8f7745d3d1477af9efb	Ik mutt Klock dree an ’n Bahnhoff wesen.
nds-af3594fdc585bac2d341c08d18ead73b	Wo faken mutt ik di dat seggen?
nds-925c60945dd9099c5dd5d67fc36f0538	De Reken mutt vondaag betahlt warrn.
nds-a139c686c99885a3cd5c2cd4f8a47dea	De Tell mutt vondaag betahlt warrn.
nds-03cceecaf3f9c2491b70dc69bc547b50	Blievt, wo ji sünd.
nds-799f102f1c2f34f6fb1aaa8ea6883b00	Wo oold sünd joon Kinner?
nds-234a2066e82e6bd83b0d5a33465958ce	Ik söök mien Brill.
nds-638a8eed7f8e12267ea133534acec8f0	Miene Frünn nöömt mi Beth.
nds-57ce12d3831f1b849b5acf9a76c8ecf2	Mien Süstern sünd all beid verheiraadt.
nds-91ff02b5b32a0fc2eed739c2c8b64610	Ik heff mien Brill verloren.
nds-f3f919281948b0f45929367337a6e134	Ik heff jüst mien Huusopgaven trechkregen.
nds-bb1e3424851fa7cabdd205a117271f6d	Jack is een von mien Frünn.
nds-e4df4def9c2b006c7be0985269414ac8	Ik heff mien Naverslüüd to ’n Avendeten inlaadt.
nds-31c5131c8bb8160fe66277c23d0249e4	Ik heff dat in ’t Daagbladd leest.
nds-504076b35fa8bfd96a1afeffb171de5a	He hett dat Book noch nich leest.
nds-b7c92bfa25e2d54f464c88056358eb8a	Hebbt ji al dat Bladd von vondaag leest?
nds-1c968d79efa85c55f9416c3433c93a2b	Ik heff dat Book güstern bet Sied 80 leest.
nds-7c9ee58f0838bea392daeb16e9bff8b7	Treck diene Schoh ut.
nds-bdb8a9ad90fc646d18e0d3351e2886cf	Holl dien Ogen apen.
nds-dedcd50034cc617eeb2e04046035af7e	Hest du dat dien Öllern wiest?
nds-91c7ea65d00fd586565f916663ea4367	Hest du diene Kuntaktlinsen funnen?
