bar-ee24ac3a1c63cc18d34b5238074e1cfa	I bin da Jack.
bar-26723950cca1e90d1c8d8e1cfe4c93a6	I bin da Ludwig.
bar-8c01dd862dac01027b82a0f16f92dd6c	I bin da Henry.
bar-134773427ddf219b6dca622d79c60080	Guadn Dog!
bar-26723950cca1e90d1c8d8e1cfe4c93a6	I bin da Ludwig.
bar-ee24ac3a1c63cc18d34b5238074e1cfa	I bin da Jack.
bar-244e3fc418d7ad6d8415c3063c08aed4	Waun i du wa, tarat i'n frogn.
bar-cba46a8d6acc35864fa88d0f9cf65c57	An deiner Stö tarat i des net.
bar-32f30e33b875445a4451faed0594299c	Ihr miassts ihr höfn, und zwoa gschwind!
bar-43434d949483e0b0b927fa439ca54c7a	Waun i nua wissat, wos i sogn soi!
bar-54bc064fdd8babb35bb07c4fb7ed10cd	I mogs net glenga.
bar-4103a6dc17ab3ff25170181cb7433669	Da Tommi håt sä mitokesn zhås ghobt.
bar-966a496fd5084411da2684e6152247d9	I dengma, da Tommi is so dräsk.
bar-d17528914d0e06a0d15894c26243b504	Woărum fiăxtn da Tommi si so?
bar-ec31348aa93844fa677140b9f961e10d	Da Tommi woă blå wiă a fäxał.
bar-01b7a0c29d528dbaeef2bf936dfeeb5e	Wengam Reng håmas Picknick ohgsogt.
bar-61ddc01f1fe13643d6025029b00caa77	Gö, du host šo an gwoitigng fohgl, net?
bar-41eb25add8c6a6f33408f4111ca81800	Da Tom hod koa Hemmad au.
bar-69539e133ca4bdf12754bf9f622e49ae	I hau's gwisst, dass i's schoff.
bar-b8d70d8cafe279ee14a59e3bd30b92fb	I hob's gwusst, dass i's tuan kau.
bar-1c43aba334a534a87396c0afd0f3dea2	Da Hund is eam überoi hi nochgaunga.
bar-e2bef43d0a3e001a6edd8bc552521584	Kenma hiatzt redn?
bar-523e8d6e670768de25a281e2f1cd06df	Waun er des gwisst hätt, aft warata womögli fria kemma.
bar-5fdd0088cc07d635b2809ee527a0ba89	Des is so a schena Füm.
bar-523e8d6e670768de25a281e2f1cd06df	Waun er des gwisst hätt, aft warata womögli fria kemma.
bar-32f30e33b875445a4451faed0594299c	Ihr miassts ihr höfn, und zwoa gschwind!
bar-064840e8a7bb291d6ca31e8cf45e6d39	Schau m'amoi, wos im Thomas einfoit.
bar-b4c70deab9bd17c64b6b9574cf04d990	Auf geht's. Tamma, wos ma tuan miassn.
bar-40046a87805feb24e49a7e28c8bb36d2	In Thomas hams aus da Schui aussigschmissn.
bar-9003e63259426035bea9adc06320b2bf	Wiaso is'n des net auf Boarisch?
bar-737c5161ce19d9642b45e7bc8fe1c37b	I waaß ned, ob's kumma is oder ned.
bar-b527b453ffaf0e3d077ec414ae52215f	I woaß net, ob's kemma is.
bar-78852a97fae918a3ec712d58dd48f441	Ihr sats nu depperter, ois i ma docht hob.
bar-75bfa3c5b013d4333e221eec894b0a31	I schau ma gern Goifspün au.
bar-75bfa3c5b013d4333e221eec894b0a31	I schau ma gern Goifspün au.
bar-a2c21588e3fdcc97077690e5bcd24c7d	Wos taratst'n tuan, waunst tausend Millionen Dollar hättatst?
bar-3998ce044f90b5610fcaea67b9d48d83	Da Tom is ned so ana.
bar-ef46ac5c34bb6c34bbe1706cfd48cfbf	Des is mei jingara Bruada.
bar-ef46ac5c34bb6c34bbe1706cfd48cfbf	Des is mei jingara Bruada.
bar-8c2d2ef8021bdebfe24093a7bf24252d	Da Thomas hot ma ois gem, wos i hom woit.
bar-f047448ac1ee88d16c4473f58043d7d0	Da Thomas hot ma ois gem, wos i braucht hob.
bar-82f16c0099c3b7c6523ad6ff3f29f5c2	Des is a Hendl.
bar-d931bad6789631aad8769ac38fd7fa63	Setzts eich hi.
bar-19fb910db5ec43c7698483e3feb29f63	Es hod a Zeidl braucht.
bar-15e23b5dd4e0e226aaf863f9aefa9d31	Da Tom hot a schwoarze Kotz ghobt.
bar-8002b9642bbb3dab3b70acb296cb3914	Da Tom spüt gaunz sche guat Schach.
bar-b9fa9af8f0a80c240a6d0521bfdbb54e	Mir tuans mitanaund.
bar-324f3632555c4feb6b4dd19016dd49c6	De Trachtn san ausm historischn Oidogsgwand entstandn.
bar-ec2d4eaaddcf00f0b07ca34f07d63e03	Friara hod ma de Trachtn jedn Tog ozong.
bar-ee1eb14871a74946d324f1be2a3ca7af	Leidln, vawendts wieda meara echt boarische Weata!
bar-8c01dd862dac01027b82a0f16f92dd6c	I bin da Henry.
bar-e080517332cc8780951118b7b308ddac	Oans woaß i gwiss: ohne Dochzügi ist des Doch koa Zügidoch und ohne Turmzwüfi ist da Turm koa Zwüfiturm.
bar-6b2da256c15df481160b6eb737e58e42	Da Mathias und i san mit d'Helene in da Universität.
bar-2996d5ff5e5b3b845ec5eb4b1e3c3b4f	Hau di üba d'Heisa, du Depp du bleda!
bar-090460b3a883a3f06bf963b84cffd209	Mi hot kana gfrogt, drum sog i a nix.
bar-090460b3a883a3f06bf963b84cffd209	Mi hot kana gfrogt, drum sog i a nix.
bar-c1c1898e7c99def4616811989d49adcb	I bi angfressn.
bar-e3b19418b31728ab7ea9193454cfe277	Da Tom hot die Opfibutzen in' Biomükübi ghaut.
bar-a87b7524cf29b311ef3e01056fac4174	Da Thomas geht ma net o.
bar-7a41756ca60a37695676c8fc15f420c6	Da Thomas foahrt mitn Radl aufm Gehsteig.
bar-816fcbc660284eb2a17d30ef3680d998	Wiaso schaust 'n olle damlaung auf d'Uhr?
bar-4ed3807467d7abf00d3dcb9ca35541b0	Burschen, glaubt's jo net, dass uns des Viech ins Haus kimmt.
bar-b717445f7943ae3d03b9f9fd732ee63b	Hamma nix gehört.
bar-1f9ba3eb97a5f8425fb9a140a86db901	Fuffzig oda fuffzehn?
bar-094e27774f3e64c978732da558c789ef	Heit hob i goa ned gnapfitzt.
bar-90a61339d31434ba20f2ffae97f2159c	Da Thomas und seine Freind spün Fangerl.
bar-e7a42ad9e936dacb7d13029f39348239	Red do net so an Stuss zsamm!
bar-e7a42ad9e936dacb7d13029f39348239	Red do net so an Stuss zsamm!
bar-7995ac6aa05c51eae915ac0936ad386c	Red do net so an Stüfi daher!
bar-073bc6d53e3e9fb527da6c5e46257618	„Kannst du ebas wardn?“ – „Des kon i. Des hob i no nie vasaut.“
bar-72a5275a6b00e624095674c63f79a21e	D Oidstod vo Rengsburg is Teil des kuituaellen Wäideabes.
bar-d0a7a353c8313688e5d81adde31e49d1	Da Mugagidda is zarissn.
bar-21ad02f88b0ee4f2d2f31e8521d79a88	Host mi? Redst du no Boarisch?
bar-21ad02f88b0ee4f2d2f31e8521d79a88	Host mi? Redst du no Boarisch?
bar-2e7f9d922b0a6999336dbecde2adf8c8	Zerscht hob i gmoant/ i datrogats goa nia/ hiazt hob i's datrogn/ owa frogts mi ned wia.
bar-b73903f4d2074aeeef88ceb7efe1a614	Da Tom is nur hoib so schnö grennt, wiera kinna hätt, wauna woin hätt.
bar-686e2fc4d2abd12d0f1110d8a1148fd0	I hob ma's aufgschriebm.
bar-41dc3d9cac7e318a749a1a149828d129	I hob's ma aufgeschriebm.
bar-d4e8121efa62d9e3cfe12f6dd9a770fb	Host scho wieda pofelt in da Speis?
bar-a76cacdfdb13c394858f2740d22e8085	Gib ma's!
bar-5794fc799554506b6a5abe6667c3afed	Gib's mir!
bar-94b0ee5df9e2010c86cc2b1c194dc51a	Fia des, wos du fia mi getan hosd, konn i dia gar ned genug danken.
bar-15ab9d377df847be70319a6649ed5ac5	Braan ma no ebas?
bar-e535ada81a1a8bce86fb061fdcbda718	Mir ham dem Wauwau no koan Nam gebn.
bar-1a1906012a24efad61b9617d0863ba36	Wennst wos ned einfach erklären kannst, dann verstehst es ned richtig.
bar-767d34510606fced972f72021a50b2da	Dei Wepperl ham no koan Nam griagt.
bar-f905c411c8b9a728c48c3f213e1da844	Mia san uns zwar ned sicher, dass des stimmt, gehma aba davon aus.
bar-acd294fd0f30479eed507adc33c9d2d9	Wenn a Held wia da Herakles damals oan umbringt hod – „ermordt“ dadn ma heit song – hod koana wos g'sagt.
bar-e80677dd64554c46c081701910e4d28b	Sog zum Tom, i bin b'schäftigt.
bar-da0d0bc01fc245a00e55eac6b3010528	Dee Reise rentiert si.
bar-2ee2636c876ef0886287ef9e7f29987b	In schlechten Zeiten muaß a Mensch mit Freind redn.
bar-90ffe60abccda0660fd01b11d51c902d	I hob a schlechtes Gfui.
bar-aa2d7692e011c9439ba29194b93d8530	Lass mi da antwortn.
bar-25a037c54314a311369a793fcc416640	Des hod mi zwoa Stundn kost, bis ois gmocht war.
bar-422833f5d5bad0f3c3df4449d28034bc	'S is traurig, dass da Tom nimma bei uns is.
bar-14d161e30f6a5feac5038e22b53577dc	Heit bin i mit Kocha dran.
bar-1dde93a8175f1b098c8399c410e5533b	D' Marie hod Sängerin wern woin, wia's no kloa war.
bar-a7498ec82944a03abe954a2b3332622f	Dea Dog werd's nia vagessn.
bar-44ba9dc069fa94057b336cf57868807e	Des Bebi is im Muadaleib.
bar-a0ff04b3a06b43dfe858bed2298c5f62	A paar vo uns ham des scho g'macht und macha's vielleicht no immer.
bar-fd3b633b080b52d2276ccd8fc2a1ffab	Neid schafft negative Gfui, weil er a gschert Eigenschaft is.
bar-bb0721460e02f7943bdbca60f25a7e29	Frauen heiratn den Mo, der sie verehrt, vor allem deswegn, weil sie sei guadn Gschmack bewundern.
bar-8dcb019b50dfe976134aa19bc48e17fd	Schaff in andere Abteilunga Baustelln, dass d'Leit von deine eigene abglenkt werdn.
bar-94567367ea167b6390808d767e221e7d	I hätt vui Ding kapiert, wenn ma's ma ned erklärt hätt.
bar-68caaf90e86df08fbe2c870a882697b0	„Woin S' no wos anders?“ – „Des war's dann.“
bar-f3a5373b34b82b3624d222ea730812a2	Vergelt's Gott!
bar-34878f94363ce89a1abcfe6ce5564c33	I schaff wia a Ochs.
bar-867d09c9fb014d850b4fd70974012886	I tu ois, wos i ko.
bar-6c7ff9dc7c0621cad49232f113552adc	Damit kimmst ned auf an grünen Zweig.
bar-435d7c51c5f02b23f1a6c9e076b04523	Er hält si für an Gott.
bar-460f7ef73129397df5c3dc867ff251f5	Er hält si für unschlogbar.
bar-305c9a7d6c725278e657a976ed31514e	Denken ma drüber nach, was passiert, wenn ois ausm Ruder lafft.
bar-e6d4c671d7f971e41293a2ca9788bee4	Dei Verhalten geht ma auf'n Keks.
bar-c7480f51ce2fa6cacd7c54503af01592	D'Liab kennt nur de Nummer zwoa.
bar-5a99cac9dee6f886e7a2052b868113b0	Er hod vor, do zu wartn, bis sie kimmt.
bar-a51c51338859dfbed8ad48af0b1654b9	I hob den Anfang vom Gespräch ned mitkriegt, drum woaß i ned, um wos g'redt werd.
bar-5f657b58818648b64b1fc5ed1c547c02	I kimm da des kaufa, wos da liaba gfoid, oba ned beides.
bar-7245925c01f6724a8d29c2e06b8a654f	Sie hod a Stund auf an von meine Freind gwartet.
bar-d42865adf61037ca812c48c72b9bb02e	'S hod a Stund auf a Freindin vo mir gwartet.
bar-8cecfb3f8c21f5bffac97a3216f7a629	Da Sommer do is recht hoaß, und da Winter is a recht trocken.
bar-aa967daf8c8678ca38ecd6a907ed4af0	I frog'n, ob a Japanisch redt.
bar-87ec8a00c8d8359a646bc87d9af6b3e7	A riesige Maschin bewegt si am Himme.
bar-abd420a6b4c50b2f6778d358d0d4b7ea	Des oanzige, wos kostbarer is ois irgendwelsche Ressourcn, is Bodn.
bar-004cdb6325d0e50fb16cf42124147a54	Sobald er in London war, hat er mir a Telegramm gschickt.
bar-0dae02022ab11a41946c946d67b3c7de	Hast dei Büchs'n valorn?
bar-0d49e12b73a29c76ddda7b176674a3cb	Des is a bissl teuer.
bar-51b362801c07e6864fc5120e495053d4	Mir ham uns an'n Feind hi'gschlich.
bar-51239f46d4503f9b1a899112c7a521d7	In dera Schui miassn de Kinder Englisch redn.
bar-23d19f8232f60930da22609e49320e3a	An dera Schui is Englisch redn Pflicht.
bar-9fb88d36b4fc20e7fe931d7323df2588	Da Tom geht bloß in d' Bücherei, um d' Maria z' treffen.
bar-670fc43312b9c863bf46fecef3f8bca6	An dera Schui werd da Unterricht auf Englisch g'halten.
bar-32553bfd634c251b41ac338239d6f36f	D'Landessprach werd drei Stund in da Woch als Nebenfach unterricht.
bar-8473620a8d68cf4b1b43d22aca03bebd	Da Tom hod si dafür stark gmacht, dass in Deitschland von da Uni bis zur Grundschui Englisch als Unterrichtssproch durchgsetzt werd.
bar-489afd03e55048db4dde325d7a000a6c	Da Tom bringt mi zum Narren.
bar-01c9ddc54f53b670bea6751df70051a0	Da Tom redt imma so grob.
bar-62dd518df8849e9d6ef294e4ce074b48	I mog koane Leit, de so redn.
bar-0d67eeb7a83cf7524e36cfc7d1b545c2	Is des a Steinmarder oder a Baummarder?
bar-9419710f2fb2a3dfdad1912189fa351a	Da Tom, eigentlich a promovierter Chemiker, hod bei da Maria a Oarbeit ois Lkw-Fahrer o'numma.
bar-48664ca09ff133b5b908b96387a64767	I hob luzide Träume.
bar-22cccc0488de1a0c46d0147823cad038	Kimmst ma helfen, des auf Französisch zu übersetz'n?
bar-926d1ad484f913e2897862e9d188e3e5	I hätt ned denkt, dass i sie no amoi wiedaseh.
bar-ab0b6e0bd8c9ec3db6aaf3202f682f5c	I glaab, sie wui, dass i sie bussl, oba g'wiß bin i ma ned.
bar-c773eed6be7974f71a777d9822dd26e4	Da Tom is bis zum Mittagessen im Bett blimma.
bar-db14387b439d857524aac7ce2724e80a	Des is scho über an Monat her.
bar-95965e333dcfcedb19e5af1af7309aae	Du bist da oanzige, der des Problem lösa ko.
bar-42f65d9c8975e2e6d6508d57b42c1e64	Du bist die oanzige, dees Problem loasn ko.
bar-42f65d9c8975e2e6d6508d57b42c1e64	Du bist die oanzige, dees Problem loasn ko.
bar-95965e333dcfcedb19e5af1af7309aae	Du bist da oanzige, der des Problem lösa ko.
bar-ee081e5089d5ad020f77729c8b6ad642	Nur du kimmst des Problem lösen.
bar-cb781dbb1c9ea1259370d5eef99791da	Nur Sie kinnan des Problem lösa.
bar-acead1b352201d34360e831d91966103	Oktopusse ham drei Herzal.
bar-b0ae98146ca1208bcd4a7b8c11626fb1	Lass'n Tom einfach links liegen.
bar-d8ddeea9639364691929d64c6ac37fb1	Der is a bissl hintnach.
bar-c0bbf1e78249fb5f4a5d82dcbd7ca34d	Da Nero hod's brennade Rom o'gschaut.
bar-2dd51dbf59298460f7bff9a3e162d1bf	Des Erdbebn hod vui oide Häuser beschädigt.
bar-5e7649ea4b2c616e3e24ca371e291553	Da Tom hod'n Karaokewettbewerb g'wonnen.
bar-b989fc8ed98bf5d4ba81a03df3ec0f09	A so an Verein, der so oan wia mi als Mitglied hätt, da möcht i net dabei sei.
bar-6ba1f1676b61da555d4d2c0b12bbebb3	I mach ihr des net zum Vorwurf.
bar-652387cbcbf10335edd77b3d170d8426	Dass d'Sunn oamoi um d'Mittn vo da Milchstraße rumkreizt, braucht's 250 Millionen Johr.
bar-7c5394c439b0a9f15fa9d06764dd5d53	Manche Leit glaub'n, unsre Zukunft liegt in de Händ von de Stern.
bar-d47046593c5922c538f93f46a35cf3f4	Hast g'meint, dass'd mit mir an Schlauheit mithalten kannst, du mit deinem Erbsnhirn?
bar-4bb7d7fd4c187a03dcc3ef2b93903659	Des war scho wos.
bar-4572e8d7dc182d7be03dd2eabb8049a7	I hob wos gmacht, auf des i net stolz bin.
bar-693595c07ecfd249f9dd431d5e29c223	Da Mensch hoid si fia unglaublich wichtig; nach kosmischen Maßstäbn gibt's eam aba no gar ned so lang.
bar-874be0cfa3a0c871ccb815f2d60313b9	Wenn zum Beispiel d’Sunn wirklich a Gottheit war, dat’s sei, dass sie uns no gar ned bemerkt hätt.
bar-4defdff278c8e87c9830de4655c266fe	Im neisten Artikel vom Tom „Da Sunn und d'Möndin“ geht's drum, wia des grammatische Gschlecht d'Ansicht auf an Gegenstand beinflussen ko.
bar-fe20a92eb85809a5d58829e7731838a8	Bei de Griechen is da Mond eigentlich a „Möndin“, d'Selene, de Mondgöttin, und d'Sunn is a „Sunn“, da Helios, da Sunnngott.
bar-e4716462fad418b9053287ed47dfa49d	Mir san als nächste dran.
bar-866ab72d3a935f3513dd441aefd07fa6	I wui mit meine Verwandten eigentlich gar nix z’ doa ham.
bar-3646754d730ed6d898e45cd392ec91d5	Familientreffen san ma a Graus, de meide i, wann's geht.
bar-8b47d8700f6d9a297535efbeb95b281e	I schlog vor, dass ma den Eintrag in zwoa Wochen löschn – oder früher, wenn da Tom des macht.
bar-c76447ab98e2b32290579342b150eb71	Da nächste Satz liest si ähnlich, bedeut aba wos anders.
bar-48ff1e0fbfedc5c62d5443d5969feb75	Es war vielleicht g'scheiter, wenn in Zukunft oana, statt von a misslungene Übersetzung und a schlechtn englischen Satz auszugehen, des Japanische no amoi unvoreingenommen o'schaun und übersetzen könnt.
bar-beb4727de22e1caacf101b6fd0951568	Mir san weder der Kontext no die beabsichtigte Bedeitung von dem Satz kloar.
bar-c81979b87c6a420b98811d2ddc918d68	Des is weder grammatisch no sachlich korrekt.
bar-dd8eefa7b3254e33ca19951cb21e4d02	Olle warn eig'laden, nur oana ned: da Tom, oba der is trotzdem kemma.
bar-fdbcae9a8b9b9ab7ec4e894a3d403e8f	„Du bist ned eig'laden, Tom.
bar-b6d3b78108bcbe74570156f8a133c246	„Geh weida!“ – „Warum seids denn so gmein zu mir?“
bar-61e354789e0191b8dd3cdef5a7daa64a	I wui doch a mitfeiern.“ – „Dann kimm hoid eina!“
bar-dcc5430138bbfe83fe94c152a96099cb	„Ohne Eiladung kimmst do do ned nei.“ – „De hob i dahoam vagessn.“ – „Des ko ja a jeda sogn.“
bar-a09c6e1d153e42436c54cec14163a276	Geh und hoid's!
bar-11f44824d604a5ef9c0cef33afbbc1f0	Es tuat ma leid, aba i hob strenge Weisung, koana ohne Einladung eina z'lassn.
bar-da916e346f0a38e879260554415d3381	Wenns koane habt, müssts draußen bleim.
bar-9dfa2c4b9bfb1dde1b7a8f47857ecc86	D' Maria is vo am über zwoa Meter großen Gorilla im Anzug, mit Sonnenbrill und Knopf im Ohr begleit worn, der ihr d' Einkaufstaschn trogn hod.
bar-d0ea9db0f54150e0f768324374cfb813	Wia da Tom auf d' Maria zua is mit am Mikro in da Hand, ham se zwoa Gorillas wia a Mauer vor sie gstellt.
bar-62c77e54ed8968e9e8637f701b75c3cc	Da Tom hod'n da Johannes in d'Wamp'n g'haut; da is glei umg'foin.
bar-d6bfdd60f684d2bb47f85d45b5f14b5e	De Energiesparbirn vo Philips bringt mit nur 18 Watt genauso vui Liacht wia a normale 75-Watt-Glühbirn.
bar-26c5b02f61277013dab99b039d1c4f29	Viellecht schreit da Bua, weil a Durscht hod.
bar-273198fb0cbfca850996ddde1f5fad3b	Manchmal mogst den ganzen Dog nix macha und einfach nur rumhocka.
bar-74e9bc81a1c3e327101d88bde5339e6d	Is da aufgfoin, dass da Tom de Maria o'gschaut hod?
bar-b3286667604cee87a221b76c4e776f13	Mei Auto steht schlecht auf da Straß.
bar-154050edbca8bc3894eabdab83bda6a6	Mir ham an Garten vor unserm Haus.
bar-30fcd69c1db0b9a295fd111ffd500d7f	D' Maria sieht'n.
bar-5b1039e89fe386f9bf2327749d27a96c	Wia oid is des Schloss?
bar-8d915e1163d7e847609ce07876a60e2a	Warum ignorierst mi?
bar-360bde9008ace41cf2b47454eee2ba64	Warum ignorierts mi?
bar-8d915e1163d7e847609ce07876a60e2a	Warum ignorierst mi?
bar-4f13514776815ee8ba7a229bb7f61e7c	Da Klimawandl werd in allererster Linie vo da Kohlendioxidbelastung vorangetriebn.
bar-2a245320c0ab0cc4f53a98aa401ae85b	Ma hod si no in da letztn Minut einig'n kenna.
bar-a4f4be3f3bd66cc3d3a7e04d46c328e4	D' Maria hot'n Tom eigentlich nia beachtet.
bar-9fd60fe8221f63971f17cfda8722296c	Des war ned grad da stolzeste Moment vom Tom.
bar-89788646b0c01009fe51317855d81e20	Den Tom hod di vleicht ausgspuit, aba bei mia kimmt er damit ned durch!
bar-df39bc33cdd6150954956bb5b3b8880f	D' Maria hod a gmiatlichs Bad gnumma.
bar-166f1687883f4f160532be31fa8f4345	Da Tom war da erste, in den i mi valiabt hab und mit dem i dann a zamm war.
bar-5a3b33ff98b91324261862423c8cc282	Sowos hätt i nia für möglich ghalten.
bar-dd018554515dbf60501a2cf71696bc97	Sein Lacha war echt g'meint.
bar-db2f32f612cc61b6681ea957323cafb6	Sei Lüg'n ham für Aufruhr gsorgt.
bar-3c454df7d2d3c32a7dd01347d6545b2e	Ma war über seine Lüg'n empört.
bar-8cb564ee413cdfcee6c7b7440f18db71	Manchmal is da Tom a riesen Oaschloch.
bar-a30c384df44ce489f66acc68fbac3ae6	'S hod ihr überhaubt ned g'falln.
bar-13e01d714a8be3e31a17efe5fbdcecd8	Da Tom war in da Schui ned recht guad.
bar-d27d11b49bf027d843aaa3a5c71bb27a	Es is ned ois so kemma, wia's gmoant hod.
bar-cc58fb4c08eabb81ddde7e36c9b49741	I denk, 's hodm da Tom gfoin.
bar-f482c36b06e8d752a32ccae44a76c79b	Da Herr Schmidt hod für sei achtjoarige Tochter a virtuelle Geburtsdogfeier organisiert.
bar-038da1beefff106f8133b62491c219f1	Katzn bringa jed's Jahr Milliarden Vögel um.
bar-9ef4142459270a2b17dee79f7417bab2	Maria hod si d' Sonnenbrill auf'n Kopf naufgschobn.
bar-6ccc2cc404a4fd7f875876c8fd4309e2	Da Tom hod des Bild glöscht.
bar-12775de33e69fe70831577662a0bfa93	Da Tom hod des Foto glöscht.
bar-fc3e8446550d7ab676953d5db687100a	Wia schaust'n du ma auf d'Bein?
bar-d240bc2f65fd2f9b5e9339e5450230f0	Zerscht hod si da Tom gwehrt, de Gschichtn z'glabn.
bar-c6c54bc8b6b3c5c5433d1ae2eb56caf1	Bitte koana Strafzettel!
bar-7e1e9a1784846ce368882978a6590a3f	I hob gmoant, aus uns kinna Freind wean.
bar-ee0356644b38456f4caacc213bdaef23	Da Kopernikus hod vui g'macht: er war Dokta, Rechtsanwalt, Schrifstöller, Richter und Steuereintreiber.
bar-fdee7a75b1272bfa8b6f5af598bee4c1	Olle de Dummheiten, de den Sommer in Avonlea passiert san, weil de Täter als Mutprobe dazu herausgfordert worn san, daadn a ganzes Buach fülln.
bar-747575b6975bc037961b5bb401291525	Des is bloß a paarmoi passiert.
bar-5cbb93fa86f9f698f6f1b256054aa288	Da Tom hod d'Operation guad überstandn.
bar-eb0ccf6b17bd88ddbe429c3712325653	In vui Wirtshäuser gibt's mitterlweil gratis Wi-Fi.
bar-dfa37c152d6667082e3d3239dfaac75e	I hätt auf di lossn solln.
bar-bd9076ed49dba602d0764cf5a85efd45	Ois doud ma leid.
bar-d1d9837bc7273dbb67b716c2dd1cd14e	Da Tom und d'Maria ham ois verkauft.
bar-f424f88c8b2ba8d20b3f1cee4cbb8b9f	Da Tom hod a ganzes Jahr lang jed'n Dog de gleiche Jeans o'zogn.
bar-2f2b516b0af66548be20f2a570a4b2d4	Mia solltn a professionelle Distanz wahra.
bar-7cd1981cdc87f4998d970138c289fa72	I hob'n gseh, bevor er mi gsehn hod.
bar-f35e703b5402caf83fdcf7bf0c3d339b	I hob's gseh, bevor's mi gsehn hod.
bar-e5afb104b4d745e490cf5fec0c5660a4	Sowohl Ameisn ois aa Termitn lebn in großen Völker.
bar-bc4202557e65d7ffb9ffcae6a8595587	Da Tom hat vor si hi gsumma.
bar-ee02e6c271ee7a87080650173e4acd75	'Sie war ganz klar grantig.'
bar-87a9bb88d897938e2db482872b81fa86	Da Tom is vüllig ausgflippt.
bar-1cbbe70a7a3572adc174bde4a3b798bf	Da Schlittn vom Weihnachtsmann werd vo Rentier gzoagn.
bar-fbf106b5a0a07625799150430ef28ecf	Feian mia unsare Vüfalt!
bar-24e5ce8387e98eecf78e9fc2ebc25b82	A Prosit auf unsane Vielfalt!
bar-e3346ec0bb6e62fdd7c5e0bc3a23dc34	De Bergsteiga san umkemma, nachdem si's Seil glöst hod.
bar-796db7313008bb6acc209c8551d2bd71	D' Maria hod mi offensichtlich aufheitern woin.
bar-782e08f557e05ed4e07272b88a06f967	Da Kini verlassd nia sei Schloss.
bar-d35aa81dc1d3cf1c83df95ac84638aba	D' Maria hot se d' Zehennägl lackiert.
bar-69a089a6ca72e31a05795482ebda10a8	D' Maria hot si manchmal g'fragt, ob si da Tom zu ihr hing'zogn fühlt.
bar-109130e279eb46da1518d2cd9173d744	D' Maskn hod's Gsicht vo da Maria vadeckt.
bar-0f430f42844ce286e984d122516ceaaa	Da Matthew und d' Marilla ham von Kindern koane Ahnung.
bar-07bbd6ce0f8c3fcb2121ff3b9a8c03dd	Da Tom hod'n Vertrag glesn.
bar-0174559576b0df4fe1644eb0139defdb	Des passt aus meiner Sicht.
bar-3996b07c6f45eee7ca7600e530ee96e4	Am 24. April 2020 feiert's Hubble-Weltraumteleskop mit an no nia dagewesenen Blick auf zwoa wunderschöne Nebel, nämlich NGC 2020 und NGC 2014, sei 30. Jahr im All.
bar-b58390b438b168a97b65a7be613f8e83	Da Tom sogt, dass er ned interessiert is.
bar-ed70ca19158ee03272a6112bacacabba	Wia koans vo de Geräte vor ihm gibt uns des Hubble-Weltraumteleskop so scheene Einblicke in die Wunder vom Weltall.
bar-ed63bae515c5dd1560083d17a4a7e622	Da Vogel frisst kloane Viecherl.
bar-4154dae36193bef6cf2888c9a988b325	„I hob ko Ahnung“, hod sie aufrichtig gsagt.
bar-bbb7df11ee00defea2a86e3bd45ea34d	Dei Mo is a Ehebrecha.
bar-3bb483ce0ccf447a06c614e61db29351	De 35-Jährig hod grod des Gehege im „Shoalhaven Zoo“ bei Nowra, des is ungefähr 1100 Kilometer südlich vo Sydney, saubergmacht, wia de Löwen über sie herfalln san.
bar-201430c63d52026bc0864eb516c97a26	Kroatien spuit in Moskau gegen England um d' Chance, zum ersten Moi ins WM-Finale einzuziehen.
bar-b20fc4d5ab15cbfe57cff508e476a3ca	Im Januar ham's in derselben Gegend an 1300 Meter langen Tunnel mit an großen Schienenanlag, Strom und Belüftung entdeckt.
bar-3021916bae657ae2427c7ab6ac83f7b6	2019 hod Brasilien 1,4 Millionen Hektar oidn Woid verlorn, des is über a Drittel vom weltweiten Verlust und fast drei Moi so vui wia des Lond mit’m nächstgrößten Verlust, de Demokratische Republik Kongo.
bar-9c15a11e2cb416f0bfb061845a6db243	Nimm mindestens a Stund, bevorst an Bord gehst, a Mittel gegen d'Seekrankheit ei.
bar-0783c694958993c7e836484c22f7e316	Es is wahrscheinlich g'scheider, wenn ma uns nimmer seng.
bar-ad82fa246b64d908c262da3bc16d5a03	Mia san a Volk, des aus vui Völker kummt.
bar-8a53f629af40842d62c3206567cfe363	Im Nam vo Jesus Christus.
bar-9f95c245117194b0071ffde634139c8a	Amen.
bar-6fdc57fd1fc28fa4bc1e821cafd5936d	I liab mei Arbeit über ois.
bar-18b03c4b0657b25f631c6920075fb116	Da Tom is mittern in da Nacht vo am lauta Griasch aufgwacht.
bar-0495a038a47a093f62b0a82a549f13c4	Mir war'n den ganzen Dog an da frischen Luft.
bar-36289f1f9b9a41139d53779a6b44121c	Verkafa is wia Schmeichla!
bar-b4c9c39293fb366384cfb8961ca395ee	Profiverkaffa verkaufn ned.
bar-4b83b138fa0a6da1c22f6568a3e89bfc	'S find'n aus, wos da potenzielle Kund mog, und helf'n eam dann, dassa's kriagt.
bar-0482b1ac9a9e928e9494fc36aae6d9c3	Des is kaffa lassn.
bar-320f229d69ae280674a1238e0e44c58c	Des is des Leb'n.
bar-ed996979395342c05e5e957295e87398	Des geht vorbei.
bar-f8282879d216609f09b51559577e384f	Und mia kriang olle wos auf d’Fressn, wenn mia wos festhoitn woin.
bar-6bdd65e1764c6381271fe16fed5a3d07	Wenn ma a Volk unterdrückt, werd's explodiern.
bar-3531f1bda6fcfbe87e324bf79523c459	Von am 93-Jährigen zu erwarten, dass er optimistisch is, is a bissl vui verlangt.
bar-96bcd72599f37c75af5c03fe5858cb10	Da Tom is am Sonndog ins Kino ganga.
bar-dcfe8098fc719dd514da86a6e29a0438	Da Tom is sunndags ins Kino ganga.
bar-9973e7edf600a65764c42ca4682db382	Was is in dera Stodt los?
bar-85692bad8a0fe6c283c93f1a3325cedf	Wievui Wasser is im Eimer?
bar-38bca21b31fb3b3f3a0231b804accab4	Da Carlos is a Brasiliana.
bar-abc814cf96caaa3f3af296c3a1f1f3f1	Portugiesisch is d’ Muadasproch vom Carlos.
bar-ea9f306ef0c19b3f6b533426e042b63c	Heit schaff i d'ran, vergangene Fehler auszubessern.
bar-a14b5818901ec9b447392e0dcbe923af	Über'n Tom gehn Gerüchte um.
bar-85fadf305af3ed109f06f5d92dcfd840	Mindestens 60 Leit san umkemma, und fast 100.000 kenna, Tage nachdem verheerende Regnfälle die Hauptstadt Jakarta überflutet ham, net hoam.
bar-a398b24b736589b434de014cb5d7ba04	Wenigstens redt da Tom wieda mit mir.
bar-a27f4b837bbd10a4af92648d3e3b19d1	Wia ma de Wildererbande z'schlogn ham, ham de gschworn, uns niederz'stecha, und da Sir Edward Holly is daadsech o'greifn worn.
bar-97d8134ccf2a6e142a58ac00e5bc09a0	I bin seitdem ständi auf da Hut.
bar-6adda7018a4656c46712980cf67a7bf5	Da Tom kimmt nia her.
bar-71e3dd1ba797cf51eb50e074454f8544	I hoff, dass ihr de Nachricht in d'Welt aussiatragt!
bar-c3c005132f5b6b1f25cd4f6f17f197bf	D' Lisa is a Deitsche.
bar-d3390a440c5f3448c30effd2818359b7	Deitsch is ihre Muadasproch.
bar-e93725ac2aaf45e894b95f39149504b6	Da Tommi hat Angst vor'm Mätti.
bar-9ad2172b08480c8f7c9217c893117114	I gfreit mi, wennst kimmst.
bar-fdf2867f35ed07fbc6d838a4d4dde0f2	Da Tom hod aus'm Aufzug mit da Ruaf-Tastn des Personal kontaktiert.
bar-2ce098e2a0bb16ce52dbe1915561a34b	Da Tom hod a Nachricht gschriebn, de nur aus Großbuchstaban bestandn hod.
bar-01c0440e92e042243944a0b94b089759	Zu wos werd des führn?
bar-7862767b7a9aec988e5ad001e39f5d4d	D' Marina is a Russin.
bar-f7c49b5fa048d90bd62c4905004bb351	Russisch is ihre Muadasproch.
bar-e9eac71815afce2337663f37074e6d52	Ois andern san ma wurscht!
bar-8425161a6dc504ab6c1706a0bf2a717d	Olle andern san mia wurscht.
bar-6f67dbaa19b91aa9360b81d7b465c8e4	Da Tom is g'rennt, dass a d' Maria no eihoit, wo hoam ganga is.
bar-04757238ed1aae4ea333d5eb4ec02629	Muss i no amoi meine deutsche Grammatik überpriafa?
bar-dc9bbf31a812e6e15b1022fec8b0b900	Da Tom hod oan jeda vo de drei an Apfe gem.
bar-39716b294f62ee0ffcb19611dc1b50bf	Da Stephan is a Deitscha.
bar-3fb74459aa147b73ed17538188d62ccf	Deitsch is sei Muadasproch.
bar-8d2be2d5a0b0d2911666030dbcd1b2e7	Er ko perfekt andere Sprochn wia Italienisch, Esperanto und Toki Pona.
bar-98823ec8092751f4f5b67b39c9d79ae3	Dös BH is ohne Bügel.
bar-be746c65c11a0afe5bc66c2c9b701498	Des is a Bügel-BH.
bar-b20c6d6d236a33c9e4ffef2aa96a9223	Dös BH hod Schuadaträger.
bar-3555f2265cc696f0357a7a8778b99d07	Dös BH hod koane Träger.
bar-c45fbd7c25768fa40a75f1c8f1938827	Da Außenminister war wia a Marionett.
bar-ac88c674dffef4e0f61b1a7b8f1c9a32	De Lehrer haltn unter am riesigen Druck den Unterricht aufrecht.
bar-a7f214e00c6316114b14d0b2683f3db6	Hast a a Schüssel für d' Suppn?
bar-80c9000c35d2d6c1db4f36a79fa1122c	Hast a a Suppnschissl?
bar-9465a59cd0c96cbc03e9440aef522233	D'Maria hod a Ei gnumma und hod's am Rand von da Schüssel aufgschlagn.
bar-e771bd2d6cd45208befdd102e1059f18	Schwemm de Teller ab!
bar-b4bdf693b78d7fd0ea14d94469b01576	Gib ma den Pfannenwender!
bar-b75b29fe5913268eae9e2f9c00839dc1	Wo is da Pfannawenda?
bar-9161fdc4d234ffa2021d673083fa117c	Weg mit dem Messer!
bar-36f95c4b26dbcdbd3796ef93c5f41203	Loss des Messer falln!
bar-5a1634d1aa758251baee36280641cbbe	I samml Silberschöpfa.
bar-5485adb4bed8ac9e8649404ceb10fced	Mia gemma a Hoibe zua.
bar-1d766601a2b011e2af970925faeb6bcc	I hob de Wassagläser auffüllt.
bar-2ad66c2dfa04365247f14407c3b1635e	Gib ma mei Teetassl!
bar-7f9884e4d041464df7e30b4f686f9d22	Gib ma mei Kaffeetass!
bar-cb083c37c61d209804b7cfe42a01f7a7	Pass auf, dass nix rausspritzt, wennst'n Rührer benutzt!
bar-fc27e278d6efff4c968bdf9223bbb322	Mogst de Eier mit'm Mixer aufschlagn?
bar-6b5feaff36541d153e2dcd8c7340b326	I nimm Waschpulver.
bar-8d28d31d0552769157a4f651ef1584b1	I nutz' Flüssigwaschmittel ned gern.
bar-a657204a6a4a96b304133ee606b1c3b2	Des is gmein!
bar-b2d9432036333ccd268f2a9ca64b1167	Loss mi doch a amoi g'winna!
bar-e2ead2c1c9b4bc5a9fadfcc775fde8ce	Du bist a rechter Gfrast!
bar-f8a20ec9b705296ba7a94715b009e619	I red Esperanto, seitdem i's vor langer Zeit g'lernt hab.
bar-418d0f292d463fc20c1f93067dece73c	Er woaß, wo d'Gaudi is.
bar-2f644a3ad1e38c185b5211b84a07ac37	De treuesten Saue werdn zerscht gschlachta.
bar-61cf5969709698db4e5e71c3ce522509	Erfolg basiert auf da Geduld vo de Andern.
bar-9cd621120fe52972468801cec6268bba	Es gibt aa, wos ned gsehn werd.
bar-4c10ca1904f10ab1dc4a448c78285375	Frohlich soi mei Herzal springa in dera Zeit, wo vor Freid alle Engerl singa.
bar-4626d71463cef69b05d421de003f7ac5	Manna ziang si unaufällig grau o, weil's in andern Sach'n umso bunter zuageht.
bar-19d38f0ca5c5b57af5734d9d7d9d98d2	A Lediger is a Mo, der an Haupttreffer macha will, indemma koans Los kauft.
bar-c9902205012f36217a0437b2d4c3bb53	Nix is im Lebn ernst z'nehma, weil nix es wirklich verdient.
bar-4afe8b6e0ec11b454ced1406ad59ab70	I wui leb'n, aa wenn i doud bin.
bar-f7805eb9d0f6ad7c1560bcec160339ee	D'Grundlag von unserm Dasein is d'Ernährung.
bar-1f52005d14e780b945895434aac31beb	I hob eam g'sogt, dass i'n aa gern hätt.
bar-1257b589aad55bfa9eb67373e67281ae	D' Maria hat auf'n Tom sei Tochter aufpasst, wie der im Gfängnis g'sessen is.
bar-d6a4f1f8f3c28eb2781c4a5b85bd4be0	Da Türsteher hod si g'weigert, dass da Tom und seine Spezln eini derfen.
bar-3789f4064a44a3a9f3e3bc1dbbca9872	Da Tom hod seina Freiheit wieda kriagt.
bar-8886a0f3cd0bc98fda023e7ad4ab6860	Des is des End vo da verheißna Freiheit.
bar-62345d552cd1be85769d72228e6181c0	I mog den Klang vo Toki Pona fei gern.
bar-ee4cd9771cb233ad6a3037627760f4cf	Warum host du dei Arbeit auf da Farm aufg'gebn?
bar-f3694f5ff7fc907d936bd473b54cd130	Es gibt ned vui Oabat.
bar-2398df07690345f4a94a27b09c866c87	Des Gmüad is wuid schee.
bar-ddca9d6adeb2d240fceb822c88b40edc	Mia miassn uns an de Fakten hoidn.
bar-e745ce3d9363adfeee11d421fd94acf2	I hob gestern vui gschafft.
bar-093a2d3bd131fb3bcd4d36f754e5f4aa	Da Tom hätt' fragen soll'n.
bar-069fe4b1c6518903d17122dad2045570	Wos i in da Stadt am meisten vermiss, is da nächtliche Sternenhimmel.
bar-395d1bec771770dae4bde3aace486101	I ko's gar ned gnua loben.
bar-7b6a6245c3df29f277375c33ee5d925f	I dad gern noch Gaborone.
bar-665227537ff75d363d9a838427b42623	I hob an Freind, der Tswana redt, und der hilft ma.
bar-25580228be1e37af56635baf78ffddc0	Er blås in d'Trompetn und hod an melodischn Ton ausbracht.
bar-51abe0149ecea717fd61e0fe5b0cd7e7	Mit ihre langa Schnäbel, wonach's a den Nam ham, grab'n de Langschnabelsittich' nach de Wurzeln vo de Gräser.
bar-0581af23132a366612298d67f99d9580	„Da Kalle und da Ede planen wos.“ – „De san doch beide grod erst aus'm Häfn kemma!“
bar-f5f259bd549b7c351b9cb57a73b190e4	Wia i zruckkemma bin, war koana mehr do.
bar-39ba3b3a37856b14ae11ac452abf8760	Nach Johr im Gfängnis is da Tom mit’m Leb’n in Freiheit nimma z’recht kemma.
bar-0e8fcbbc25ccf0b101c39030f51554df	Was isst'n du do?
bar-ef87204d0e4b61c5a3c601af9009682a	Des bestell i ma a.
bar-1eeadf5b12dcb40c12c44542026b962c	D'Reis findt ohne Begleitung statt.
bar-4194832927ca84181990343e2bd32c94	Mir fehlt der nötige Grips, dass i die Aufgab' lösen kann.
bar-f8948840412c413b22d0ecf30ae29c9c	I werd mi an d' Maria wenden.
bar-52e6b19011c58d58fa6360439542945c	Dem fällt scho wos ei.
bar-d461f39e664d5b4524819542261b93d3	Do muaß scho a weng Hirnschmalz ham, dass ma des Aufgaberl löst.
bar-ef4e8997c64b9e11e9b45bba32f170bb	An unserer Schui werd euer Kind herzlich betreut.
bar-c9315225196c06a8a104dc8f1309917a	„Wia lernst'n du Suaheli?“ – „I hob a Freindin, deas redt des, und de bringt's ma bei.“
bar-622bf030ac6ecdcdea61f436b880bdc2	Redst Suaheli?
bar-9182624d6ebef7d06fbc898736ff1685	Sakradi!
bar-1632011b4e142935f98c1ee775304903	I hob im neintn Stock g'wohnt.
bar-902c82253ca63804828a63519712ce4d	In zwoa Joa hoff i, dass i gscheid Spanisch redn ko.
bar-a11cdda31b1c247e9f6fafc90f3b283e	So dermaßen muskelbepackte Körperkulturisten schaun erschreckend aus.
bar-66e838019022a9a81115db28fcaaf51b	Ziag langsam d’Sockn aus und zoag dei Fiaß!
bar-9ac51831757ad3c63ebbdf6c97d875bb	Zu dem Gwand g'hörn aa Handschellen dazu.
bar-d72725620992bff2df5f02465d934b52	Da werd i ihr scho zoang, wo ihr Platz is!
bar-820452c4d32b4c86caaf635f02ebe7cd	I hob in da Taschn nix gfundn.
bar-cca35350280a11816dc69565782f4780	Koana is guad außer da Herrgott.
bar-b80062cc69ad969e2ce798c9c0ecafb9	Mei Wellensittich is vui.
bar-b07387381810e4864a95bf34299b94fc	I wui ned undankbar ausschaun.
bar-b47fdafce3aceaac2a6b9deb258100ff	Iatz pack i meine Eltern.
bar-e43bbd39b478911823a471dc67ef0c88	I mog'n ned seng.
bar-573526556271a971a6d645e0c77ea816	I mog's ned seng.
bar-4faf7bcb51ba743c36b8addfeb88f187	Mädla fian leise.
bar-f36f29a27ae2d2f46df53ec8fe645138	Könn ma'n Tom fragen?
bar-3632509738d51996ff730f478e69fa7f	Er hod ma gestern Obnd ois erzählt.
bar-7bfe823d4f86ece306860bdb8d3fc711	D'Frauen in da Nibelungensage san vui mehr emanzipiert, ois wia de Griechinnen des woarn.
bar-ef43e34a804e83578e12e5a06ca44fcc	Nehma ma d'Helena als Beispiel: de is überhaubt ned g'fragt wordn.
bar-725cb7ab98501b3c003f2d8ff1711068	Da Mächtigste hod's zur Frau kriagt.
bar-6a2e849194ef048b7a5f59b1b16e3484	D'Kriemhild war hingegen so stark im Charakter, wie ihre drei Brüada, da Gunther, da Gernot und da Giselher, schwach war'n, und sie war wählerisch.
bar-977924404d882a3f67712e161c9dcdf1	De Manna warn ihr net schee gnua, z'oid oder – wos meischtns da Fall war – net gscheid gnua.
bar-738e019472fbcd406a7cf07b5ff32277	Da Tom hod si d'Ziel gsetzt, endlich amoi an Schüla z'findn, der'n übertrifft – des wünscht si jeder guade Lehrer.
bar-e21bebdf4307c488428b37187dd29d3a	Und dann is Abend wordn, und dann is Nacht wordn, und da Tom hod si vawiad.
bar-c45ff5cb62ed52202f4437c8b59dd36f	Oana Tages hoaß's: „Krieg!“ Es is passiert, wos ma oiwei gfürcht hod.
bar-97b977da8334dc50337877ad111c7456	Da Tom hod mit seiner Angst alle andern o'gsteckt, vor allem d' Maria.
bar-506896e957a3f1e14ba54cfe868a7f0e	Du host g'hört, wos ma do g'redt ham.
bar-ab67a60b8a8dbba1364b06a5cde27cc9	Wos is dei Meining?
bar-a085af559aab3481084c981d78f3b560	Wirst uns hoid'n?
bar-f88c6ba01c1a078b96d4c13a6086cd33	Do hod da Tom gsagt: „Weil ma eh verliern, kinnan ma glei an Ogriff probiern, statt dass ma uns verteidign.“
bar-cdf7992078dc39feecce7539cf447d1b	Da Tom war naiv, oba er war trotzdem gscheid.
bar-e58a750bc2b101952e912a3f71a3c37b	Da Tom hod gwusst, es gibt nur oane Rettung fia eam, und de hoaßt Johannes.
bar-39fe7831ec9764604869259a13d72cd3	Mei Freind san mei Familie.
bar-69f5f483c90db5d4dd8fce1f36a4d304	„In da ersten Wöll in de 1930er und 1940er san de Superheldn hauptsoch Manna und fasst ausnahmslos Weiße gwen“, hod da Saunders gsagt.
bar-c86c6285f50fa7e6152e5068b3a8dd4a	„Hobts'n damals kennt?“ frog i. – „Ja, i hob'n guad kennt.“
bar-d7d362078d029de23cf1bdcced434f79	In der Tat war er früher amoi oana vo meine Freier gwen.
bar-0c5917a99973fe5a7afae217a09ac537	Tom und Maria ham a Giraff und ihr Kloan's gsehn.
bar-c17e22c5b66278b31bd22f6f744c1760	I möcht da a Geheimnis anvertraugn.
bar-69cd9d53af60a5679ebb508b87da570a	D' Maria hod'n Tom net in d'Aug'n g'schaut.
bar-8d4adfafdf04e3da009f5cb3202c1746	Mia telefonier'n regelmäßig, des bringt ma a bissl Trost.
bar-a0986080866f84161d2fba41cf6055a7	I hob scho drei Tassen Kaffee gsoffa.
bar-509a07cfbb7df255d74e0ec54af59f65	Mia ham vui Mistkübl auf da Welt, aba nur oane Natur.
bar-019be767ca8ef3c0c258321f9d56059a	A Fahrkart, oane Rückfahrt, noch Boston bittschön.
bar-d3035272854e14ae2d978c09ab240b9d	Da Tom hod si a bleds Papphütl aufgsetzt.
bar-f9e72cd6d212b629edf32e8f00a8d3bd	Da Tom hat si's Brot mit Butter bstrichn.
bar-f6bdddbfbc951c2740362c861137e555	Bin i fad?
bar-1efd35f867b2e0fc6b55bdeaefbadca3	Sie war fei zauberhaft schee.
bar-6a98b89fc1c4aa559631d89f1d0dcd45	I hob für jedes Problem a Lösung.
bar-5e166cad6d62aec86003c69037b78f8c	Allerdings macha meine Lösungen meistens drei neiche Probleme.
bar-120f80815756226e7f82584eb8671650	Reife werd oft mit Wissen verwechselt.
bar-75ca2111106e6c93e38b1041af3706f8	Kocha is a lebenswichtige Fähigkeit, de ma vagessn ham.
bar-d8afdf8159e1d4cf9621d1516f77c891	Da Tom redt sei Freindin o.
bar-ead6ef430a1a725cd1ed0d15dce9fc05	I mecht mei Sackerlgeld.
bar-86a528d5c059a09611950b92be7557d5	Loss ma's probiern.
bar-f3015c91d13bdbbc97eb1d6d169362e6	I bin frei!
bar-919e3f541bd3b42881f8667f8e3a46ba	Bist du irgendwo hi gfahrn?
bar-095bde2627ee7d1422240c83a3e07342	Nimm an Schirm mit.
bar-5fca7bc8ef746f9e742d013c1147f43d	Er hod's Hemd ausg'zoagn.
bar-d0f4e3871e76dee78d1ac2eace124987	I brauch Hife!
bar-3c1c3fa999301221063605821923a5b8	Otem.
bar-e07b8f80cbf5d085689af8fdea418cec	Des schaut lustig aus.
bar-cf8b3569a015d594f4918f08d6c01cd7	Entspann di.
bar-d8ccb55afce2248fde23374d1f562561	Du schaffst vui.
bar-a1b8cb11810bfe5d8d84bd3b5c582716	I hob mi verbrannt.
bar-2af64896b332bb8b82104d17845fdd08	I hob'n g'fangt.
bar-96512a99f227f83e9164fd3a067cef10	Stör i ned?
bar-a160d6580cb03c708dbb3e8388da65c7	Du warst eig'laden.
bar-1bf4b3a042ad08acd52414937cf531e7	Bluadtröpferl.
bar-113640fb6eb89e1972940e9ae3530f13	I üb' jed'n Dog.
bar-7918f17224a65727d929effe74685ede	Du schaust fesch aus.
bar-ccf6dd9fe41445fe4929bc2976314b63	I hob ned oafanga.
bar-6f46d8b200e28da723226e10ae781fc0	I hob an Huster g'hört.
bar-fb029695fa509059bcc6de70d2df84a2	I hob wen hustn g'hört.
bar-77198ebaa2da553fa3e68530f5ce4102	I hob Schrit g'hert.
bar-77198ebaa2da553fa3e68530f5ce4102	I hob Schrit g'hert.
bar-4f0cc383640888d55e9ac1b30ccd19d9	I mog Bier.
bar-c918fea0f712ebae1cb7b714ea716496	Mir ham a Waschmaschin kauft.
bar-1abf6ce7b3c1702d2eeac4583ee48efc	Du hust scho greislig.
bar-adc102feb5dc313df50f4681f6b3b54f	Da Stift is aufm Tisch.
bar-5b8f1274b23b637f43eaa239c8aa0b82	Loss ma ned geh.
bar-db283b70a17a6e4ae293f9df7da57913	Da Tom is scho recht tollpatschig, oder?
bar-3dc6e59a7a46b70b7eb96532ef00eea2	Des war gschert.
bar-b7b63f617632a61004b99ade3d9324c7	Soll i da erklärn, wia des funktioniert?
bar-df3a458f6b22610b20de5afc628f8129	Fährst mi zum Bahnhof?
bar-6da08c4012dad61d6b7ae4d2b1e44982	I bin a ganz normaler Büroangestellter.
bar-3b35969d1ad03114ca871efd313029d3	I hob zwoa Krapfen gessn.
bar-8fd78704c689f6a0d618e39e99df84b1	I foa gern.
bar-b86282e1e7ebc732efeffe06db31e72d	I liab Di.
bar-a5f609717f6458712903c6c46cf9be58	I hob di gern.
bar-f9778d42289f743d9a55f863c682409c	I hob'n am liabsten.
bar-2099c4b6a8091625f08177ddcc54e747	Es is rot worn.
bar-fe8568bb52324deaa6a5b319eba29b16	Da Tom hod ois Weh ausghoidn.
bar-883b4b489a65cefc1d5965ee8e07d4c2	Des Hotel, in demma letzten Sommer g'wohnt ham, g'hört etz'n Tom.
bar-fdf7fc3349b440cdde7bb055228cce40	Des kriagst scho mit da Zeit raus.
bar-e95df17d5640dc9bab92f8724545f27d	Do red scho wieda da Macho aus’m Tom.
bar-331f70c6bd20cdc91cbe729a4b43eef5	Da Fuji is ungefähr viermoi so hoch wia da Rokkō.
bar-9dee55c4400a855163480bd55f0e93f9	Dem Tom sei Hund, dem geht's scho guad.
bar-167b0b0af57b06fce20b538a38e30588	I hob mi an ihre Worte erinnert.
bar-0ba229efde4ae28498d3f6634e9fd758	Wos fia a schmale Stieg!
bar-9324f70c77f84c943400c4394fd050c2	I hob eam klarg'macht, dass er net erwünscht is.
bar-ed231d751532f4e1fadf70583aadb639	Da Tom werd do ned übernacht'n.
bar-68d1e861261cb4fd3bf046c58b9d1ded	Du bist narrisch!
bar-547fdc0a8ac823028a293d68906ddd77	I gfrei mi ned grod für Gschichtn.
bar-bb62b75d8c3c9902941bff1af8113028	Se ham g'probiert, z'samm a Lösung z'finda.
bar-33f91371a4dff4292fb9218ea444272e	Mia ham no vui z' doa.
bar-b29ffbb5f44c63de31abe206cb279940	Es wartn no vui Aufgabn auf uns.
bar-d1280a73b0b023f3d2d00f988c1d5546	Du hast sakrisch recht g'habt!
bar-ba7a74e27f6992ea713c3893a215e0dd	Manche seng zwar d'Ent, aba des Kaninchen seng fallt eam schwer.
bar-cd3fa852a721b29a37b77326d6e3c73b	Du musst es ma gönna.
bar-ee290b7d4c4210e4e6cf814b3d42eb75	I kimm auf koan Fall.
bar-5ef99a62d077990915e648559ec4153c	Vui Projekte geht am End d'Luft aus, während andere no ned amoi aus de Startlöcher kemman.
bar-028834346d8dcc4e113a7f8765e503a6	Mir dank ma dir, dass'd frogst, statt wos ozzunemma.
bar-1c423790d65bb885dbc532031e345d68	Ganz davon abgsehn, dass ma zu mehr Klicks gzwunga warad, dad si's a negativ auf d'Entdeckbarkeit auswirkn, wenn ma de Einträge aus'm Menü rausnimmad, weil wenn ma's ned drin sieht, könnt ma mein, es gibt de Funktionen goa ned.
bar-4a80ce438f72431dad6a1f372c45ffc5	Weil da Tom eig'laden worn is, san a vui kemma, de goa ned eig'laden worn san.
bar-768c871ffaa3c99cbc0382404aa54177	Des Hotel is am End vo da Straß.
bar-827300fb8db5a27fe26edbb31d2844d9	"Sog dem Tom, i kimm", hod da Johannes gsagt, und is aa losganga, oba in de entgenga Richtung.
bar-78c75075022f4cb56bb6a60831e9c134	Beim Inlineskaten ziag i ma Knieschoner o.
bar-aabd41a7ab76412607d2742b2ee717ac	Könnt's ma d' Fundstell' zoagn?
bar-53709351f70ea5047657637fcab5f797	Hobts de Fundstell gsichert?
bar-dd9f2610f6a5994282b7edaa056fbebf	I geb Ihna de Frühstückskartn.
bar-a9e1f92e994394bc5b58a782b4604103	Damit kinna Sie morgn friah am Buffet gratis frühstücka.
bar-5f813e9b8715ad971182f92a9ee41298	Wenn's Frühstückskarten habt, könnt's do umsonst essen.
bar-557e3ecf2a656d5da62ea779515ec855	Ohne Knieschoner geh i ned Inlineskaten.
bar-ebc09f4086cc92052f95a8290f45cc9d	Manche Leit tragen sogar beim Radlfahrn Knieschoner.
bar-cdd3c1eec165450b20ad5a9da3eea5c5	Knieschoner schützn d'Knie bei am Unfall.
bar-c211c66074981b0c9949ebaff5283e06	Dea Dauersound vo da Party nebanan geht ma sakrisch auf d'Nerven.
bar-8da3abdb7e592f3c4e4ef1375d0cd089	I hob a Hausti mit großen Ohren, des hoaßt Elefant.
bar-6ea31cff4a753be0099871deb2289a9d	No nia hod ma g'hört, dass a Heiliger an Löwen umbrocht hätt, an Drach'n aba scho.
bar-2919a54dfd6666d3294d3cde24047228	Da Bildungsipfl is a Bildungshügale worn.
bar-e42ebc971177e4d1ecba2c22b251b1f1	D'Übertreibung is a Wahrheit, de d'Geduld valorn hod.
bar-e2b0fc61292c5b5c63a0039f3524b52b	Vertrau'n is a Oase vom Herz, wo die Karawane vom Denken nia hinkimmt.
bar-27b1c54a7bad639a09e4495363b3de2f	Wenn di Liab da zuawinkt, dann foig ihr, a wenn ihra Weg schwår und steil san.
bar-1aeba36e7cad59814e803e6fefe447f1	Schönheit is d’Ewigkeit, de si in am Spiegel o'schaut.
bar-07e465a1bb42f2d55876c82146599b94	Bist du a Politiker, der frogd, wos dei Land fia di duan ko, oder a g'fiada, der frogd, wos du fia dei Land duan kannst?
bar-f7fc74fe352ab26e22cf97907cec0bec	Wennst da erstere bist, dann bist a Schmarotza; bist da zwoate, dann bist a Oase in da Wüstn.
bar-62575f4dfeeb63e56a050770384b7c5e	Liebt's eich, aba macht's d'Liab ned zur Fessl: Lasst's sie liaba a wogends Meer zwischen de Ufer vo euren Seelen sei.
bar-1a11def496ff420884386cba8366efcb	Gebt's eure Herzen aba ned in d' Obhut vom andern.
bar-902858e77d9acd6016bc42c07068079e	Weil nur d'Hand vom Leb'n eure Herzen umfassen ko.
bar-9a96be6b5e6ac01ce5b5bdebbebb113d	Und stehts zamm, aba ned z'na: Denn de Säuln vom Tempel steh'n für si, und de Eich und de Zypresse wachsn ned im Schattn vo da andern.
bar-5c6843f73b0ac04b43177b3d42f6e31b	Mei Schwester handelt mit Küchngschirr.
bar-92673720d52af353446bbb69dad668c4	D' Maria is oiwei lustig.
bar-5ee12842c9fb4f9985f3370a575a8110	Mei Bruada sammelt Briemmarken.
bar-f9086889c40c7741642361b4c17b52f2	I meid' Komplikationen liaba.
bar-93b935aa887745af1590086aa061807c	De Suppe is eiskoid!
bar-fa7a30b6fafb83d4594cf6b4fa32bc65	Wer hod da denn des Gschmarri verzählt?
bar-3c14c10ca6dd0fb8c1a84ccc4ef08a62	Braucht's a oabatserlaubnis?
bar-c89cdac7ab059c2913daa9a8da339dd5	Dea Herrgott in mir redt mit'm Herrgott in dir.
bar-731d5fdd59822efb83e6257274c76964	Se hod gsagt, sie liabt mi.
bar-ae83c8b4f801d90691756913eccc51b6	I muaß jed'n Dog durch d' Stodt durch, dass i zur Arbeit kimm.
bar-7da65fd1c7746d663f4621bb28ac811e	Des Viertl in Paris is recht berühmt.
bar-e8b789130719962e66876994597aec65	Wos für a scheena Dog!
bar-7148e87ef4dfb858c0c2504a5f75df7d	I gfrei mi narrisch, dass'd ma Blumen schenkst.
bar-f369259d35a4ded16b5a899cca7594c8	Da Tom arbeitet an technologischen Innovationen.
bar-c4ae621f4aebd5f87d099fd24fbdd886	I bin recht zfriedn mit de Blumen, de wo'd ma g'schenkt host.
bar-c9ca82218e198e3604a2dda28b275ec2	I woaß ned, ob olle Roboter so faul san.
bar-8ebc78dd213a1e3a3cfdc2cc2f86195d	Da Moing graut und's is bald Zeit zum Aufsteh.
bar-52d83e5e200c437f2b58731a8c92244e	Wia hoaß is des Ding?
bar-07d9c6f877ae58ae817e83db4eabf13f	I hob scho verstandn, wos'd moanst, oba dei Grammatik is falsch.
bar-f17445dd34a48b81a36d2bcd36ad9351	Do is hoid, d'Temperatur is 26 Grad.
bar-72f5422e8843ad7cb1cac417cdd5ab46	I wui mitm Latein lerna oafanga.
bar-8ccf82fe9fb9bcda4c55568db16ee56c	D'Maria schafft an Finanzinnovationen.
bar-92eb3c9581134bfbe37ab510c73579a7	Da Tom macht bei de versprochene Verhandlungen mit.
bar-bb71791f41a0154006c79b9964b17954	Es is da Anfang vom Jahr.
bar-ba7c89c93f2e8cda90de4de05fd2554a	Ned alle Rosen san rot.
bar-761d817873cfcda13ba733703d073d96	Wer hod da so an Schmarrn verzählt?
bar-c6ce63128f152f333f61fb298577f97e	Des Hotel is achthundert Meter vo do weg.
bar-6c3af0ffb8caaecc969009d930a86f33	Des Wirtshaus is zwoa hundert Meter von meim Büro weg.
bar-c68d9f0c9c4137475ba25da704278e50	Du host nix, wos i hobn mog.
bar-aad9ad8f868cf7dc416b3c200ae6c20e	Hunde san edle G'schöpfe.
bar-99cb290e31dffc27cbaff7cdfa316257	Wenn's a Problem gibt, dann lass mi bittschee wissn.
bar-c88033508dfb9c7b324f0a517b08ffb4	Ma woaß no ned, ob a si's Bei brocha hod.
bar-a77fa1f82f20a2e2355fbf8597e73a50	Er soi g'röngt werd'n.
bar-d887fe2b4500c90b682bbee0346881c4	Sei ernst, b'scheida, höfli, ruahig, wahrhaftig.
bar-dba1f00b90d0a407a021c88a10da84de	Red ned z'vui.
bar-eb32244a31fda4b25817ea7b09137aad	Und nia vo Sach’n, vo denen Du nix woaßt.
bar-258c41c0a439b97c7963b203adb71d2b	Da vielleicht greßde Vorteil vom Ruahm is, dass ma ungschoidn de greßdn Deppenheiten sogn derf.
bar-c50f1711e6e602b3bb2040fd41e4e615	Ohne Stoi, wo er aufleuchtet, warad da Lichtstrahl ned sichtbar.
bar-7b4f6ac007618aeb85fa508085be97af	Am Pessimismus g'wohnt ma si z'letzt wia an z'engan Janker, der si nimma änder lassn duat.
bar-4ece95a977904ae3754cb2ae3710763e	A guada Lehrer hod bloß oane Sorg: beizubringa, wia ma ohne eam auskemma.
bar-16c5bc897e48c79de91431b6aa9378a7	Wenn i mit dir schlof, dann is des ned, weil i di liab, sondern weil i ned ohne Weiber auskumm.
bar-b8213de704b33d468101d80a7f04a05c	Is des echt so schwer zum verstehng?
bar-d4660e18e2efcfba78ac5a92d37ebe7b	Es fällt ma sakrisch schwer, mia selba einzugestehen, dass i ned ohne di auskemma.
bar-d5f3164cf29f5aa5ffea33e7f4eeae54	D' Maria mog's ned zuegebn.
bar-bdb512ff4ad61144b8b920d4dd40fa97	I hob'n Tom ned umfalln seng.
bar-381f3d4276e8f3ded48be6df297384f3	Wia'd seng kannst, hob i mi a drum g'kümma.
bar-3c12c8548fdb2fa7558cbc90658c5772	I hob gmoant, i hätt mei Schlüssl valorn.
bar-d604bf3b05ff0b91eba086157827ceea	Wia i heit in da Fruah kemma bin, war bloß da Tom im Büro.
bar-572ef20775efc1e2ec97ba877800723f	Sei Herrschaft war recht despotisch.
bar-4bed90b94b9df53207d5a2d5e1afea63	I kimm aus da glei'n Stod wia sie.
bar-97be8e79c2ce012cd4896c1f9a09998a	D'Maria hod si de Autoschlüssel vom Tom g'holt.
bar-1d043485699e7df6bed8894b4b8f6ff9	Nilpferd san mit de g'fährlichst Viecher in Afrika.
bar-b416f2cf94684f9356d15d59fa21e44a	D' Maria hod de Warnhinweise ignoriert.
bar-826a3e06f290733996919e0c47472064	Da Tom is ma sehr wichtig.
bar-4ef8d74a29fd8d628b011dac47034a30	Wennst di ned glei ohne a weiteres Wort schleichst, dann hau i di um!
bar-16f733949abda80a453df9767a02a0b4	I wui ned, dass es ois wissn.
bar-d7bf16a056aafc3c8220a411a0c6591a	Mei Eltern san zu mir im Vergleich zu meim Bruada ungerecht.
bar-162f21b42c5bbf6a7597ca3b4c65fe47	I hob a Kätzal aus’m Tierheim g'rettet.
bar-8a1670334fb46df15d61904ab4e61369	A Grimoire is a Zauberbuach.
bar-5fcdde5329d4d99d771ef4f5e19f1b40	Da Peter da Grausame is aa ois da Peter da Gerecht bekannt.
bar-d3de5d7090b529a9ec8c0c21d6e2ef5b	Da Tom hod d' Maria in d' Arm gnumma und ganz fest druckt.
bar-6ebf6cbf92f34a5af9e4d6cf1e1440fe	So hamma des oiwei g'macht.
bar-d76d6da3d29892a6de5432f056c13613	Im Lebn gibt's mehr ois bloß Gaudi.
bar-07323caa410aa40865eb7ee728de2dcd	I g'frei mi narrisch, dass'd kemma bist.
bar-5ce81b7d47844bab1a4c39f3c58823cb	Da Tom und d' Maria ham si allmählich inanand valiabt.
bar-17e71ab02450987b19085f5e8ed938c4	Da Johann hod a Regal baut.
bar-9923bd3b2b5beac28353b99b13547b09	De Katz is durch'n Zaun gschlüpft.
bar-75d9be1ed95087fbb1b39d3564c579ba	Räum dei Spuizeug auf!
bar-e262812c0fb89b3d4b3fbc3a115ac0d3	Da Tom is grennt, wia wenn da Deifi hinter eam her warad.
bar-8a4367c0803c73605a7e73e356b209c4	Was is mit dem Beamer dös?
bar-16c467e35e54b6794f1f70c42483e347	Da zeigt gar nix o.
bar-98055d5c422e18f39fdc86e53a9f5b6b	Mir ham miteinand telefoniert.
bar-96e84d32399143141b2f2363fa1fc1c7	Ohne sei Lieblingskuscheltier ko Tom ned ei'schlafn.
bar-e662528155faec9b787f567c77b107b2	Des is a recht fade, aba recht oafache Arbeit.
bar-0aeb6f7f0a3cbbde9aa554dbf1c14cf5	Mei Freind san do.
bar-054c5aad9cf77a6f8f8c42e97441e490	Jeds Viech braucht Futter, Wasser und a Tierheim.
bar-f9aff9507eadf70d51a3b1aa860bc6f2	I hör Musik und tanz.
bar-7afb01b109df0aad046f3850c83f96d7	Rot, Gelb und Blau san Farben.
bar-37163d8f5e19a693fd47a2f4f7e194b4	I hob an nix anders denka kenna.
bar-321d843ef58d97d99d1684bb78c9e412	Mogst ma's verratn?
bar-b41d6bdedb13f7b9793463fa4ee5e3e7	Des kimmst nia drauf!
bar-192c0ca1bb57494a4c24c853fe68331e	Mensch, reg di ned auf!
bar-c502e62755c690d4650efc5d455b89e3	Wer hod d'Antwort erraten?
bar-39381637d5afc61df46d9c37a97c4e7a	Du kannst de Bücher alle wegschmeißen.
bar-a69a9d5ee56e902f3d52e7e58c8d0d42	I gspür des kalte Wasser und de wam Luft.
bar-14ac5f5a7783b937cd6af642d44c4781	Is Französisch a leichts zu erlernende Sprach?
bar-2c876aea7d968c36a86cc7f9320141a2	Dei Birn is faul.
bar-f6f034e9929af92ca44bbebcddd6fccd	I mog de Gmoa Toki Pona.
bar-7a028b1de28a68d369de00d7e51e3164	Ned alle Schlang san giftig.
bar-fba2dc8970b2af4e3779a9faf54b57bf	De Schlang is g'iftig.
bar-11ab1bbe25f6676b515456916f0f6324	D'Elena war des erste Kind von Eltern, de olle zwoa scho amoi ins Weltall g'reist san.
bar-d1cf6f15ede100130fb8d3c774b54065	Dem Tom kimmt's so vor, ois dad sei Arbeit da Gsellschaft nix bringen.
bar-bd1d42d87807613c392dadca693f125e	Da Tom hod g'spürt, dass sei Arbeit da G'sellschaft nix bringt.
bar-b6056865761711440dec7ae183e084ef	„Daran derfst ned denken“, hod d’ Oma g’sagt. „Uns geht’s vui besser, und mia san glücklicher ois de Leit.“
bar-01b4773e9da66787b3cc2a3364f64b35	D' Künstler vo da Renaissance warn vom klassischn Altertum fasziniert.
bar-00b9f45d32c05bdc14e1609730c22965	Da Tom hod sei Teller fast so schnell leer g'macht wia i.
bar-b00b1eab0c12772477177e16437a592e	Da Tom hod ma ned de ganze Gschicht erzählt.
bar-660022389b566dee8b5ee37146608497	Da Kerl is ma z'wider.
bar-02ec6aa6f62296df09575410db1a06b1	Mit dem soi'dst ned z'samm sei!
bar-aaa7a559c61ff1d616b31fe120f25bd8	Mia arbeitn gschwind.
bar-bf6a69c9ebc986f83f94cbf323216381	Könntest des Dokument ins Französische übersetzen?
bar-104ffb7215e628d8c622f976e2849874	Könntst des Dokument bitte auf Französisch übersetzen?
bar-7149f3d25309b91cdb4099577f43f779	Red beim Essen ned über's Gschäftliche!
bar-9a92bfa5b05b792c991782478e5e7fc5	Bitte wart, bis i mit de Hausaufgaben fertig bin!
bar-cba4c0b49f3e4004494093828c5117a1	Schreib' zerscht amoi dei' Nam.
bar-3b0e094e494f133454b801ef1399c064	Am End is nix passiert.
bar-f5a05a34a3a9ea2b18cd3f8998de2ca6	Loss ma morgn grillen, wenn's schee is!
bar-f5a05a34a3a9ea2b18cd3f8998de2ca6	Loss ma morgn grillen, wenn's schee is!
bar-340345537b52bc01835a733bef84a5f4	Da Dokta hod operiert.
bar-9985d6b2b4007e614b5d833be203cf5f	Mir san am Strand entlang ganga.
bar-acd500c6678721ec27541d388f717d59	I hätt no a letzte Frog zu Algerien.
bar-545f378486aaa1271a6e4201a3f54106	In Japan gibt's alle fünf Jahr amoi a Volkszählung.
bar-eea4f481157ab56b943af95e9123fb40	Mogst a Knoblauchbrot?
bar-dd0d3ae8d11a46dbed69611b6b4daf02	I überlass da ois.
bar-4208a90be30834e2b8398129be677796	Loss ma zerscht wos essn!
bar-de052cb787e4a7e52c5063ecb451a0d3	Loss ma uns erst amoi wos essen!
bar-18b339bcfd7f73b29ffb795dd63a82bd	Da Tom is scho a gscheid redsame Kind!
bar-303772a5d31f7afb33dd0a30aa0c5367	I ruf di morga glei als erstes o.
bar-0311711b426494b5f072f999e487c0cd	Se liest a Lehrbuid.
bar-99b039a64037f18cdbf0c342da7a6146	Des neie Semester hod o'gfanga.
bar-1d5e8e6cdbd1d01ba45ddc9f50e41254	Vergelt's Gott für d' Zeit!
bar-e23b8fb1c11427dec92da789078ef24d	Bei dem Weda braucht er ned ganga.
bar-41a3a111d655aa7bba6f89aacc60d8c6	I seh a Frau.
bar-14e3b1eea26a20ba2445e545f2444c30	Wos is a Voikszählung?
bar-5455cfc675fa872910deaf8ab0caa5df	Entschuldigung.
bar-41c384f1977fc2d12b035fbab1d59562	I hob z'arbeitn.
bar-f2e2a35174f331618a5607e76a76d5ce	Schwoibn fliang gschwind.
bar-1aabce909f15425655ccb2120c9fb1a2	Mei Traum is, Roman-Schreiber z'werdn.
bar-ffdb8bdb83c8fbe0169242c15b948c4d	Mei Traum is, Romanschreiber z'werdn.
bar-eab06be2f3cc0989495f5ecef4a35de8	Mei Traum is, Romanschreiberin z'werdn.
bar-fe3e943f9208a5e98e59c4a2ea3e2f1c	Mei Traum is, Romanautorin z'werdn.
bar-8eb3ad892684c63953abcdc136974c41	Da Tom hod Kopfschmerztabletten gnumma, obwoi eam überhaupt koana Kopf weh do hod und obwoi eam sunscht a nix gfehlt hod.
bar-afe6de00d67a687bf6cc808f28734b4c	Mia ham gschbinnert.
bar-ee89f2840ff3d89e999c16064b9f63ca	Japan is a recht scheens Land!
bar-540a7c2759c04373089bc8f1a3bf348d	D' Maria ihr Schlafzimmer is rosa.
bar-0de3865066476549dc770a2e07154273	Du bist a recht guada Mensch.
bar-be5b1af0987b343f522e9f470641d79b	I hör eich oiwei no zua.
bar-6fcab7256fa21249d5c9c0482d607ac6	I versuch mit ihr z'redn.
bar-950bf9031069acc899a5569bf045ced9	Da Vogerl probiert, des Insekt z'fanga.
bar-eaf4fa7ce9b1f60e9b5cb76549bc1d9a	Des is koa Virus ned.
bar-387aa008b7dff605629137b16a10aed8	I hob den AIDS-Test gmacht.
bar-d4dd19a672f92285df25e8a8ed6e289f	Mei Brunz is rosa.
bar-05867070d13c82ceffdc966bab7731de	I brauch an Gartnschlauch.
bar-ed7199098a72d606412b0ecf86590179	A Schlang hod mi bissen.
bar-506d53700f3b588ebb6847262fed42bc	Is euer neier Roman scho ins Französische übersetzt wordn?
bar-24876b6c879f0d6cb9fed50a949649e7	Gibt's scho a französische Ausgab' von deinem neien Roman?
bar-f99b23e20a42f8122c55165331f191c7	'Sie mocht kaum Fehla, wenn's englisch schreibt.
bar-b061438d8ad26e009a2c6e6f8c6b94c0	I hob mein Zimmerschlüssel valorn.
bar-616e5fa7b2e2570debc283d759a9b1c9	I hob mein Zimmerschlüssel irgendwo liegn lassn.
bar-33ddf54d9a9414430e7699acbb37cbc1	I liag ned gern.
bar-236a7378c4a3d75922329897bfffde92	I wart scho seit a Stund auf an Freind.
bar-5f1e96883c4347e8d8a81bc5edcba7c3	I wart scho seit a Stund auf a Freindin.
bar-c5def189c2bd2bac4629afa7bcf772b4	I hob gwusst, dass'd Witzal machst.
bar-8b13e63574bc9f9a99fc919745032f00	I hob ned gwusst, wia i antwortn soi.
bar-78117414a3fa5b7287ae4650abfb198e	I hob gwusst, wos'd sog'n wolltest.
bar-d26e09e14271b68d9b1fe9a5d655765b	I hob ned gwusst, wia i oafanga soi.
bar-b1acef7d020d6b1e22928a6f64cec669	I hob ned gwusst, wo i oafanga soi.
bar-bf2e8388abe791d0b56c07589dea4101	I hob ned gwusst, dass es schneibt.
bar-0d422e743407bfe0a54f2ed83d57b082	I hob ned gwusst, dass'd an Bruada host.
bar-95cfba7679d7c3e4aa3eb1a9fd13f301	I hob ned gwusst, dass'd Kinder ghabt hast.
bar-d1149ec112ec758a9580d6e80da06487	I war damals a Kind.
bar-3a4e773bfb7d1a150994de45a6215877	I war heit b'schäftigt.
bar-bdcfb949b32b0331eed8f0593a4cbaec	Wia bleed i war!
bar-1feb423e75387886babc0e277c5450e3	I bin zwoamoi do gwen.
bar-4a21b97dbe82ec30e12dab36ccddec6c	I war a bissl enttauscht.
bar-97a521ef517d1b5b8bd6b4a3d22a591f	I war ganz allan.
bar-1b53d78262230f9cc41095d5a7aea8b9	I war persönlich do.
bar-da662993545c51b4a19a191a87258471	Sein Hund bellt mi oiwei o.
bar-44031c004e548aa2e1d458b8afb9e569	Dä Wölfi bellt recht laut.
bar-a5cfc63e81f718815c288e068c02dbf8	So is des im Lebn: Wenn si a Tür schbuid, geht a andre auf.
bar-40b9d98fa55c570510e00a677353b01b	D' Tragik liegt darin, dass ma auf d' zug'machte Tür schaun, ned auf d' offne.
bar-6dbbb2b345806de93fe671b141bf1da2	Kunst is d'Zamareit zwischen Gott und am Künstler, wobei da Künstler möglichst weit in'n Hintergrund ganga soi.
bar-4d9853c6d006bda1284a86f3215f2658	'S san grod de Widersprüch im Leb'n, de de größtn Auswirkunga ham.
bar-6df7f8c500378a8bf4ba5fa221307458	Mei Glück liegt im Größer macha vom Glück vo andern.
bar-75a26b01678a6b9032b2fab2203bead2	I brauch des Glück von alle, damit i selber glücklich bin.
bar-276f6ce66f6db9e16dadf09dc1f9ba6c	I hob gmoant, dass'd ned kemma wuißt.
bar-6c6909014a64b8e17bdc7bdb0dacb498	Mia ham a Menga Zeit.
bar-0e9bed890be21bf72e2fa1a77ce5f62b	Wo hab i mei Geburtsurkunde bloß hi glegt?
bar-b3ff76c0cf25b78debb83f7e6252caf0	I kimm doch ned so deppert sei!
bar-ff8a1e5d9a89e1a43c8d3bbe7ee2b001	I hob mit’m Chris und da Sarah gredt, de gehn heit Obnd ins Kino.
bar-e0e11b88ee65e01fbb7f0671b6a0b1ad	Danke, des war schee.
bar-6704ff7af1d12a9e83cab43c910ef3f2	Passt scho, i werd probiern, nach der Arbeit vorbeiz'schaun.
bar-7026672639db761150257cac8f67d002	I dat a gern versteh.
bar-369ffd02f8315c838527aa4253f8acf1	Ma muaß oiwei Leid hoin, de bessa san ois ma selba.
bar-ed0a7a1e3c9bf59a27dc7780dcba0150	Mei Zeit is um.
bar-4e3f1e46f1e408db3cb30373a463cec2	In dem Woid lebn koane Giftschlangn.
bar-5558a71f180a313498f50bf4f6b722d0	I hob de Dokument durchgschaut.
bar-bdea5d641ab8728cf67dbab78bb6af00	I hob Ohrringa kafft.
bar-e12ebf1a8eb151cb4f01a84ca6f2ffbd	Mir hamma uns ausgmacht.
bar-c0fa441d0dc37a7ee4b36e5f50238432	Wer hod vazicht?
bar-be728c55805d21e20503378f28dbad48	Wos schaust mi denn so deppert o?
bar-c33667966c20976845124dfe1f15722f	Warum schaust mi denn zum Deifi o?
bar-1ea2d7be1a4c0764e70094b51fa0b720	Könna mia oafanga?
bar-426cc7d5a0a013bb2282415ebc812200	Kannscht antwortn?
bar-9d0dc13aebf57e59fa4490daa5892f8a	Kanns'd absog'n?
bar-00fee766fff3c15806dc2e06079dfa5d	Packst des?
bar-1c62da56b3251ed2ce65fd4d536fbdf4	I hear ned guad.
bar-ace1bce42cb838cf048db17619de3f64	Hat a de Prüfung b'standn?
bar-3d1f6e87fd971b3ee392982a3509fdec	I fürcht, du bist z'optimistisch.
bar-d0ba024750e78455d5e77acab60bc81c	I gfrei mi.
bar-ab3ec3d18b82c7fb0ec8df9165d122e3	Sei Stimm hat bekannt klingt, aba i hab mi ned erinnern kenna, wo ma uns gfundn ham.
bar-3c319cede398350d93f8871e20ce288f	Sein Nam is ma bekannt vorkumma, aba sei Gsicht hab i ned kennt.
bar-0043c387a1ec68c323d109665340a924	Dei Gsicht kimmt ma bekannt vor, aba i such umsonst nach Erinnerungen, i ko ma ned ins Gedächtnis rufen, wer des is.
bar-cd61147cdd0d788a694d77925346e4ea	Ihr G'sicht hab i glei erkennt, aba in meiner Erinnerung war d'Maria a ungefähr fuchzg Kilo leichtere, schlanke Frau.
bar-4df0c1fd8b5c34509bf806fbeb8fb26b	In meiner Erinnara war er vui greßa.
bar-c3848ca7961329d26b723a0dd00c4ad1	Najo, wie i'n des letzte Moi gsehg hob, war i no a Kind — a kloans Kind.
bar-dfdebb0be5e2da3308b5c88c899bf4c4	Mach's Schritt für Schritt!
bar-e7b8e21c08223c29910c355dd78d5c6c	Mei Ferien ham letzte Woch o'gfangt.
bar-7e004f8d813ab7880c4c1987815bd753	I geh naus, dass i mein Kopf auslüft.
bar-86ea3006a35dbf96c54796e9a333205c	De Eingeweihten san oana nachm andern ausg'radert wordn.
bar-cc24d02de31ac3e094885e637f36af9e	Lüft's Badd nach dir!
bar-955f5d4b0ea382121412c6b7a125794c	Du kriagst bestimmt no amoi a Chance, de Herausforderung o'zpackn.
bar-53c0a1bb81e267d1060ff0408a8df183	Am Anfang war d'Stoana.
bar-17a8cefa75ca6c04323a7e00654e4bd9	Und sie is bliem.
bar-8f5b5ee5472b5ee7150631a734832e7b	Wenn i schlof, bassd ois.
bar-374ef597ca8cff4f5cd9f40beb34e68a	Wia ham S' Toki Pona g'lernt?
bar-5d7a10675a3bb5862b541d0d762a018c	Wie habts es Toki Pona glernt?
bar-0f191f213dd7818e81fc98b73b4b8fc2	Wia host du Toki Pona g'lernt?
bar-7308d1e2c3ccabf07981604835a744f7	Se hobn Zucka.
bar-054c12d447369eec6b4efa6312f2f69b	Wenn dir des ned gfoid, hör i auf.
bar-6184131d6f08071b23ab1bc2c0d1b09d	Wenn's eich ned g'fallt, hör i auf.
bar-6cac5c5bce0a4bcb686acf2f3ba90fc3	Wenn Ihnen des ned gfoit, hör i auf.
bar-921bbf8d39d3a1e5f33e441372200e72	Hast scho wieda mit deinem Studium o'gfangt?
bar-24135e52cd77afa25d8a664f6098f548	Stell koane Frog'n!
bar-f4acde330ab5a6bdfb025d69ac7750dd	I gfoid ma echt, wos a gschriebn hod.
bar-df4d4cd2e11574fbfc3d3ddbf017f233	Wo grad a Unwetta voll im Gange is, brauchst ned geh.
bar-58c6923625e330bf4a8b070175e6b046	I denk gern an de Sachen z'ruck.
bar-dc567df4c9b6795faee83fbda58a6b74	Wo grad a Unwetta voll im Gange is, brauchst di no ned auf'n Weg macha.
bar-adc629ed343150902bffab308b04d9c9	Mei Büro is weit weg von dahoam.
bar-663bd77badf81f6ad7220589f4710c31	Brasilien is ned weit weg vo Argentinien.
bar-7c01b18fe694516f8ca10f026c4018b2	A Regnfront, de noch Osten zieht, werd bis zum End vom Dog ois Ecka vom Land erreicha.
bar-46490c389ee6213f47f20271dfad6c3e	Des war fei gar ned gscheid.
bar-8612bf868ad9b1b0840f002c0a32f916	A Kind vom Kind is a Enkelkind.
bar-377fd3030805e3c6e843de4261854d9f	Mir ham uns mit’m Tom wieda vatragn.
bar-640396fe6a7821cab18ec3ae0b6cfb39	Mei Eltern san nimma am Leben.
bar-d1cc816a1a768fd79463e9c5017e7fef	I schuld da a Tausend Yen.
bar-467d65e4b2f25a99c1bc20de31fe2745	I samml ausländische Münzn.
bar-ef5db62efa39306c168e93211902b841	Fanga ma mit da letzten Zeil o!
bar-ecea6be13320360b37ee1ade8f1fba40	Wär bin i?
bar-314ec0bf320ae5ed1de5af03cd6f2f8a	Krieg i d'Fahrtkostn zruck?
bar-38dd68dfde3d8df45e566c95f7f93d06	I foa morgn naach Deitschland.
bar-e5891bd68e73e949e0c74f81224cdabd	D'Regierungspartei hod für Stimm'n zahlt.
bar-d6b229e1840744e6593d4dbeb4b10e6d	I such des Hotel.
bar-ceed65c455217aaa958080d6f06f5e04	I spui gern Tennis.
bar-06d0fabab4dc59600bb1f545a6bca23c	Des Gfui interessiert mi.
bar-608706b05a5e63757f36dac03cefa13e	Da Tom spuit gern mit seim Hund.
bar-87a85abe4fbf829b458bf4802453cf4c	I geh naus, um mein Hirn auszulüften.
bar-4460f1c20e2509a43801a19bcce63de3	Macha hoid d' Fenster auf!
bar-256f272dc59b3b25eacf2e391f22131a	Von de Leit an da Schui kenn i koan oanzign.
bar-6909d8d78f2de7e6e01f08cfb2048734	I schreib bloß a an Brief an mei Freindin.
bar-e47e519d2424dd30fe418e1e03f118b2	Weil'sm Tom ned guad ganga is, is er heit ned zur Arbeit kemma.
bar-9e5070531209c8b08782b04d5ce75d9e	Dem Polizist war mei Muada wurscht.
bar-dc6cc3b17afe18547cc7bf67905946d9	Er hod aaf sie gschaut und is abghaut.
bar-27daee87f0be63ca4662bc127474f714	I hob an Verdacht, dass da Tom g'wusst hod, dass d' Maria verheirat is.
bar-fa8beb069ee2311cd0a8073e955d7ccf	Oans vo de Kätzal spuit mit ana leern Klorolln.
bar-1e2634b45accbbdce8f044f37261e588	Des Foto is drei Johr oid.
bar-bf38c642b4771a44558ce7d9a3f5cc77	I kenn an guadn Französischlehrer.
bar-e5b923d615a5e57ea08634099bd70760	I kenn a guade Französischlehrerin.
bar-15c81ca793c5505ed0a6a6af78ae822c	Sie is aus'm Hof naus, um in d' Stodt z' geh.
bar-fb839c735dc0322cae9f88bd32ee468d	Mir ham'n an Tom im Krankenhaus besucht.
bar-0797b415e72b3692848ce61e5d013d5e	Da Tom hod mi am Montag bsucht.
bar-95948550f4374fd5943af86e6b5297c7	I iß koane Nüss.
bar-4eac37c502a4d98be57081045c380045	I hob über Löwen gredt.
bar-b4f737d53cf55304cb282bb555b395ca	'S Glück von de Leit liegt ned in da Freiheit, sondern drin, dass ma a Aufgabn übernimmt.
bar-bdb4c8114844427791bc0cbf4cc4597a	De Summa vo de Dummheiten, de a gscheida Mensch im Laufa vo am Dog sogn ko, is unglaublich.
bar-27ad48168af9546e5fda9d9103653b5c	A Buach is a Haufn toter Biachstabn?
bar-2a64e51f9adb67a932d3afef0af4e247	Na, a Sog voll Samakern.
bar-b6989a68b7054b07aae9b5458671e182	S'Alter hod aa gesundheitliche Vorteile: zum Beispiel schütt ma vui vo dem Alkohol aus, den ma eigentli drinka mecht.
bar-bb19a0215e21bfb7f41ed4b66189ab00	I hob oiswei so gredt, dass ma Mut zum Handeln kriagt und ned verzagt werd.
bar-0795972d1d21893bd01c931a3520185b	Gerüchte ham beim Tom Vorurteile gegen d' Maria g'macht.
bar-b2872812f89738e8fb18bc0230f9e981	De Frog hod d'Lösung scho in se drin.
bar-0f8fd2c99cf583f9ccf046fd29c917b9	Er hod zua, dass er z'gnomma hod.
bar-e9bb9f63515b2109bc69a276f733006c	Da Tom und d'Maria ham's no ned kapiert.
bar-bcfff48948168c6aaa70b33d66c5cd7c	Mir kema owe.
bar-127d21e3e77832a9945c7c74ddecd959	Neutraliad is Dreck!
bar-5d43a525ab88210b006054bf2f5cb9f1	Es seids so schee!
bar-acbb46fbf27e12c03059a24e6e6a0767	I wui nirgends hi.
bar-53a71586be3ad87da602c33dff92e395	Schreim is gscheid praktisch.
bar-12312cc334b5522331cdd02a29dd951e	I hob koan Nam.
bar-9ea557e40079e5133defe394fb841d6c	Drink vui Wossa.
bar-a6debb9af8873b682a7daa15957caac7	Da Tom rührt's ned o.
bar-6dce3604d6b55b757a942e9bcbf61bce	Sei fei freundlich zu de andern.
bar-b9ecc4c30b39900d85a311056514c92e	I kimm ned o'haltn.
bar-18146f7dbd7402a471493ce4bf0a2560	Vui Glück beim nächsten Moi!
bar-149880a929653a385ab17b6f0b2bb412	Da Tom is in'n Freizeitpark ganga.
bar-2b603dadba981a17a0a7199ca79f35ee	S' ham ned auf mi g'hört.
bar-97f8a58e48e88b03d6a93638ee27fad6	Gibt's no wos anders?
bar-09b6986348b2304bbc2f9ad3d3be284a	Du muasst jetz kemma.
bar-978f8bceed3f12f0a95df0691b94f045	Weiß wer, wo mei Handy is?
bar-762722c435cbc4fd958f45ba659f3b5a	Es is koana dahoam.
bar-8cfd992a0b0797d458266e5c6bb07a51	Olle san im Urlaub.
bar-ece4dcf28b3e7e6a5f6af0560a933082	'S Leb'n is unser größter Reichtum.
bar-7c5dc410ab693e641aa45884eae8f12d	Du gibst deinem Bua an Bussal.
bar-1fe83538b32c486405d65fab307d116c	Er redt gschwind Französisch.
bar-5e9f514d2868548358efe94bfac2405e	I werd ned jågn.
bar-ecc787e60c2138e65833d3330cb59644	I trink a Glas Wein mit'n neien Freind von meiner Schwester.
bar-e5b99286bb9098d38d97c31bb5c4f80b	I geh mit meine Eltern in a guads Wirtshaus.
bar-1a4e17ad5e119c0e4050d90c8c5b5b10	Was san de Zutaten?
bar-8795655e73ae901d51e2a352f3ebd941	Da Tom ko si des ned vorstella.
bar-01f8db66775cb212683d8faeaa8e67c7	I dusch mi nach'm Aufsteh.
bar-f025d84da5872e3dcb378e5c9ce1b5b5	Messi spuit morgn.
bar-ff3260948d11251b5725ccf79fbb2b9e	Was sehn S' do?
bar-03f3a7fc5c80cb0df97e2639767627c3	Wos host'n für Hobbys?
bar-15019ecb6f6c3779c34d7f292552388d	Ab morgn arbeit i.
bar-966d3335867804af3cec2cb526a49a7f	Da Tom lernt gern Deitsch.
bar-d48dedd3d4fd276b10ae4124881bcb9a	Warum lernst du de Fremdsprachn?
bar-50f1ca600c33d4a4efd42872e69933aa	Des bringt ma vui Glück.
bar-212260f894cf78fef72be6f1561ffffd	I denk an wos.
bar-0575b061025943fa305c287a2dd5bf84	I werd do hocka und auf'n Tom wartn.
bar-67282f52597bcf130dd28a899fa52633	Sehst?
bar-b99c03e3105e4a1c6b5becb79d0986e8	Du musst Fremdsprachen lerna.
bar-8da80e1ee218a459536b74694f0b8ba8	I lern do jed'n Dog vui neiche Wörter kenna.
bar-f7f0cc00fdb89486061e9eba191a7966	I denk an nix B'sonders.
bar-4ef62c888c93d3a946a7e02c07a33d53	Warum moanst, dass'n da Tom des ned mog?
bar-2bbff2cde3d77180aef9138ac0f83736	Im Vergleich zu früher hod sie si vui verändert.
bar-2f5d700bcfb310fa997d53eb8a64daf1	Wann host du o'gfanga, Japanisch z'lerna?
bar-583c6ede4bed923f763c0323e5a2b396	Hast mei E-Mail kriagt?
bar-b242a4f3329d00e074afeb4fbf807688	Mei Schwestern werdn Frühstück macha.
bar-11f2b5e331b5dcfcaefc193c4a81e737	A z'eafochs Sproch z'redn is ned leicht.
bar-14f3d51dac96f32fb67cab2db03b9076	I hob'n Reiseführer im Hotel vagessn.
bar-e70b071aaa9a7ccafcb0f3da446ba72f	Sie hod vui Röcka.
bar-ed5bf5a9f81e683a556522896697425d	Er muaß Hosen kaffa, weil er abgnumma hod.
bar-1f3340272e33092dd17a808ecc84a90f	I hob mehrere Paar Schuah.
bar-8f793275c017628160384b9dbbaf7f8e	Des is a g'rade Zahl.
bar-0856f7defefe9e8017fcfaeeb34d6210	De Bedingunga ko i ned oanehma.
bar-b5058546bc7f65af5f11ce736c2b62a5	Denen Bedingunga ko i ned zuastimmen.
bar-8db786eca299723c690bf6f0a22a5d27	I iß' ned g'sund.
bar-0aadaa491103129ec578f43190140b1e	Lies, wos aa imma magst!
bar-3e5842e9d1e975cb577a40013f029cc3	Gibt's aa importierts Bier?
bar-a77df0df0988aa21fb1dcf3dcbcb0594	Wenn i dort o'kemma, is d' Versammlung scho vorbei.
bar-ccc03e9f6735e988b6bd6bfd95e44ad8	De Antwort is falsch.
bar-4fdb218a68e8287819772cb3489984dd	'S is a ganz unschuidigs Madl, des ois glaubt, wos ma eam sagt.
bar-574d447ed3d091e033d4788a488202c6	Er kimmt mi ab und zua besuchen.
bar-43cfb4ca02bce57b45f6fda1874bf1a6	Damitst a guada Redner werdst, muaßt vui lesn.
bar-067868bb26abf698b501010c18adebc0	I war vor dir do.
bar-da3bf9ed8d3b2c4723ab6d7a2e1e10a2	Entspann di!
bar-298db8b1bb38c40a4a1f3ea00c87fab0	Morgn is a no a Tog.
bar-aaad96a4bd26983c52673c97145170e2	Ma hod ma für's Motorrad vui Geld geb'n.
bar-9d53a16cc36784ec1109bc6eb788c4a1	I hob Bewegungsmelder o'gschraubt.
bar-87bc88af5d4b4087d241027882eb9e37	Einlass nur auf Aufforderung.
bar-8aedddb60da80cf28331156d6c357bd4	Koana Ausgang!
bar-6d8cd23c9d4fbc3fa0e2e59142f83456	Zugang nur für Mitarbeiter.
bar-12187e0c400ec1a55739afc422a0ed66	Ruah bitte!
bar-7371e7d34df56c88b55aa324a0b62b4e	Mia nehma auf!
bar-e3bb588bb5e016fc81c937368a9b5c98	A Spinn is ma aufs Bein aufi kraxelt.
bar-641b1d14347369ea9d7c91590860752b	D' Spinnakem san vo da Decken owe klettert.
bar-7c581b8461c4a3b89e37dedfbfc543c2	Gib ma a Schinkensemmal.
bar-80cc519ee97c1c14902b1bad2b7e3977	Für mi bittschee a Semmel mit Käs.
bar-b76232583da1acc51f9c2ced23f8fae1	Is a Milch im Kühlschrank?
bar-1b46c919f3efc2d6aa25aadb5487bced	I hob Fleisch, Käs und Tomaten auf meim Sandwich.
bar-5007ffb06ed95ac058da170116d8f659	Führung, des hoaßt vor ois: de andern zum Erfolg bringa.
bar-45b9ba9cd10f1fa2e69da28e12320f25	So is' im Leb'n oft: Es is' mehr a Sowohl-Als-Auch ois a Entweder-Oder.
bar-d7482c82486a68c1bf6438343a651c9d	Jeden Moang nehm’ i d’Zeitung und schau d’Todesanzäign durch.
bar-0de2903d8ab303a161630707e5a0d5fd	Wenn mei Name do ned steht, mach i einfach so weiter wia bisher.
bar-01e5f19d696f30a88b6dda663edd03b9	I kenn leider koan deutschen Film.
bar-b253c2d613618e8f8f019471327d1158	Koana geht ans Telefon.
bar-71d369e72ef2a9b850f9581b3ca33113	I hob nix gstoin.
bar-c87f856bc63cf6f926157f017ab9733d	I bin koana Deandl.
bar-337774ea1590400193e9bd7b541c1539	De Kinder san recht gscheid.
bar-fcde72c1f105a33303d414ccb120d137	De Buam san recht fleißig.
bar-39e5029d4c58bc7fdc079308a11e7366	Imm sachte mit de jungen Rösser!
bar-70c9cd29f95d9aa5e397b52a8c9b3efd	Da Tom mog gegen'n Willn von seim Voda Mitglied vom Fallschirmklub werdn.
bar-04dc6872b320b2475c66939b19cd0fab	I woaß, dass i's desmoi richtig kapiert hab.
bar-858de49f4a40a81ccf2cb02af4aaf8f1	Vergiss ned, a weng Milch zum Kaffn.
bar-c0702ba728c2042e65dee75fb8a5f934	Kannscht uns sogn, wos bassiert is?
bar-5801558f032271ea74f6fa6e6f1f1fcc	Beinahe alle Schüla mög'n Englisch.
bar-77e953a3d101ab2a1b0c2ef5ae79e283	I mecht mia sicha sei.
bar-d1c288578d59e3dbc140e37ff0611907	A Spinn is ma am Bein auffikraxlt.
bar-24d5bc89a01f12e73b725a8a025cd2b3	Koana is ned krank worn.
bar-742ec5503839c817be2806bc18b4a7ff	I hob Ähnliches erlebt.
bar-30e6a268668f279e87578b35fcfa046d	'S red mit a freundliche Stimm.
bar-4e3d48ae1d8da09e2ea7271ba3161ab4	'S hod an Knopf an'n Mantl o'g'näht.
bar-0b34904d4fc3c0e3c51cd6f59d100768	'S hod si an Knopf an'n Mantl a'gnäht.
bar-98bd3f39d9d91f1e74ea2f0eb57bd03e	Da Tom und d' Maria ham jeder drei Tassen Kaffee trunka, bevor's in d' Arbeit gfahrn san.
bar-138792d635855810ba0e6f447d0a4ebb	I mog'n scho, aba er is ned da Gegenstand von meiner Liab.
bar-170ab4dacb2d3db7deae9343a17e1a37	De Tom sei Frau is auf amoi krank wordn.
bar-b98ea51e44c4caddbab419e9ab5a2d53	Dös schiache Wetter hod z vui Unfäin g'führt.
bar-c1cc356cae44cf7f9b614a0378d053fc	Schaug, dass'd weiterkemma tust, damit'd ned den Bus vaschlaffst!
bar-c0e90aabb545ac17e1fe772555a6bbbf	Wos ko kost a Hoibe?
bar-c89c41fee61f72858faeb491422ac56f	Do san mindestens 500 Studenten.
bar-e63255c1da53e1d07621c5d96bb43b4e	In weniger wia a Stund san mia do.
bar-37333450ea2630b92810b63bdbab3ba0	Kinder mög'n koan Lebertran.
bar-83459b2a8b9055043329f3dd437a5a32	Um 3 auf d'Nacht muaß d'Arbeit fertig sei.
bar-06057c2572caa9494f7f027a8a6ac439	Da Tom is a g'fährlicher Mo.
bar-3433c6aecd6fefa6f349a4581e531935	Da Tom is a g'fählicher Mensch.
bar-d5f29c876791d85387643078b4ad8203	Sei achtam!
bar-d0976a9edbce83b22d9fff9858e3b6c6	Setz a Maske auf!
bar-c6d560bcf58b38e713cb9bfebf979368	D'Mama hod uns z'Mittag gmacht.
bar-f881fecd7a99a7fe6b2328529a5637e6	Mogst Birn?
bar-180a8e362f1bbba99b9b05f54a89d983	I hob den Vertrag ins Französische übersetzt.
bar-acd089b20bdd5b9e5889ebca14fa9e41	„Was lernst denn du do?“ – „Französisch.“
bar-68f015a9f41671f5f4764549c87c223e	Da Herr Schmidt hod's zu seina Sekretärin g'macht.
bar-e11f2948331a358a70b1404bb5de4270	Mir ham gsehn, wia da Tom drei Bäll jongliert hod.
bar-73eaae8ff033f389b009100f65010be4	Da Tom hod a weng mit seim Telefon rumgspuit.
bar-9460ccc7d9c519f195f00a2e3d605e44	I kimm mi ned dran erinnern, des Wort in de zwoa Johr, wo i in Berlin g'lebt und g'arbeitet hab, je ghert z'ham.
bar-60020e5f7eee03357a3c4317ebc2b26f	Gehst einkaffa, Tom?
bar-f391181968a452490ae9bfbcf64ebe3b	Dann bring halt a paar Erdbeeren mit!
bar-43357f4d1b0321b0594097934c04ab05	I hob de grod troffa.
bar-6d73868b515b87185dec2fca31dd4067	Da Tom hod da Maria's Frühstück bracht.
bar-edff13132ac97912ef205264a5a44e63	Kauf nix vom Tom!
bar-abd8ae644a7115a458990cd93dc942f1	Kaufts nix vom Tom!
bar-b0336d5ad44aa122e8fc7199793ed21b	Kauft's nix vom Tom!
bar-408987eaedd7e378302814409203918c	Warum seids ihr koa Muslima?
bar-f8baccb096106499ff3c0a99e8fe49ee	Warum bist du koane Muslima?
bar-67a83abc188a5f3ac18c34ffeaa7aaa5	Warum san's koa Muslim?
bar-ddc154ee672ab99c9889653e40c35b34	Warum bist du koa Moslem?
bar-bf6e143e62c27367778f99d6590e3a2a	Sogar da Tom hod ned amoi g'probiert, uns z'helf'n.
bar-aec31bbcf4a7b45b955e4cb66dd7b94e	Des is ois, wos i ko.
bar-16d98db72d800aeaf76c49ec0f3ca2f9	I hob aufm Weg doher'n Tom troffa.
bar-401f3115951ebf611c3f882fae95b56d	I hob grod'n Tom troffa.
bar-f01682195a0a34f2ee212d5a162c29fb	Des war a Türke, der'n zum erschten Moi beobachtet hod.
bar-98aa8e7950ac69406306dd0d4436a153	Er hod auf am Astronomiekongress davo gredt.
bar-72c8e5021dcf2f1d2c113c45aace57ce	Sie hod si höflich vor mia verbeugt.
bar-aa0cab49240b99c413c5e56902faf0dd	Wegen seina türkischen Gwand ham de Astronomen aba ned glaubt, dass er d'Wahrheit sagt.
bar-eb236de79676110c03fcbf96213e7221	Wonn is Deutschland des erste Moi Fußballweltmeister worn?
bar-10c421872cb1d5383af5f0a87cef0734	Da Tom hod si vorm Schlafengehn gschduscht.
bar-58a3a8cb2ef1cfa19ed1dcf2ff2d7ca9	Erwachsene mög'n Zahlen recht gern.
bar-a98c61336fdbaa0cae5e104e1500a4d7	Wos fia Spui gfoin eam?
bar-eddaad0a85fe4ed55b435d75d6a67868	Wievü Brüada und Schwestern hod a?
bar-c8c55d45ac5800b66ae3bca37bb00e94	Olle ham wos vom Kuchen abhaben woin.
bar-0aed263cab12bc42a0ddf453c48c5015	De Schwammerl san giftig.
bar-1e9c650c593b43c981d345370675b6bf	I bin wieda in Japan!
bar-404c74c69956d599178eba6fc769e75e	Wievü Gschwister hod a?
bar-a897b429a5bc0eefcb7a1f49d51573e4	Er hod g'sogt, dass er wos zum doa hod.
bar-f52fbead2fc34dc8b01629c631f090cb	Da Tom hod des oane gsagt, und d'Maria des andere.
bar-f8e33722831e892d0b65d1452b1652d9	Servus!
bar-79c81d7fe7bbaca9cf2547435234fceb	I bin's – da Tom.
bar-475dfc41ecc7cbef3f46d4333699b0a4	A Versöhnung vo Wirtschaft und Umwelt heeßt, dass da Kamin raucht, aba ned qualmt.
bar-63bcf075b9f86e055d129e213650066a	'S hod's genauso g'hasst, wia's g'liebt hod.
bar-72dce069a703ec76011a2d16a57f1025	D' Maria hod si net so ozoang woin wia de andern Madl.
bar-f52a1750b77675359f3e647342cc3e63	D' Maria hod g'probiert, si nix o'merken zu lassn.
bar-8ec14a1b42e6dc41cb52de806602cc2e	Sein Stolz is oft verletzt wordn.
bar-c8780b1ebdff40dade1ae5d0c6f75a41	Da Bürger mog sei Finanzamt genauso gern wia da Metzger'n Vegetarier.
bar-03549da84189d8da73d53621d4c861d8	A große Stund besteht aa aus vui kloane Minutn.
bar-3d4bf5bd5a97ca7cb238db8b1b434f73	Ned oiwei san de Ruahigen aa de Gscheidn.
bar-aaf349d8b0e59af111ce9c7ba4de57d8	Es gibt aa zua Truhen, de san leer.
bar-1f5297990e56e19c003b23894426f624	D'Welt is a optimistische Schöpfung.
bar-05c7cdadf629edf4abf1c8dfa40a14d0	Beweis: Ois Vögel singa in Dur.
bar-73989326631c8b2cb09be10e5802c8f5	Leg des Biachl auf mei Schreibtisch!
bar-7541688ea798e4bbe8e4e8c6bb054d4a	Leg de Unterlagen auf mei Schreibtisch!
bar-13ad628df82509b911f17a5594dea905	Da Tom hod koane Angst g'zeigt.
bar-9d696c297a5d9fa8fe79fa6ed7bf600c	Zeig ma amoi de Wund.
bar-fa25ecae0ff639a6290c5197edf2019d	Steig gschwind ei!
bar-7f0c755bf54f93bd25dc022d235541d9	Wos fressn Haifisch?
bar-316cd6d6cc765fd22026cb9ea66e8dfc	Mir ham d'Tia sperrangelweit aufgmacht.
bar-194edcb8bb1a099d75015026d58bf466	Geh, wennst geh willst.
bar-2087f2243378d849d7e5602f1ff03590	Mei Großeltern san ned dod.
bar-9765dc6afcd5429e2edcce900b29bcc0	I wui mit koam redn.
bar-6a8acd492a32682145fe61728c37dfc6	Koana duad des.
bar-a3125801fb1d3386055a73e62ce062c5	Er is genau hinta da.
bar-b1fbef0c75366ed83315bf1e29002b47	Schließ di uns o.
bar-b467e30ed35ebbb941654156c56b18be	Ois hod mit am Traum oafanga.
bar-22892cb29843a7073acd5fcf7136d94a	Dei Aussproch is a Glanzleistung.
bar-a3269c9c639ec1021190d687897ddd84	Olle warn gegen mi.
bar-ff18220dd6f212fb34b1beacb0b1b610	Möge uns da Herrgott helfa.
bar-1828f89591218626949f24d8617a81f4	Du laafst auf Eis.
bar-d2ff1f816336d83a322aa53f33459e69	Redts ned so laut!
bar-b385c696c9ce33c5dd50e8007df4cee9	Red's leise!
bar-ec799349c749b3fc957e599463344002	Hobst verlorn?
bar-3215c3c4372ad7d4a5ebedaf598a2956	Wörter san Türen oder Mauern.
bar-98637e65a967e4534cb090d8ba4dd35f	Do müss ma a speziells Verfahren owendn.
bar-22e55bef7a397dd02639661ff5d8eeea	I verkauf Autos.
bar-5a78bb0b0f3ea2fb58ec574c10e6fcd7	Schau da des Katzal o.
bar-52e30800a3438c035c07ca1f2d3af907	Loss des Messer owe, Tom!
bar-7acd81aa763e362779b9440d9081fffc	Mei kloana Bruada schreit laut.
bar-d0b66807e39ce8c03fdaef38f536a224	Er schaut aus, als hätt er an Bärenhunger.
bar-c6a0f634b74f434d927c0ce1981ce6e1	De Band is der Wahnsinn.
bar-22a4c189938b4c8254d4f2089ff3e21e	Mir red'n über d' französische Sprach.
bar-3061872ff6bbf3d2bd3a21eec7c86296	I mog ned, wos'd sogst.
bar-05e14ca9b130e3ea23a0c5c9df951753	Du muasst des verkaufn.
bar-551522c8f0065ba3a1e9e7123f4e0e0b	Lesn's bittschön d'Bedienungsanleitung.
bar-b026e4f38a4f39bb686c9b3f5d4b4c3b	Des Madl hot des Fenster z'schlong.
bar-9da4533de5a6b4d3dc718b8deab9cdbc	'Das komische G'wandl vom Sami hod owei no o'g'halten.
bar-87dd418176089a2bfdfd1cfa78906bc8	Des Essen war ausgezeichnet in Italien.
bar-245b8d9e89c15aba05cb7732dae989d4	Da Tom hod Geld vaverschenka woin.
bar-9c28b5ea37cfda3ec5c9a6921e97a341	Nur i derf des macha!
bar-598692070a1634789678621a8bfb4249	Wos macht da Vollmond mit dir?
bar-ed8383d1980a4f5573665903d5d4fa24	I wer'sm Tom ned vazähln.
bar-c06a16e06b69074fa0827f1d1b7f493d	Da Hund vom Nachbarn is g'storbn.
bar-220ca0f1c0dbf5de576dbfad8ac3257b	Mach dem Tom a Getränk.
bar-17bafc9127bbb79dd99c59e28c93be3d	Was sogt ma dazua?
bar-3964bd88c83236b30e5f4e42d8a9f692	Mogst wos Lustigs hearn?
bar-9c2149492c40dbe004c05a873a7b74d9	Da Ventilator is hi.
bar-4f6926cbaf7cc89a5e5a38bc2f084758	I kriag des scho irgendwie hi.
bar-178f126428f3fc8423393e1bb0fca386	Da Tom is a bisserl z'spät kemma.
