en-3ad2685432b4854f183ffd0e29d62777	By the time I was your age, I was already married. 
en-634fc9107574135c5089e635acbe289b	I missed you. 
en-9df8b1621679af1a103c1e3ff7a19eea	Was there a book on the desk? 
en-f5956d74208295bed570120f3de02aed	That is a spoon. 
en-aa41d683e40c6ca7c795d4eea902e947	If I had known about it, I would have told you. 
en-86fb2f5ac363b2e98bd39f7589b1ac81	You can't be sure of anything in this world. 
en-6e03648024466f3012ae760cf2296a45	5 is less than 8. 
en-81758b5b969f7d55ef8690d7c9c99745	And I will raise it again in three days. 
en-a60da8162df2971ed59d84dfb51a13ed	Jack is the most intelligent boy in the class. 
en-f4270a3af10161c8be24345d779f4c77	Tom said he had a craving for chocolate. 
en-7f0422e6894ef1100ccde7a6695e4b2a	The house is red. 
en-2de10aab95c32c8a9176748ae552015f	Close your eyes, please. 
en-59d7f60fff1159bb1b18a6ffa69ddeb9	The girl cried out for help. 
en-5235334f6f8596c5cfb2ded1c215d8dc	Would you mind answering the question? 
en-2ec3e77f2348b9674da4f53ccf7c6a79	Put it where you want. 
en-82e0e20f29f9f78c87d39adda5de91b4	I always listen to podcasts on the train. 
en-14deb2c058f006a909033b975e1030ab	Is German spoken too? 
en-c2d0c2d8549dcac0678df976133381e6	Should I just wing it? 
en-88805c04b352af00df412ee5cc2dcee2	Paris is a romantic city. 
en-7c86f214505800f6a68d3da412378587	Could you please add me on WhatsApp? 
en-9139760c27bccd1cf9786c2e4967d80e	This is the dictionary I told you about yesterday. 
en-b71732f565809d2ce2ddd4d518b138ce	He never texts back. 
en-4f6a391e8b6b2b99cf5a1158315e6777	It is difficult to remain aware while dreaming. 
en-1d42010db055bf8856ff3002020237d1	What other options do I have? 
en-cc94ac7da9dffaa94d648a13f3c84839	Who's Tom living with? 
en-e692ed7ae09f58db6015aeb4f7019c5a	What is his name? 
en-0242aa9f9da6b223206829b3e21bdb7a	I had known him for three years when he became my brother-in-law. 
en-49b7b1e945ec82f1ae69e245c1a82e8a	Smoking may be lethal. 
en-f0e63b51cc17564d2a0b6c9ee9fecafb	The landscapes are simply fantastic. 
en-af7ffc24abd7846ac2682a8947367e6c	I'm sharing my flat with my brother. 
en-08d01568a45d0cf9769866547533c6ba	What will become of his children after his death? 
en-bfe1f87147b5626ac36fd3afb4f1ac78	Tell us some jokes. 
en-e141ceb8cbe855cf79607c327f643c82	It is illegal to copy from books without the author's permission. 
en-5a6dcff9f61b041c77c415bdf7e2c439	This verb requires a direct object. 
en-6f400c98e464b75193fb4d522267a4b1	Have you subscribed? 
en-0cfab8b2e07c0c2dcf71cb68f039fed5	Don't let the children play on this street. 
en-5ac186eb74411dd71727ca0ae3d48aa8	This is a souvenir from Hokkaido. 
en-7a70fe51d67cd89f76329d15bde0bd32	If you need money, then why don't you get a job? 
en-8da9c7ada9588c10dd6d80cfb340e7ef	Linux can be hacked, too. 
en-c6b07cfb18ee8ab15fd1e6ecd22755e3	She's my godmother. 
en-6a8180e189673c0db560fb888b201ad1	We learned Russian instead of French. 
en-21a78c33110ddb9e88cc3526385538d9	The entire street in a Southampton neighborhood Wednesday sang “Happy Birthday” out their windows for the girl—named “Sophia”—who stood outside her home in tears as she listened. 
en-a53a1cf51e988f4c364a624f3fa61890	Following the status quo is easy, but that doesn't necessarily mean it's the right thing to do. 
en-c6ecd001a43834c4dacd479ce5543c34	The night was very still. 
en-92ce579696d93c539da03787d7ee00d6	He has an incurable disease. 
en-bd4d12739499d81291a296bb8e9b562f	I wonder what happened to Paul. 
en-64a6916583284be2875920cf77db1709	Tom didn't tell us about that. 
en-815d1f87a10b0b9291a55b85ec06b3d4	You can do it. 
en-2e225b126da3ece2f0e73de924264243	No one bakes a finer apple pie than Emily. 
en-2519ca671204e0bb4231bbac40ac75bf	Water can be decomposed into oxygen and hydrogen. 
en-6c86bda6b75e5134d8ce32af32e46ad9	This online store's privacy policy is hard to understand. 
en-4a4e7ae6ab04495d9acd7bc1895851f0	I hurried so as not to miss the train. 
en-891d53f497bf88e8eab9f618458b6d3f	In theory, there is no difference between theory and practice. But, in practice, there is. 
en-c2e2600ea7703cf5adc650a0aff8b5cb	The Suez canal connects the Mediterranean to the Red Sea. 
en-5d7100fb3e455e410e7ecd1291be827a	He may somehow be involved in the murder. 
en-267f66c4ca46b784b1f2019c862eacba	He has a good reputation. 
en-f7e72427b0d2907a12f08dabfbbc159b	What are you cooking? 
en-9a835c0f3c93fbf95945d8b78ed2efef	My husband's name is Tom. 
en-4da8217b5427af87c6530474cc2cd2bd	We were kayaking down this river. 
en-b6f42f5fc6a6bf4885d5ae06ca4e7148	There will always be things I will never learn, I don't have eternity before me! 
en-3c44b1b3b9752744eb5cba56ea695037	I hope to be a journalist. 
en-114ac069d0aa58809d3654f661a253c9	The cold winter will soon be over. 
en-a97a08de2542a6e326d96363e64f3e13	A true friend would never forget me. 
en-ffad2b02bd609862f069537be904c6a1	Tom killed the wolf. 
en-04eda629864ec08934c090ff2b20821a	Tom was sick in bed last Sunday. 
en-4280c90cc03fee25bd6fc5235901922c	The pain is getting worse. 
en-07a57d8eac3245c6c180022cb026a116	Tom is an outstanding saxophonist. 
en-7d45528fb2c35a56171112f9333ba291	We had a really good start. 
en-a9aa920b12628870ee0543a6401c73a0	Excuse me. 
en-d1751d878c4d6ef0ed5d734b17468d29	What are the children afraid of? 
en-1a1824d512d88bd80594e6e2935f0fa2	Do you know anyone who plays the guitar? 
en-c5a15cd46616b463e97bdd673685a683	I'll put some coffee on. 
en-77bb0c2d60676d6637919aa69bb8b5b2	He had little freedom of action. 
en-d9af9f4b1c692be2246179837c0669d5	Maybe later. 
en-153720e1e04bd8b37ea884056a6e3dd7	Beauty is in the eye of the beholder. 
en-51ecd5fb1cfada87f5c9d7b33ed0afdf	We are having a mild winter. 
en-2c14d59daeea5e3584c355cccfc9b826	They're lucky that they have a job. 
en-d76af48318b378e765919f6a1305e38c	Tom frowned. 
en-860653a6f2afebe8c49e9c35b2ed822b	Why has the population of this city trebled since 1900? 
en-66ce70a5d89992bccb24186b1c0d58ab	Let's sit down on the bench. 
en-4e1496cf881507fb40ecf488c3379940	My uncle guaranteed my debts. 
en-8f21b05e1bf80a2aa943b3147a9528fa	My flowerbed was ruined by my neighbor's cats. 
en-f0db9725fef04ac0ee8268e33afac0e3	Would you like to stay here with us? 
en-42533ba1dd4eee8087368127b10fb505	Confirm your reservation in advance. 
en-4cfded63a4516c2fc3b1f5b7579a0842	You have only to give him a little help. 
en-729f3f2c48f64e229e7e6134cbbe7df8	The boy acknowledged having lied. 
en-889e41512471e3f897d6a4d98125f58e	Which candidate do you prefer? 
en-357dfc3b95468831ea24e06a33a8c028	He gladly accepted our offer. 
en-b21f2596b37674e198429222da4e9763	Having finished lunch, we went skating. 
en-9099c68787e83aa9b4b1e126cc80c46b	Tom dropped out of college and founded his own company. 
en-f66487b04128a88443a445c10092d02f	Is it true you can't speak French? 
en-2593f7e404b0ea8228bf57028bc79505	Maria lives in Helsinki. 
en-4617ef3c785cef3f1f7d783124398ce0	This apple is green. 
en-d1f2b1d50fddbd38c6b7bc672e17c2bf	My brother-in-law is Belgian. 
en-e8146dfafcc6dc296e0b4d7d7af0c93a	Ellie walked the rainswept streets home, watching each set of traffic lights along her route change from red, to amber, to green. 
en-cf5200bedd84f46cdb9304de68ab9155	He made up the story. 
en-3714c2fc2e4729fe20d9ac80888d4cff	They're just fake swords. 
en-a9963a063a21f4c5b27a6ca734ecdcdb	Can you describe the pain? 
en-0c987e8f79ac10c4a41c26f46974f632	I waited for her for a long time. 
en-735b8d534693242cc11677adbfc058c1	Is this your first visit to Japan? 
en-9716eff6468bcb1d360cf399af884670	Doctors suspect smoking has lot to do with cancer. 
en-e7293f57decd87447883c74a1a819d1e	I'm just saying! 
en-814711c498dcec629b9b14b90cbffae2	Mary was surprised by Tom's question. 
en-4c62615e0ae5b8c7a463ac8ff9a2a121	Bring your brother with you. 
en-3cc2f45ded1cd2abb722a94329245235	Neither he nor his wife was there. 
en-84009ff0114910e1bfb22036177692b6	Changing outside is embarrassing. 
en-c101b0e197f91db71795440f1715c6db	I am going to do it whether you agree or not. 
en-d0d65e41b4c15d85b579347bf39bbad8	Tom knew that Mary was hoping he'd kiss her. 
en-b6ad66c7196dd2a406690fa780a35b2d	Can I really risk it? 
en-1dc940cb63143045622f364a02e679dc	But he isn't wearing anything at all! 
en-a171107d8829f204740de1005ca9484f	I will miss them both so much. 
en-2811a3d878b5924a83f67b316a67e49e	Could you put your question in concrete terms? 
en-47fb7481d142adaff066ad0b24132215	It's time to learn German. 
en-05fdfa55de8fba88e6aaa3d74e252f79	Today the sky is cloudless. 
en-bcc2cd5408a0a5f3f631a2dc9837790c	The customer has been on the phone with the salesman for two hours. 
en-16635600810f0dbfed3a73c211dae546	I could barely move. 
en-57dcee456691407bc1eba0cbf7fe47ba	Here is a letter for you. 
en-e3732f299c3891e29aa4b59cb2194fd2	She gave him a watch. 
en-684024a9a511d9c6bb29f59e06d4d4f1	Smoking on duty is not allowed. 
en-566b1312b509520cc9ed917bf5bc6b6f	Our cat is in the kitchen. 
en-d99a5d223ac8816a953c66f2422af6ea	She was accompanied by her mother. 
en-32912111c2f8a1523255baf01f86a079	Mayuko eats bread for breakfast. 
en-3ca3dfb7d6fbd075fc1f1707f034815a	She has a strong personality. 
en-b4f0099a86fd47a2792b845a992715ad	Go out and meet people. 
en-b51ece4193ab720f7527c7940039adcb	The man standing there wasn't Tom. 
en-1491e3f570f85521e8bcb47f5f5bbaf7	Can Edinburgh show us the way towards healthier cities? 
en-5790ed67a430a35c5a00770216001d26	I have some English books. 
en-b6bb989ca5c192f2b7fdd2366135d85f	Our rent is four times as much as it was ten years ago. 
en-9fbba7a7fca77d21f8f384c662d89a7c	I can speak neither French nor German. 
en-64a1fc2f6ae97366ba6c3349b1eac2c2	He's learning German. 
en-b30f42904bbc7a51234df4382a18f9e9	It is desirable that atomic energy should be used for peaceful purposes. 
en-e956cfa622c8ec12a4aa4ad94585f015	Why is everyone lying? 
en-77ed72184d24ec94b9c78bcd71ce95c4	I have always wanted to see your face and now pray that God grant my desire before I die. 
en-6580cf3bcb9a568b2029738d904ace54	How many cars does Alex have? 
en-b4242f6b7d1ad6527df41634d0a68677	It was under these circumstances that the constitutional crisis began. 
en-effcc2de678d3cc3d35623a101288012	I do not like music. 
en-9e14235a8d7b4dedbe8877a93072c254	She is a mathematician. 
en-a4956f781605cc7a38a47f6c19c7ecf3	Tonya has a beautiful voice. 
en-5c6531a71459a6aec1e4118a9276a9f0	I have French nationality but Vietnamese origins. 
en-5a747b2d5af6f75ba7c20a3dcd056fda	I think this is extremely questionable. 
en-108bd992bd30af5f68a9afee4f4d97c7	Ann is a little girl. 
en-822475f356dfb35146970316ca37b89c	Did she ask you any questions? 
en-97cfe82298478867dc84007116881cfa	That's the help we need. 
en-c23a2ca90bc312a6b8728d89de70b2ee	I should've kept my mouth shut, right? 
en-6e8add8baaa8daccc4b043379ffdb7e5	Sorry, I've got to go. 
en-c4687f5bb23997bc6b22da55889b9432	He has two daughters. 
en-671f0534eef9e8c3d2bc3f3637a8da55	Please wait for five minutes. 
en-0ea6b70d5fd1ea41ce512688a79d0fee	Bill is good at mathematics. 
en-f1a0c4b8741f4c7674b17a6ab3e9229b	I owe you 3,000 yen. 
en-91d60775fedb3f088d98fe25e9e83f96	These Tuareg sandals are made by hand from start to finish. 
en-329f6bd4a487cd929f59b37e8425a1c9	I don't like any of these records. 
en-64b194c28628c81da54d3ec77e8a7e0a	I would like to retract my previous statement. 
en-05625d6b803e44afc7f49ed26073ef7c	Canberra is Australia's capital. 
en-bcc0c49517e2cda2c5a363d004dc8ae3	I have already read the book. 
en-effabb900b32895082d10ce28493ae0c	Have you ever seen a panda? 
en-be014d66f195a87b0dff8eb3ae4cf9d0	We will accept your conditions. 
en-b6f910c02266e541031584f7355bff9a	"Where's Tom?" "He's over there." 
en-b908b02d4f5e94dcfbc8a6d89d66e859	Tom has his laptop with him. 
en-0cf7e634a3353fab6913b6388c86ea88	Hedgehogs are omnivores. 
en-f1e318b5c37723e356e607dfcdc79da8	I need you. 
en-cd3b93e4f7ad4e9cf909e103b8f5acb8	Don't waste your time and money. 
en-d0a93a9e1fc247d1d56d8c1263d30f16	Tom told me that John was his brother. 
en-68d0bc0b5c6a2d9a0f2d249fd1380009	A rainbow is a natural phenomenon. 
en-d53043f0ca390bd2351bd0c492053750	He tried in vain to open the locked door. 
en-00f3d7e0b73a10c17b3bbbb195392308	They were disappointed that you could not come. 
en-d63860128e49a135fb2b7bb8d92b0111	He was my North, my South, my East and West, my working week and my Sunday rest, my noon, my midnight, my talk, my song; I thought that love would last for ever: I was wrong. 
en-c0afe88c4c981ac7fda445da922a04d7	Is it raining in Boston? 
en-d1925ad85d0adb7a23fe0fbecaa58834	Has anyone ever actually met this "Tom Jackson"? 
en-bac9e0af6db41f49fecaef610b97e465	No, it's the least I can do. 
en-a77e3e971d8d9a60c265f3089dc998c6	It must, of necessity, be postponed. 
en-d375239c914efc896169ce1ce2cbac4c	Don't ever call me at work. 
en-3ccf9260a49bbfb876b7f82bb1f84a8e	Dolphins rely on echolocation. 
en-e0353087619287f64a061f88d28efa10	I prefer buying my bread from an artisanal bakery to a bakery chain. 
en-0f448f224c3b741f9f6b42b553e711a5	There's no snow today. 
en-e8209e103223aa45aa9b69708f05b241	Drink more beer. 
en-de732c2604b3b368a3189e87455406ef	She lit a match to light the fire. 
en-8ade521a0d353102918fe625270233b3	I'd like to say yes. 
en-caff4197ebca6b7bd145d18fef9ac7a3	Let's begin at the beginning. 
en-9a8420ffd0a69118412c643a6b6fa0cf	Sheep were grazing in the meadow. 
en-8e79b53cf85b5156ffd23fa97862716d	Instead of cooking meals, she ordered takeout, which comes in plastic. 
en-16e4ed8136af7245d9a9ee29fbb6f780	I've got no time for that now. 
en-42673c7c1b3d307cf73f2c6a96a6be2c	Tom often feels guilty. 
en-07f0d57fcb60561cef9cf92b32fe37e3	We worry about Tom. 
en-a7e2e9ac9d82659486d80c7a25a076d5	What are your cats' names? 
en-9cc1e571878d6dc14cad0bca074f5de5	That was hard to believe. 
en-c9745b4a484c3516560a3b755a511f3e	He is rich enough to buy two cars. 
en-09f60f0c63610079a02b9ef389730818	Our team lost several good players. 
en-64ce09c4466565d0bc791313ebef40cf	Tom's clothes smell like smoke. 
en-c57539a0680cff28c509bd1f3bc579ae	Mount Everest is the largest mountain in the whole world. 
en-94657cb50b0a2abf2c538bf9f76a85dd	I'm going to the bank. 
en-37e17930a77bab12d45b7a0479fb13ff	Don't avoid my question. 
en-46f19bce6a476632169b473bea834d46	Tom wants to become an interpreter. 
en-b90c6cd9461addb2e608f4c07f64dfc8	One lump of sugar, please. 
en-7a422c25a9e8fa0b38bc6243fe95b1c3	Can we stay here until it stops raining? 
en-ec384e70556b958c82c21a7f00e40b2d	The concert is beginning now. 
en-85016e7ab1151ed47fe40d35dea71f15	During summer breaks, I ate dinner at midnight. 
en-32375bea0ca03b6fca665bed3005a203	I sold the picture for 20,000 yen. 
en-8c86e2bb3c0a026e192650b59e68113b	We saved a little bird who had fallen out of the nest. 
en-6862d331d3447c86efcbc884b47ce119	One should read many books when one is young. 
en-946274277ec5f1eb3ced6268d4584a93	The statesman is worthy of respect. 
en-1d72417b06b980a88c16ebc3a0d64e98	I don't have a chauffeur anymore. 
en-12b8ac300d3e491dd879726abac24dc9	I have an income of 50,000 yen a month. 
en-1033ad1f8d7265bd3094decf636788ff	What country do you most want to visit? 
en-0b9ee34a5c7044d1c9076a5a16dbcfab	What is it like? 
en-b5bc5136a2105bba380b410c6fda7b01	But, because he was dressed in the Turkish way, the astronomers did not believe he was telling the truth. 
en-f3c859b978ffd9c83f9b2a105c083fe3	What are they doing? 
en-498843dc6d60907fa7e1adad51893b72	Tom hid in his basement for three days. 
en-77b167e28cae74906642566d2cfa4452	This little guy is Tom. 
en-faea6611fca16d20045034f96a0c68df	Please don't forget to post the letter. 
en-efea8963a2f7482f29b8f5584438bfb0	They want us to pay the bill now. 
en-4d0d0e41f050fd5a3d757126d1e75b0d	Do you have a hernia? 
en-6f3fc7f34b0a183d9bbba48b85a6be0c	Tom suddenly got a cramp in the middle of the lake. 
en-8f90da9275140b805829709d4f22fb3f	Like anyone who knows anything, I'm full of doubt. 
en-4bdd5a3cbe59ffb0fdaf6fdf99d46140	It's really sad when people exclude you because of your skin color. 
en-305efe33fac720fe03f54d4ecdbe3d5e	He isn't at home, is he? 
en-c80d378f093e32a0900f7bcb3c9fc5dd	Outside, there’s a long line to get in, even on a weekday afternoon. 
en-628d5dc4386cb753235d88a01141b627	Never miss a train. 
en-e7120d0900f664631d8c8d8370facd84	The student insulted the teacher. 
en-7fe086f846f6654bb1166d69b278cf08	He'd be crazy to climb the mountain in winter. 
en-cd09e11e8b0670a1ac4b9a1d23645e8e	I don't usually have to work on Sundays. 
en-263370c6155c23e5ab783737f4329382	I have a car. 
en-b9914a736a01080613ae91453a1958bb	Even paranoiacs have real enemies. 
en-1f3786f0dbbc3752ab8939ed1bc704d6	Better to be hated for who you are than loved for who you're not. 
en-c7dbf2a0e62534f1d1985f16dff452c0	The Neandertal was named after theologian Joachim Neander. 
en-267ef52454bbb23405bbe2d7d658a352	He's been learning to play the piano for a long time. 
en-1df526930c8fafd2f76b980b687069c8	I have to clean my room. 
en-e0dbc90fef9bbc0922d9914290df765f	Preston North End FC was in 1889 the first winner of the English Football League. 
en-4ea32befc2becfbff1beef870117dfcc	Are you ready? 
en-81d1fe9533ac303677a5aa0a796b3e70	Have you seen the movie "The Pursuit of Happiness"? 
en-0b1ecf4cee6c7b151a13f857dd553b2b	Keiko is proud of her family. 
en-a69646b8e1ad69e533298d5953b65e20	Ever since he visited Paris, he only talks about that. 
en-945b52aef9c3c7af0dd4e3c48a6cb335	The doctor rushed to his patient. 
en-f76c0b04e75a0946a3b3a5a0d9d86a76	You're always forgetting your money. 
en-77f1da0e92b04fdf15ab57d897f1add2	Time has passed very fast. 
en-58100731069d151564ea67ab847acd16	New Delhi is India's capital. 
en-1368f53d0d881f20f9dac54888f1e1af	I know that you know that I know. 
en-bd0b095568ce4c7d56311946e25b84ab	You can take the escalator or the elevator. 
en-c45f72c1d93ea3fe2193652a19d2a73b	It isn't anywhere near as hot today as it was yesterday. 
en-561985961d1170592dc14998f720234e	I spent all day at his house. 
en-d0b48590c5b6d8565859ffa8d017640d	In the winter, I don't want to go outside. 
en-694a802b0576bca981a24e84dd253c3f	His remarks had the opposite effect. 
en-f03130d2cbc3b0464327a53c2e2a598a	She lives in the village. 
en-743ca2d872fe4c2ade3074b565235024	Beirut is Lebanon's capital. 
en-abbe536d1e757808eb6fb8da91e51d92	Oh, no! 
en-43f3aaf669741ca54c7c5eab9836ed86	There was a big reception after the wedding. 
en-77e204a394aa4074b264b46cc21c9bab	A butterfly is a mature caterpillar. 
en-ff1da1b9f98b5c4d69b0314bf4013dec	There's nothing I can do. 
en-4c19d48559e87b2024cb925e61327d68	I want to become a plastic surgeon. 
en-9e9dd4cf76dcaa587011d70c2f4faff4	We spotted Tom in the crowd. 
en-4d00d247043185e81caf6950fabb1784	Tom landed on Mars. 
en-284aa422d79a37abf0459fd61bc2581f	We all went to the party except Joe. 
en-bb49099169f6195498019513ce7f65db	You should have listened to me. 
en-65d8e20f64b7ba27e1c72d7998302641	The clouds are gray. 
en-5f713721373d0e394b31867f6fe833a9	How did you feel when she said that? 
en-5e82327fbf6e850742984044e664c76a	Soap helps remove the dirt. 
en-c603c514b90ea70d711f7cf635b6587b	If she had married you, she'd be happy right now. 
en-1ab991ff6fca7243176467494dac5cf0	Have you spoken to him already? 
en-b3d0fc191946c887b6feb04d728781a7	Silence is golden. 
en-3cf9ef23166e3bb3073c21ca0e241d34	These types of books have almost no value. 
en-902becd15a5aff06177ea469d86b80ab	I think you can guess what happened next. 
en-3d10801146e4a7b4faa72f7968f2a552	Where is the boy? 
en-a24b5e9dc5bed763466304472e25048e	We are his sons. 
en-2ebb98e5f21d935620c1b588f8019069	This coffee is not hot enough. 
en-c3667634892fc2fac5dc15eff57ae488	He wooed them with promises of higher wages. 
en-ae5a8dfb9e611463977e6087583b40ea	The kids play in the park. 
en-e1a09b33d8d7fd166a1ff673825524f7	We thought maybe you could help us. 
en-72904716af020184c9b01af75e0d202b	I know how to help you. 
en-faa0d30f1425c26728861768c5bbdbee	I'll definitely miss them. 
en-8503417c22867b6cd311a1c883e86d56	I live in Germany and I work in Luxembourg. 
en-7e0cd55310fb8ae0aac70c086e5bb026	I should've got on while I had the chance. 
en-c659511c90ff9e8da7c94697bbca3fd4	The elevator wasn't working. 
en-fec725fccac8de0676bb0bf3e771a4f9	His courage was celebrated in all the newspapers. 
en-e91bbaa8b56b571f506695f72a94cad8	How long do you plan to stay? 
en-363d1d80c68accb5275eac1efd63519e	Iron is harder than gold. 
en-50b726ef28b61a1e24f71718316d4f11	If you could live anywhere in the world, where would you live? 
en-2d739ec1002cc10e6fdbb061b7adaef7	He didn't take an umbrella with him. 
en-c171916fdd01315c0701a7e18ca66fe1	This translation is wrong. 
en-59f5d7ab0a4c81888f3287f1c4b08035	He came several times. 
en-419dcee2d6d72710646329745a5b577d	We were both scared. 
en-9b2c077453f66902742171d5727bbdce	These shoes don't fit my feet. 
en-e6d27afe081db6dce0f92ca621c0a692	"Don't cry," she said. 
en-290aed59612c5ca5fcca04964c89e6ad	Were Tom and Mary speaking French or English? 
en-3dfd795b43392aef87335a64d47757c4	Mr Smith left Japan this morning. 
en-8a0668b966da2462c5ab0cd9e6e2bba4	I'd like a tea. 
en-5d79d1f141a85b2fb576c9e29c73847b	She got to the hotel late at night. 
en-7a8065dbe6a4948e007dbaf3dd34ac90	The pain has started to ease now. 
en-cbff5349619690250c7d7647a71fc306	I have an excellent relationship with my administrators. 
en-ad73abd953401d278de606af7c7a6444	I quit smoking three months ago. 
en-617dfa4cca97b320ba780fba07e2e2b5	I felt a wave of dizziness, and when I looked up, Tom was gone. 
en-450212277dc92758769c9849b2bd12b8	Hand me that book, please. 
en-a9c8911e73db46910f1634980e704ab9	Your windscreen is icy. 
en-85d7206c39aee2a55dcbba82765af572	It's obvious that he lied. 
en-1918ae5c9c6ef19149e0e8539cb17d29	Explain to me what this means. 
en-4c868361bd5eded552ae80c8362a3360	I could not tell if the face was that of a man or a woman. 
en-d046ba6065530c4d2839e9b8733d80af	They climbed down the tree. 
en-7abaa5cf0c137a5c7a83b720ce6a4d44	It was only by hard work that he got to where he is today. 
en-805fe6b2b8fb26e157d9dc623de8043f	We have to wait for him. 
en-6bec71cc8594caded3e1273e06af0420	In Japan, a census is taken every five years. 
en-f5c4e54400b89fdec4f61b165d7b8d04	Who wrote this book? 
en-db2bb3e6bc04db44c50d5b3c95c650f8	I can't read the article because of the paywall. 
en-9eb834096ee3c8ca51b76a1595a89903	If you didn't know me that way then you simply didn't know me. 
en-36a5b74a7b94cf32537abcc5481f4b7b	Tom's employer called his honesty into question. 
en-6be725e9ac1871d9b68bfed113d070ce	Only a few students understood the matter. 
en-1ed046f740dfb01cda28de5f7c12a85b	I'm leaving it to you. 
en-28dc7a6e2b4d5994e28113ed65f2c533	I can see the mountains from my room. 
en-e5753360ecec534d1fd58cde21b5ab00	I told Tom he should try to do it by himself. 
en-f982d1a3140215a2d6939a17e5c440ae	I've already forgotten her name. 
en-656ed850ff457502c0b67406d63ac1c1	Her voice still rings in my ears. 
en-d4149197e98be4a0b95e61c9dfc9c9fa	There were many jewels in the treasure chest. 
en-b9ee8d15dd451cf6975e58d5b81d7693	Nobody can do two things at once. 
en-6d8242854f1f040198bd0a57cb615e46	We don't have much water. 
en-3d07c1273697c32d5f0b023c1bd3a7d3	On your marks, get set, go! 
en-157bf5648238f582e39f4f2ef0f6b506	Cost what it may. 
en-0dd89657386f2f86bd0e6e624496f054	The dove flew away. 
en-54b88039d60387842da918d17d82bfd4	The first thing you have to do is contact Tom. 
en-1ea5db1749039affad763e830770172d	What can it be compared with? 
en-9fb9feae82444220e3c1765fca701813	Thank you very much! 
en-5d11a99da5908462490970be52a40752	She works all night. 
en-4bab2850a1bb95800d5132bec149947c	I don't know what this word means. 
en-4308a57787ee41fbc30fcc0e41795f32	My grandma keeps all her cash in a cookie tin. 
en-c2f364897d29c5da9dc613d971a54acf	Everyone was very afraid of Tom. 
en-3f95de769d0b5345b6017f84c08c0bb7	Take things as they are. 
en-c543d6a79a7602b38fa2abb93489c7e2	It doesn't surprise me. 
en-9ac42ea36e9e7e5872a67017f7bc97ec	Have you switched the computer off? 
en-55efdd27a3a1f4216882cbe08c48ba11	I'd like to listen to pop music. 
en-9ecb7dc417dacce2d77798191f1221f8	Could you repeat that last part? 
en-df6abbbd57439ea3475e6e2614be1074	I think you're stylish. 
en-3a0d74becdf10e30c5d9cf6f4eefd63d	I saw something very unusual on my way here. 
en-fe245e632bdefe0b3b8a727b22910eca	The monkey took a banana by means of the stick. 
en-3d2ac4c6a3cf9a480bfbacfcfc9cd54b	A human being's worth is measured by his or her billfold. 
en-d4fe4cb1ef5f45969513bd1bf2871c1d	If you pour a lot of dressing on your salad, it cancels out some of the healthiness of the salad itself. 
en-9b6be3526fc657b19e4815100a2649f0	Come again tomorrow. 
en-d9fcde536bc4dcf7ab170dc58c2f259a	In towns, speed is limited to 50 km/h. 
en-b576448f5bf475c60dab2ae24f61c01b	I just met them. 
en-dee26a24eb3ab25c54c1d9b51c7c2aaa	Do you have any children? 
en-f846315ae062f6ee6cca2eedc1e45e9d	Tom is a very tall man. 
en-4b9832803c5b7b79dc420396be8e175c	He proposed to his girlfriend with a ring he had stolen from a local jewelry store. 
en-2cec101c93c3e60a5f32e21597b7cba5	Today is a historic day. 
en-49960dcf51c3dbef3dde5ad638cfae8f	Tom doesn't like wearing pants around the house. 
en-0310ae1553fed925d4a06728fbce366f	He said, "Come with us." 
en-9a272bb3106ce1a3043551fcd2ef324e	I had to drive a drunk friend home. 
en-412f1c191e8e69c5ec9213b7d3f2bd9b	It happened all at once. 
en-56492063de5ed6765aec479eb868c5fb	All the villages were beautiful. 
en-8c67d0bf4920e9732a02ad3e74fd96db	Don't wait for me if I'm late. 
en-1996217fb4079ea4c61ba856e6edebde	She's a gardener. 
en-77800f4cd67b9f4eba24a61ffc44527a	My salary increased in February. 
en-985f138f575f93ee8b45c9ab39ae9add	Most years have 12 full moons, but this year will have 13, three of them supermoons. 
en-afe777e1e5c3201690781281e5300a93	I don't trust him any longer. 
en-086566d90b339b2d598944bc05b3fc17	Our teacher said that water boils at 100ºC. 
en-b0c2128e2290a6e2637db0e955b1825a	You don't need to prove anything to me. 
en-62da6721bd4c12da444b7a49c8fb8e8a	All the seats on this train are designated for nonsmokers. 
en-051e77f4b97ecc520bd75ec76d909fcd	I'm late. 
en-965c38b93b63cbae22412de8e8a729b0	I would like tea or coffee. 
en-3db5e8efc42b77ac77a8ae7e26ef5a44	This computer runs on batteries. 
en-d85deef3d2097aae38daa22a830fd0bc	The king was prone to melancholy and boredom. 
en-a8a456895ccd21cb28fca7c7f3aa8871	Mary's girlfriend is a politician. 
en-ab2c1d3f1a81e8a786fa3e96c7f805e8	Please turn off the TV. 
en-57dbefc0ffd6edb74c1d790db3f8761c	After a short while the bus left. 
en-1ebc1ff35641573856e867afe00ecd7d	Do you think mankind will someday colonize the Moon? 
en-e148d92a12a4e3e1da5e6359936effcd	Have you ever gotten lost? 
en-ae566c1d58846a503f644d76376bc4f9	He stuffed the money into his pocket. 
en-f519a729b4ce6e53d95e304021cf4321	Tom looked at the picture on the box. 
en-cab93ddf8c0b5ba23bf1c2f05294ead6	When Mary's husband died, she felt like killing herself. 
en-d2a9ef3ac9eabbc4d756b294f8fc2ea7	I was kicked out of class by the teacher. 
en-1b2c61a5c270cddb9bd05123b1a3c755	If I tell you not to think about elephants, the first thing you think about is elephants. 
en-1d98b4ec491e713305dc2314ff31ffd4	"What are you going to be using the frogs for, mister?" asked one of the boys. 
en-b2b948516cfc66f404e53252017ab2f1	I am ready to follow you. 
en-def8e24b1204e70ab2ca0cc12a6a2bfe	I called him, but the line was busy. 
en-0a0115f56cacba80443fd295762d55f8	What type of birth control do you use? 
en-5566f512db961fadd7f27e4905e35484	That's good, but how about this? 
en-6c0d3ac19bd0e6359174bbb43f78029c	I don't want to hear excuses. 
en-d2358e8cb106393b046b32da06b5b8d8	She sang with a beautiful voice. 
en-86c50c96b23a8b47cee6f42ad83d6bf8	Tom has a ton of books. 
en-bdb0f8001a512caafe0019c08efaa0a8	Many of the settlers died of hunger and cold. 
en-40964b784d939505c9db6a5508dad618	She did it out of curiosity. 
en-501c66f5817b7ac525a3bb348c6e5947	He emptied his glass. 
en-081b793a4169297e3fff957344ce2d7b	But what's the difference? 
en-0d38da7b6adb7ccd5a2b70e2c9f9387e	Mary was wearing high heels. 
en-746946ed9a3bee0bd20d8114e997d6a6	I don't eat rice. 
en-28a09f2ab3dedb0fefdbca0d87295a5f	Life without love is just totally pointless. 
en-2dde1255a72441187a3ee1eacdb27892	I've opened the window. 
en-b48ecf1d7aca44da18d6f16ef0afc978	My car is registered in Germany. 
en-21563f0fdb8daf6e32ff714ef666f992	I only have three books. 
en-a2374fc057ba190def8ac15164b2a952	Tim is a huge fan of satirical comedy. 
en-72caf8c63616f4df15da68a7ce2e358b	I'll read your fortune. 
en-5913bf5bf66d1479e7dd412c6048861d	Who is right? 
en-9c1378af3f6bc24d872978abfceda69d	Single or double room? 
en-e1b0dbf9cdb09ddfcb96811cfeda8927	We are going to visit our aunt next Sunday. 
en-7c9e5343e0e1470a944e3265e704697e	You don't have to get up early. 
en-092a2e4d664bb2270caa57e34aee3709	The river has a fast-moving current. 
en-c4ad031c03359e8f4aca233b2040d4ac	Just leave the package on the porch. 
en-604afb1f702858628df8d6e76e7af534	Do you have friends in Antigua? 
en-4f7f69f3330d01ee064a1475a352775f	Is it snowing now? 
en-a59586a180e52b81d84979ab021d16db	I'd rather walk than take a bus. 
en-2b50fffc577302d62f4ab95e72ce2fde	Write high-quality sentences. 
en-cc12dcdc536909e40b420777a12d52f3	Is she giving you trouble? 
en-15433c5b9f6afc32869688981a4121a1	God made the universe. 
en-f784a6c48ea414185a1acd4dc50bd072	I am the most beautiful unicorn in the world. 
en-367c8f4ec5dae8aa4e59d645892a2aa5	Mary is the only woman that I've ever really loved. 
en-8641af74271fe1739cad309ef8c6c363	Open your mouth! 
en-f69ba55c338a97ee5eef2a259c08f41a	You were arrested. 
en-2711b3e849825206596be54d4a906d8d	Tom and I used to often go hiking together. 
en-721867cf9ba1c7e9da139e2ad114cc40	Careful not to cut yourself with the shaver. 
en-e73ddc4d29682a176ba19d6d1752767f	The sun rises every day. 
en-5cfbcd09e80f05bfcaa8a409de89d377	What does it mean to have an educated mind in the 21st century? 
en-f86951f2a9fb79aff9b8babacd9485eb	The road was partly destroyed in consequence of the earthquake. 
en-70e32f7b59ad35b441124b08471008ef	Mary isn't my daughter. She's my wife. 
en-b9e1821a00aca25894873654cb0c4924	I'll set the alarm for seven o'clock. 
en-d0d4ec149fe8ad3a2cecdaf1a2b00fc1	Berlin is Germany's capital. 
en-43e28c96a1ed089588984d541418e30d	You shouldn't have given up so soon. 
en-c60343ea2699764f799b512fc09ac40e	You're so beautiful! 
en-6141969d72387824ec4796ddaab7001c	According to her, he won't come. 
en-07d51228dd4be83c3a16f5058ff79b9e	They drink a lot of coffee in Finland. 
en-d55d936dc436488ef183ce5a316dbe7f	Tom cleared the snow from the driveway with a snowblower. 
en-61a86fe711ead59456982e7f8cf192ce	Lay it on the table. 
en-74240db9c81b0010d7155b8e745e9c72	There are too many things to do! 
en-8b242f90fc528070784ecb33cf614e82	Something must be wrong with the camera. 
en-9f1bfb6f0645ebe6ddc34316ddc7bf56	Do you know where I am? 
en-7f4ccba5faeeb6883718fc8831668adb	No one is home. 
en-c88dfc112ad53f3313576309f6514689	He married an actress. 
en-7efef913fb04f4433bcf403f72048da6	Lie down for a moment. 
en-c1b2b3707ddbd60273a6294a1058d7f2	Tom is very tall and weighs 300 pounds. 
en-ef9e77f8ccfacd528a90ecb6fa714c7a	I've been deceived. 
en-15ba7906ceeae8362e23ab8c5f85a690	I'm a taxi driver, too. 
en-dba5b4b5f02ebf13e5e5d78b49334d36	I have a pen. 
en-67e07d17d43ee2e70633123fdaba8181	What time is it? 
en-6e8822c3e70f971bd2720bd1b6a827b0	Here's some water. 
en-feef52c8ca0284188641febd0d0af1ea	Add some salt. 
en-dab6842d5f6ce4f307bc70c2ed4f456a	What should I bring? 
en-e4f0f391cd8d0aad4647baae107e4f07	Do you know what color she likes? 
en-e3b783c9095f004916130f0f59906b33	Please give me a ring this evening. 
en-0d925f6f1038748b52d4a1364c6e7093	He always quarrels with his wife. 
en-1b75d8ba1125f402b47a5b2d093b55f5	I'll sit and wait here for Tom. 
en-b08e407b80b7f5d2ceeb10bb4d00bece	I've completely forgotten his name. 
en-1eea5aa94fdc6eb2bfa18be949201795	This beer contains 5% alcohol. 
en-42516ac3c223c67c019d7d692149fbd6	We need to rent a car. 
en-66960645c929ed008a84707e306340e1	I will be back by nine. 
en-2995945092ef9c6b5ab66c43546cfaaf	I speak Upper Sorbian. 
en-b3e4d4f3dd62ecab713201bb5307a03b	Tom is a multidimensional being whose real name is unpronouncable. 
en-dbee2d90891ce8da1f497fd2b0dd249e	I don't have much faith in his ability. 
en-d3f708e6eb847989abfb8975b78b6a2e	Parents are responsible for their children's education. 
en-8fe134156cb7810bfbf61c75b0863096	It'll snow tomorrow. 
en-8eff8b527cd31f804d61228b1a426b34	You're very lazy. 
en-7203386f7bbf991cc0ae4e546aaa3d6a	Tom didn't have time to finish his homework. 
en-1e91002888d9349d9fd5975858ca31d9	Making cheese is an art. 
en-64d951e4b79d4f61b38f4ed105a11945	I married my husband in 1990. 
en-caa5c89c1fa5a6727c2b8a1b1cb08e50	I'm definitely going to miss you. 
en-74efc01373657a4f95c9e44f5d8051fe	What do you think of modern art? 
en-dfbd368f8a90b0dda9d5f346c992a6cf	Infidelity is the end of love. 
en-9a39bf6418d54c4a9a174eaec3bafd3c	Tom and John hit each other. 
en-ea376d9d303441cbf0d8a9ba3bac05f2	I barely couldn't wait for the sunrise. 
en-3040f276a2ffa1a6366b08eb31c7adce	He hammered nails into the plank. 
en-0cdfbb6a918abfe5464a6db143402972	An epidemic disease broke out. 
en-7441453cff47efb7714140071cdb862a	Today is her sister's wedding. 
en-fc3ffd76957e769a4a72109dedad45c5	Bill turned on the television. 
en-a36ba60cb06d21609ab13feb253a72f8	We won hands down, because the other players were weak. 
en-42c0b64ff87f2e18b8c91316d75881b7	We want to tell Tom. 
en-78ec2477d7eb27a8d77f6b1d5b17305e	Why is he here? 
en-c81b6f57ef979c870c25bcef4d585cca	She became a teacher. 
en-e7073b587457a4d39c5c87458d88a682	Betty killed her mother. 
en-59c1814835a12b9f5da4f4535fbd5f66	The quality control system can be greatly expanded. 
en-8a0eb3c1e30d32f48d5ec3132dfdc274	Could you give me a lift to the station? 
en-38fa9afe2aa3536e8adeb54e32169231	Tom was playing cards with Mary. 
en-54d1a5d51dfd57928030e2dadcf7ab13	There are no dogs here. 
en-bdd9148c4563ef6eb725b11d5740c7ab	He came here to help me. 
en-57ec74208cf1a2f225d545e862795bbb	Take a book and read it. 
en-ebcecef1439d16e844e95bae9377fae2	Tom goes to Boston three times a year on business. 
en-57ace3b85a76e032d5dc3c00e603ca36	While 67% of older Americans view religion or a belief in God as very important, just 30% of the younger group felt the same. 
en-5daadbea21061f50447fe474b23ceee2	How many more spoons do you need? 
en-8fa478fcd9d1819ca37cd0b83b773b24	Whoever says that they have no regrets actually says: "I'm a fool." 
en-4a21dfe65dcfb2d076edf675e0947249	Tom's cat disappeared for a few days. 
en-6eef97a75db9ee39e056d9ddbb67e602	It's OK to fight back when someone hurts you. 
en-a05d92aae6e2241478113200e9a553e5	Would you like a cup of coffee? 
en-7782c47249bb13f034d2f36c185b21ea	Mary can swim. 
en-1ba94c88592a1bb76c6eb438e471c280	Florence is the most beautiful city in Italy. 
en-4d3f8caf6ddec76fb28e8c7cde7aff8b	I'm lonely. 
en-58ea3aea53a08c14d763b9125b40b1f0	Will you hold this for me? 
en-a42dfcd46b286fa8a668d7b819ada00a	This is your finest hour. 
en-52986febf72a85c5b6115a501155832b	I've had enough, thank you. 
en-a364f018d4bf0b807e5ac22c8b775a2c	She was watching the dead leaves fall. 
en-b3392623f1531b7e85160b0414f6a16b	Don't talk so loud. 
en-7716a68d40b8c0f4f948021882ad6df6	How long will you be staying? 
en-80f83b30c4815fe24e48a014be667ed1	She doesn't love anyone. 
en-02ae909707b08263dcae12914209cbea	Jensen has refused to let her condition stop her from living a life filled with activities, art and love. 
en-f45ff3b0deed274d10b59f9a3758c3ba	You'll regret this someday. 
en-c7be4bf6f7f803fc001a6d9af0d66e03	This cloth has the special ability to be invisible to the stupid and the inept. 
en-b233ffeab413cd01255a052c75d3e8ca	Write with a pen, not with a pencil. 
en-b63fc5c31554ba9420b0790af4b261c5	This problem is a real challenge. 
en-1ae0da5f31b740664d7f12b661bae47d	Tom and his friend are quarantined at home. 
en-9f317a38dbba741564f49bb559b01a30	Babies often fall down. 
en-e8207ab126e561d65401f22f4df808db	My camera is different from yours. 
en-f130530607d5e9dbae9daff5e49754d2	We happened to meet at the station. 
en-3e3acc012b7784c1c897c4eae4ff93f1	His car has just been repaired. 
en-ee11487559e5de8d6769a3839d8a5c34	Tom found a box of old pictures in the attic. 
en-93fb69bcd297ea47621192a54d5503a0	It has too many disadvantages. 
en-8959d4247746fc9cd409a9fb2b1069c4	My mother cooks well. 
en-4ae9df4288d4447c4c57c1e8c438203c	How's your sister? 
en-30538e708599bb997fd691bf4b6f0ca4	We'd like to take on more trainees, but unfortunately we can't find any. 
en-333e2913da09a294b2271aa312fb4108	Tom just made himself dinner. 
en-76e7ea6ad9955e5113b17b9aa8ee4a68	That night, we slept out in the open. 
en-ec29428cd3084f5bcf03e11841ccda6f	Note that the maximum doesn't always exist. 
en-9f6afa734c8cff15e6dcb13176e86670	Next to the oven it is warm. 
en-be4fb247ed6b17a0a5f0570874de9c6c	It's the beginning of the year. 
en-af75ef73b8794cc7de1c0a976a1c8bb7	He goes to school by bicycle. 
en-51698ff090b3a69484dab7a5b371c936	Don't make noise! 
en-f9fc9c1549627a090f83b58bb12626a3	Tom did this on Monday. 
en-aa79e1c3d7b11c7de39d03f0b3d952cb	I was a little surprised at the question. 
en-27d4ade1299c0d6c6529ae0b84259911	You are five years old. 
en-e73dc81be79f3f50e4b046e194ce7c54	Tom doodled on a piece of paper as he talked to Mary. 
en-ecabea9ef219f94df2ccb5e6eae74f82	He went to New York on Monday. 
en-a59ce2cc6151d7b7bbf6f29f586f26b6	It is a nice view from here. 
en-9329eb0cfb48c4860b7203d5c290fc4b	We must try to protect the environment. 
en-e8a4c3d4d6a81b1339e4898d4645615d	I still have time to do that before 2:30. 
en-815545ae206a61c57f12e0c4c003a90b	Tom and I wrote a book together. 
en-47702dd0a86f738a56509fd845ecea14	Close the door, please. 
en-79fbbd9b341620b7a8f86f60bf444168	You work too much. 
en-4b4791f8150a824bb6d946a7b71b84d3	Buy it for me, please. 
en-6c2b7f03373740ab0e577f52adb20096	She is famous as a singer. 
en-66a9a2cbe067f546f94a45933b4abb6d	This dog can jump very high. 
en-bb9aaf1ebf30feca822e056da8199a90	He's good at geography, isn't he? 
en-b5235769b9a4ca1fa80967e393df209d	The typhoon is approaching Japan. 
en-aa5c9c9044481a9333ef9706b4331131	This was his one and only hope. 
en-01f65a5d8c628811049eb80c8d30fe06	I think his life is in danger. 
en-cd409a1d81cb313e4615d3fae57a1019	My financial worries are past. 
en-57b2f9943822985d0d7c788fadfb4ca8	Who is the person in charge? 
en-ad716a0072d0f8bd5c4dc62b91ddc541	His work is now complete. 
en-2a154a81af58119fab2275846548cafb	He's a con man. 
en-2dff9b5d0477e546b96e45ad78a84949	No parking. 
en-413b8ca5d9eee6ba22049e7e5bd8bf67	Good evening. 
en-7a9f61de2f1b2e38963fc43006e8aa09	I didn't even see you once last year. 
en-7f5ccb1bef1199a79e9bbdb7fdf5f674	Cats usually hate dogs. 
en-5b0c6731e972a71c6b9812f23ea46819	A noise woke her up. 
en-41dd4af71957ef08bea932e57d228a9d	I really do love to travel! 
en-b422015e877e089bd0c61cd526a83e6d	I was busy yesterday. 
en-8e3cc9f06f8b894e2b8ae3eac07826ef	January is usually the coldest month. 
en-c98d904aee82ae03011c85e5dd803b7b	Tom is sitting in the garden. 
en-83891a77fa46ea700ff69c3751907881	My husband earns $100,000 a year. 
en-68a97cc765a5254cac373b307223f2c6	I eat fast. 
en-9ed0dd8cbe9ddbff8153bb67db29d93a	They're fighting like rats in a sack. 
en-6486e10fd01cf261bee34376651fb6ef	We live very near the school. 
en-931d9f3932203fdec87514d8c1cbfd27	Our method worked. 
en-3ebefd9195f0121d9704d6934e3515f0	Sometimes reality and fantasy are hard to distinguish. 
en-4a9d1ac749e5a0d0095b9ba5173fb9a0	Tom wants a cat. 
en-bc904251b2a9cf825db11f6d109ee65c	Who are those guys? 
en-348150aa846c007f6ebde0628d66dd53	Please answer me. 
en-88f4acec4bd1d62c10c83de269c8f8e8	Who taught you how to ski? 
en-b7c43c6ab04d2b91a768b0935be1b02c	She became invisible. 
en-d07894efcf2b2e51fecd6a82c4d95179	My yearly salary has been the same for the past three years. 
en-684549121aa82bc8026700457bb0ec85	This money is just to help you get by. 
en-97528fbb8742537fc3dbbed9966dc7d0	Why are you back from lunch so soon? 
en-7b8ee63dedd25b66c63e96660ddd963e	My school grades were average. 
en-820adbfc2dac600b214003db685acf81	Why is it so hot? 
en-a919565c0db4c6bb659bc7a3ed454419	He speaks Kurmanji. 
en-1ff995f257a9b4930e6837bc7c7fe18e	The lock was changed. 
en-39b44bd0de5a38c2b61bc815a89a5c32	Pass me that notebook. 
en-a24bd2fd0d4107be41be08aabff91c53	Please take off all of your clothes from the waist down. 
en-d36bd831a35517c024fca6189a39a002	Glass breaks easily. 
en-7260b38360d5edcf273d720584a948ea	Stock markets around the world tumbled Monday over fears that China’s coronavirus outbreak is causing long-term damage to the supply chains that are the lifeblood of the global economy. 
en-3db086d79009968069c26b7e661d2663	I wonder who these scissors belong to. 
en-79a80e522d0bd077ee3c3fd4c62c1f79	Tom lives in the past. 
en-859f82231f9cd9ca270b88e5ad63205d	No-one else has seen that woman. 
en-35fbfd8bbdaebc9a07e8b7ed1d966c76	We must buy a new carpet for this room. 
en-26a1cbb8222c11cbc681887c3b447ec7	Translation is an art, not a science. 
en-1e55883695aefac21dbe7126e9a96b8d	Tom didn't want us to find out about this. 
en-995e6cc4b3dfe0d9785187661b7e95ad	Where can I find a cinema round here? 
en-00cc5f4c0955a64576130b1a5fe603ec	Women pay more than men for comparable personal care products 56% of the time. 
en-13d1bf1414bd7565cb6b4496c526f33f	Day by day he seemed to get better. 
en-465ba2b38277cbf9f64b6cebfc673e32	I have two daughters. 
en-691f7efbbb1432e77f54746037d8892c	We are going on a school trip to Osaka Castle tomorrow. 
en-e2aa0fd5c56a20eead85ea638c601220	Did you receive my letter? 
en-620edada9f400dab1163b709cf4ae628	If the world weren't in the shape it is now, I could trust anyone. 
en-25de36d36c780e1fe469ba3bd963b0c4	Which do you like better, Mexican food or Chinese food? 
en-34f5af5cbe41b9790df1add846a19d7f	Are you studying English? 
en-c19ddb8eb796c13855c44ac6a491e54c	Do you speak Belarusian? 
en-a0311eb7a9663919883a0962d86a3b37	He may somehow be involved in the heist. 
en-2c35f254a286b49513e96e70ed25c994	What do you have for breakfast? 
en-8b3e1d28de81feafb4deae817ad03342	Did you make all this up? 
en-5685fbb16c3f3d5d4c55da272275abd6	Life is hard, but I am harder. 
en-7c1d2ea3435f06cad3c2d43fb8c08057	An opinion is shocking only if it is a conviction. 
en-14327b2a6406ce5fa988e8b180e80a30	Learn to write. 
en-ca0dd2262013ecd4e758255618fc6405	My grandmother has white hair. 
en-436b26ad7aeb72f0c71804d004b1a883	I'm thinking about something. 
en-8e80a960843f037b5be4d549221a782f	Give everything you have; you can't do any more than that! 
en-1295387dfd17ac93d790fc89794f1cf3	I took the wrong bus. 
en-5e1f5f64a7334bbbeac4110abc6a182a	She speaks loudly. 
en-b0f6ae252de4414eb2d6d3582684f1df	Do you know how much I love you? 
en-d677d85be333298aa4ce6877a8cbec6b	January is the first month of the year. 
en-6735bf525842d7f83b0446e823b151c4	Tomorrow, I'm going to study at the library. 
en-a53fb5aeb6def3dadb720ed7de8c39ce	The dermatologist prescribed me a cream. 
en-2eae1a237069a479fb80a9eeb0ae8053	You have to unmute your microphone. 
en-04ba0fde97282851f1f0c4ca569adc6a	Promises are made to be broken. 
en-ee982d2e2a2c113c5460608b3faa8700	The drug lord kept four hippos. 
en-63e3519cb378e33f4b949dbef47db711	He had breakfast all alone. 
en-b068188efb3df17b011c091895952b4e	Knights in the Middle Ages wore chain mail and a suit of armour. 
en-9fe844f3599e4268ad712a51beda4537	That is intriguing. 
en-40c491d2788e18f6a31868e745fdca76	We had a pleasant evening. 
en-de220fc81dff1468d183ee11264caf29	The world is small. 
en-e56ff894bc9863f42e95b4e6c777ca48	She tried in vain not to cry. 
en-7ac9e86e6a7bbfcd44992e4095581368	Practising every day is essential when you are learning to play the piano. 
en-f5aed73b030b0d6a8ca275b4176e6d37	Happy are those who love flowers. 
en-95aaf1bcdedce0398e8b8dd9aa4214a0	I've completely forgotten her name. 
en-ea6cfd1db9fda80d3b59c3552b0c247f	Give the orders, and we'll obey. 
en-033b3f04c2974e16c862b274916dad9f	Not everybody here can speak French. 
en-89f12a080253814e947b05c0fb02e32e	The student has outdone the teacher. 
en-79668cd657c3a7ff1aacd5339173d580	Why do you keep doing that? 
en-2b7a34eb0a900f5e086e1f57d640dd4c	This climber has strong fingers. 
en-9e40b6e78e876bc845386df5b0e4bde2	That isn't what you told me yesterday. 
en-78b149c26b18536196d733d7eda25682	Tom didn't want the present. 
en-f5cb7379e2c159a4bbe7fe87ca64f3a5	Is it bad? 
en-e1a4f9c022f3a14ec66c42c59530c718	I don't eat chocolate. But thanks for the flowers! 
en-4c331f7052c7d5a9e948e0f21fb26548	I won't wear this. 
en-40b9a594a9e9ef87b154c6ab29fab803	Put them in the corner. 
en-03f467ec96c7932332008f1646e5e2b3	How large is the population of this city? 
en-b5bf543468972284ee074079037cadd6	He said that he loved me too. 
en-a7d3fabc1c09b0d241c87e845a655533	We missed our stop. 
en-dfb7d2abe85d02a12bf7508f91f4bf35	I closed my eyes to calm down. 
en-1bdec771323b90531cc119aa84fe3b41	I'll explain everything to you. 
en-f705f4efbf91065a3c3d1e311989ecf0	I like dogs, but my sister likes cats. 
en-68e0fee125f5a16714447171045cfb63	The flowers will soon blossom. 
en-be39a9bdff4c74369c2609328117b949	Tom looked around to see who had thrown the rock at him. 
en-4a1eb3bb66da9d65c18da19461a3129e	The apple is not green. 
en-cb31b9c5b9121cbfc7c0c8a51c77d8d8	Tom works as an elephant trainer in a circus. 
en-e089d892efd7ce382a846e5e4c9d7060	Pomegranate seeds are relatively big. 
en-0faeb3547e93b0ec5b6c8b8dd4212f32	You don't need to help me. 
en-f53e2da20992a04188af4883b127cbbe	The girl swimming in the pool is my cousin. 
en-b5693525940bee0f9ff45d26374572c8	Are they learning English? 
en-65bf2b5f3ebfe1bb11addefe25912d41	Could you teach me Swedish? 
en-56f126d280b736cb2fce258f42eba9dc	Come on Tuesday, if possible. 
en-90c7a5e936a2d34e7100502e197511aa	She didn't interest Tom. 
en-d980926ba3283c978fd82580da896521	Were there many people in your carriage? 
en-411bb495370aea57fdd5a1fdb55de434	A cat got out from under the car. 
en-0afc56c737901be2a2ff291a0b436ea4	Tom will likely lose his job. 
en-5ff14cab2948c924c1a81df09b440484	Do you speak Khmer? 
en-4655527797b51e97847972233e103668	Don't believe her! 
en-0d34fd0198491fc23df728b8cc7f38ff	They don't know anything about basketball, do they? 
en-96157709d982ae539c74e88896bd12c8	She turned around when she heard his voice. 
en-4ed7cf98da15f33350f57ba3ba299074	I prefer walking to cycling. 
en-4d50355153a792fc916c27a47bd326ec	We let our dog sleep inside last night. 
en-7425514185be4865479bec92e49dc32e	I think that we've waited long enough. 
en-4f18a641ac5307af7f0660cd40b44058	It's not bad, you don't have to cry. 
en-16a61b69e7d3c0fe3b2b940304cfa809	I'm not in the mood to argue with you. 
en-ec784f73334a3d182dfb1c6373ca0897	He was absent from school yesterday because he was ill. 
en-5090364fce8e742451d6490cb78b51a9	Please forgive me for telling a lie. 
en-ebd0e4b50b2fa561f809d2de97e8f9f7	The lake is notorious for its contamination. 
en-64222e0539d7e33aa772a4e653ae2bd8	Sailing ships depend on the wind. 
en-a2f244079539f4214dfa5a75ac587287	Come over here and sit with us. 
en-35d3f5028f96346d02efc6eec3678f35	Yesterday was my birthday. 
en-eb077f4a169bbf72c00f3b81a05d885a	The weakest are the measuring stick of justice. 
en-551d5b9e92ae159ef12498204ca6fef8	Don't go near the fire. 
en-6f9462a01e7e7c3f2e02f5662ee9258d	Tom was wearing rubber boots. 
en-3591aa71e48671ffca92b389caac2c82	My home town lies 10 miles south of New York. 
en-0230e4a84e8d2b4c4088240eff7bece6	He's got a face like a month of wet Sundays. 
en-02a7f5703f2d6f6385ddc8c4e0adcc6a	Tom is changing into his uniform. 
en-a5785a732845f927e22cb868ba1832e9	Your behavior leaves much to be desired. 
en-92d678053957fd0de834d7aeff4c11c6	It cost him 3,000 yen to get a haircut. 
en-a23e09e5a84a4fa609801ea6391e2b06	I'll pay you a visit at your house tomorrow. 
en-e01ec00e2b99340aae123816db623fc1	Mary wants to learn Serbian. 
en-de7b58e8e96275ddf4058ab2a404ebab	It's blowing very hard. 
en-57ded4e1b0d0a1f23ec812c2329b8bea	Do you have any spare iron ingots? 
en-79f793f646d46f5fe8a8be9e04ea8fa8	There's no water coming out of the tap. 
en-a3c7c37f4347dc711ba11f732ab08f1a	Don't eat between meals. 
en-1b787e58c9ad9fc0e66c2e070fe31278	There's no point saying "Hi, how are you?" to me if you have nothing else to say. 
en-033f92f48e01ad20c4e31e10524636b8	Nancy looks tired. 
en-2165f2a2163168891b15d99862f3387d	Greenland is not for sale. 
en-72a7c93aa885589ecbe452ef5a5e32cd	Me being in front of my computer makes it very easy for me to procrastinate. 
en-2c51665ec353ea8dbc3589841bcacf38	We've had our differences, but that’s all behind us now. 
en-a4b93cffb56ee265d2de323b7ded81c8	She has a son and two daughters. 
en-aa384347073fb946dd74ec1731f6a1a7	My father has something to do with that firm. 
en-b4ed4957864a1c3f1b7f9b4cfe32d1fd	Tom can play the xylophone. 
en-9ef0400a430918b7073cf271f8fac3e5	Tom is flavour of the month. 
en-fb877b36aefc441e44b5b8bafd8b69f1	I don't not want you to not not go to the party without not asking me. 
en-8dee87bff9bdb7905a4ddd56e704c28b	Whenever they meet, they quarrel. 
en-ef8f8bb6f7350404b5b746042e495ef0	Russia became communist. 
en-1183217c506604cfbce31ab81f6a2069	What does virtue mean to you? 
en-94d14e772b74ed4fee8635873138fffc	Sergey knitted Vera a sweater. 
en-6ece70ceba2b1231459296bff49f5428	I'll leave it to you to buy the tickets. 
en-396c39500f82e34693b6027c68c5db31	Tom went into the kitchen to drink some water. 
en-862ea8618acd912bf00d190d4f0edd68	My mom always loved me. 
en-11bc477fffbaf69a5961be02709e91f3	"Are they French?" "No, Belgian." 
en-ef20c3f04a1505994b45ef669fea8652	Hi, everybody! 
en-087c5674ff2d74875d4d163481ab4343	Let's finish this work as soon as possible. 
en-3758f6f1a35efd4907878852d6371737	Tom is my youngest. 
en-de9b2e871d5d0dccb95477054fbbc3a5	Jane has a lot of clothes to wash. 
en-691609a421d843c6e4e7ab9e6bdfd246	Stick it up your jumper. 
en-6b1efa266622048f69913ba12e287d69	You'll see. 
en-9bd5bd77c23bae414dc1cd2cb4d389da	The dog ran after a fox. 
en-beeb3e611021d7ec34b9f61ff0a0a095	Sami and Layla have eleven children. 
en-1190bc00f8ef7eb0152684760ecf11ed	This is an unsolvable problem. 
en-a33d8343859fe63da144e997ca830f15	I can't pay that much. 
en-3a56978370120dbc7bd1665aa595cb4f	We were rudely interrupted. 
en-63f5d27bd7d9ad86a22df867379cb659	It was obvious that they had told a lie. 
en-2c47ad342251f5d29169288a4fb67793	It is warm there all the year round. 
en-5cfd7ecd4d1e0fa7a4d11f6b30411046	You piss me off! 
en-e9f96f8f10f3af4e8c2195dcf5106f39	I just asked because I thought you would know. 
en-e3182421a9d466ab432397280877d41b	We will discuss that later. 
en-0f10d2c34d6affffe24fbf43692dbe94	He is totally dependent on his parents. 
en-d0d5e65b43bb3e99ac220f6510b5a7b4	This sentence's preantepenultimate word is “preantepenultimate”. 
en-2fdb7881198856d483cad12958935410	Do you happen to know his name? 
en-5ba490763c9d04d08b13db33da51145d	Do your best! 
en-c1577d8196456e6bdb42d8e87baaf49b	Tom was a mess. 
en-532365bea9af565a30f2158e20708cbf	Do you know Mr. Brown? 
en-d75c42a440ea4aac7ad0095e060c7302	I think I have the solution to all our problems. 
en-7260349d03443890255df7cccab3f593	Albert Einstein received the Nobel Prize in 1921. 
en-78911de831ced7fffe47b648f1c8be8c	Ask me something easier. 
en-774776ea863150988dddb42140030ef0	Just getting out of bed every day was a struggle for Tom. 
en-c75aa5b7691fce7ac8fc2c7070175fe4	Can anyone recommend for me a good monolingual German dictionary? 
en-0839ac4a9da52ca8f077c0acb155f5d2	I love rock. 
en-4b43c2973f34cd86db1266023decf9f0	I'm on the football team. 
en-efe3568d6aebdfebd8e8628b35f3e8bf	You've got to see this through. 
en-d6cd5de89114283bee1e27638fa393da	They say love is blind. 
en-1bac1e6b4f6e452ad66de30f8edc8a92	Tom is waiting at a bus stop. 
en-8d343168f03d1cfae5682ac8a1aa975a	He blew out the candle. 
en-852f25c431ea90067f313ba5060822d6	All three hated one another. 
en-d573f277a263fd1399e3935e5ec96ebf	It wasn't too soon. 
en-110b060670f769d157ed6d530c40a28e	Ruy López de Segura, a priest and a famous Spanish chess player of the 16th century, wrote a book of 150 pages, called Libro del Ajedrez, about exhaustive studies he made on the opening (1.e4 e5 2.♘f3 ♘c6 3.♗b5) that is named after him. 
en-b9bdeef100704de19f88759ed34bbcee	Could that really happen so quickly? 
en-2b96a4bed15e886ea46616a25de23b8d	He said he would rather go home. 
en-633230322103d6b83925cbb2f0016f09	The results were far from satisfactory. 
en-5282ed708b268161798a76fc06853516	Tom and Mary aren't at all alike. 
en-df930f3a27998308d969940c06e6c571	I just wish that I could speak French a little better. 
en-6620c8b992c652ede1ec40f72123aecc	The shoes are made of leather. 
en-fdebd534a467044807f018e30df2057a	Tom and Mary are arguing about who is the best prankster of the two. 
en-fe6aab63768c188409c755547a06d497	Arabic is a very important language. 
en-c074295aad8dedfda0be88e14898147b	Look out for pickpockets on crowded trains. 
en-a71f48c1b6abd15688576f56b085bfb1	I want to talk with your uncle. 
en-d8b4f4c4f7bf17e2f702a4dde5682bbc	Tom doesn't kill animals. 
en-72e97f15858ea09aafad0b545135070a	I'd like to come too, but I'm skint, so I can't. 
en-a87053c552e85a414db600eff3e1e127	Everyone calls him Jeff. 
en-817728f1d7600d8f627bf3d22f5c64c2	Tom is dead. 
en-24aa8dec4e0470fcfd30bc4caf8b1c16	I'm not angry anymore. 
en-6e565e78d20d91935a73593719d78e7d	It may have been Mr Sato who sent these flowers. 
en-fa39d12650601de28413481911bcbc13	Get down from your horse. 
en-781c7dcf7d5fdfd720597fd48ebf4dde	No one can run as fast as Tom. 
en-d8415be855477b2cbae26db52b8872d3	I won't stop you, but don't come crying back when you realize your plan was stupid. 
en-3845cdb3c2ef43eef8ab8a22a377dced	The deeper we dived, the colder the water got. 
en-5cb8c68d18151d02df07cf8ece2ee96f	He is stronger than ever. 
en-ca6c8aba9650bf8c291a6549383d61a9	He has no more than five English books. 
en-8cf54c2aa86c0650148380b289503d25	The store sells foodstuffs, such as butter, cheese, and sugar. 
en-5d7980285a181ba37d3f79e05258b115	The dog is in the attic. 
en-a4824d377ad31bc823feff90439b48c6	I always confuse John and his twin brother. 
en-531d4f7e2de57646da2cfc97d2a9868b	Banks open at nine o'clock. 
en-baf4e3e833e887bd1d286b185b006b61	American football is an exciting sport. 
en-83d3e692f4c4bd226e746ea3a07211a4	How to arouse a woman's desire? 
en-0d9aba0519a02b443f2c4c4cd05fa1d4	He was a benevolent old man who volunteered to mow his neighbors' lawns for free. 
en-42243892473e0f0c8e05fd0f2066053e	Save your strength. 
en-10017f2fc6cde8743d13e0a638eeb02e	In the name of the moon, we'll punish you! 
en-37d9298e19a20ed4dce7a852e0bb2e3c	I have to take medicine. 
en-b0b547e464c42201ea3978e64e487626	Muslims do not eat pork. 
en-120ba00235ece997c902fc98986cc1cd	The check, please. 
en-b568d880e9cee40f2de3bf886b4af2cc	It is not far away from the hotel. 
en-2b712de46d6e46fd400a43c9571df8df	Fire away! 
en-ad31dac0de76961d22c8c03a264d84b4	Stop asking stupid questions. 
en-608f5398b1ebeacc64ea5ab3da2e623b	He's an old timer. 
en-085f2f94b7f052c7d393036ec53fa668	Can you guess her age? 
en-5b900c2c1e5aecd5917a6b5257f9e12c	Here's some medicine for diarrhea. 
en-4b512dc363d8a481dc1c99b62e16c392	She didn't like living in the city. 
en-d66b2eed0123ebe24e2386403a5beb83	Don't put anything else in the trunk. 
en-54e1f20609cc9a6a2f0c8878b3b1a0b3	It's a snowman. 
en-4309c4d501718b4d4a1a0912094a3aca	Tom has Asperger syndrome. 
en-ee8d25835dd888139f10a47a56cc10d7	You can add sesame seed oil or some seasoning. 
en-c2dd63cd16cb146861bd74645fcd0e3d	My goal in life is to be Prime Minister. 
en-3c0ac54984943d763d3e388b14d32bb9	I think Tom and I overdid it a little last night. 
en-11649289ab5763a730d05292cee3e729	He is far from a good tennis player. 
en-9d8f95b89856844360a8ce7df77b654f	Happy birthday, Muiriel! 
en-226bbcbae80fa1bd0a87743d30e79876	I waited for Tom near the pond. 
en-1362b63bdf24c2e688ea2fdd010558d8	He threatened to make it public. 
en-126789fd96a813d959c8f07bfb6c0d13	He tries. 
en-da165f04ed32a7c11624c75f7cb78f5f	Tom was surprised by how small the baby was. 
en-023f6b3f33b74ecadc62ba85b67e1075	I envy you your beauty. 
en-598680a40c82435c2cb6c28a019652bf	I ordered those books from Germany. 
en-7039f93e56e79bb789a18bb42d20db3e	Could you call again later, please? 
en-13415c4f180d318b60c0d79bf45b70e8	Do you know who they are? 
en-1928218e7f8f703c9491771063ffca29	This is how you should hold your knife. 
en-8beb65a080d7d4eb1c94e3ee86a466bb	I walk my little sister to school every morning. 
en-0369de1b3ab32519acc2570dde3ebfde	Tom eats a lot of junk food. 
en-dc11b21ceb3c7534d74c1786ca7370c5	Anarchy followed the dictatorship. 
en-60bed0ab1b462c21204cbea9177edcf2	Good morning, everybody. 
en-6468c2e392e0b98eba88c3926dc9356b	Portugal is not an exception. 
en-ae9b973aa4e3208a843b265771df74c6	Tom should've called Mary earlier. 
en-75ec522d66372ac1efe7b16e434dcb16	If it is fine tomorrow, we'll go on a picnic. 
en-9e5e40188c1a1b1f5ccbc9f917c82a34	She wants to keep him at a distance. 
en-f97fb184c53441461e982629db41a949	She has a rude manner. 
en-2b215e6b16c03345cb59a1688729066f	All communication with the mainland was cut off by the typhoon. 
en-bd5585da8f95943d934e63134eda05e9	After all, we didn't say we'd do it. 
en-25dac38c1787c519e26ad2fc98f92b5c	I couldn't bear the thought of it. 
en-98ebaede2afa2834cca6a759726cbbdf	The city has a comprehensive network of trams. 
en-9a778f6161bafd38b1d940912e01930f	The Panama Canal cuts across the Isthmus of Panama. 
en-0f9139cd9e92f8f7817f02eb6a2da7db	Tom laughed at all my jokes. 
en-72680db9513b0bf3390f9a961d7f4db8	The horse was so thin, I could feel its bones through its flanks. 
en-42d52647be939dffd6c600d68df23cad	Lemon is sour. 
en-a7ed9365efd138de0a7d2e4355920a08	We thought it impossible to stop him. 
en-85e18b8e638053d30aba02d4e6c66385	He lives here all alone. 
en-4104f37f781b11389b00572a5f42fb6b	Tom was away from home at that time. 
en-9a9f2c89aa73cf1c33cd223100cfad84	I say this from my own experience. 
en-5ae35c68df42370dc7f80797e06c7409	Tom started crying, too. 
en-0342ad6c23793c22f0c042b3cd9b1b40	I think this wine is too sweet. 
en-c3acbc6fd0ee08c4a50936b73b751d09	The younger sister is more sentimental than the other. 
en-28a3e5dd62d491dec31d3de0983eb1e8	How beautiful the rising sun is! 
en-451a5ab53db55a32b70ac4c708ffb04c	Do you think Tom knows Mary likes John? 
en-638ab07fd1e0b6df33f42b6322c52c07	Why are they all learning Esperanto? 
en-d49de2fd377a33e6281c74789c67904c	Can you imagine the world without money? 
en-3b07e3ecb2482ea0b8c14a7fc2df61e6	Whether you like it or not, you'll have to do it. 
en-eb8476813c3cbb9cf2a62e4dd44011f8	Tom had trouble explaining what happened. 
en-217328713f23d2e58d2c0c3ab402fc2e	Be my guest. 
en-87147425164d27cfa82a807b13235945	Giordano Bruno was both a madman and a genius. 
en-764212dd43f40300150c71e77e64ee1a	This is a very tall tree. 
en-2a9070b5f773c05a082c7b2966193f61	In the distance I hear the sound of softly murmuring roads. 
en-1c867dc3dbaf9c0eba867829099f21b1	Tom knew he couldn't turn to Mary for help. 
en-5f27aa63762d09f7323e739e8aad2b81	Tom and Mary both sipped their tea. 
en-1239da7c4e919ef7c59b0f0a31ae61ec	We miss you very much. 
en-6f26d7a34cd456dc054726751053af7d	I got to the station this morning. 
en-9ea4df341c1a8b69e2e727c50c9bf80b	Can you tell me where you are right now? 
en-04825b23df696898a73e4ba01188e632	I don't believe in the devil. 
en-cfe198fc5bd71d3a6ed0058204576e11	Tom saw Mary going into the cave. 
en-1a304e7f8e66ac0cc9e497d242ecd44f	I've stopped believing in God. 
en-12c5462860d1c3f25b94fb340d9b8dea	His long speech bored everyone. 
en-cb6a52f7d19f627f5a1965713d3bd23d	We can solve this problem easily. 
en-003a5b98863c56ea8fd27c3c743ffec6	On behalf of my family, thank you. 
en-7438ce4d95d625d87e0208e65c50aa4c	The boy was expelled from music school when he was 12. 
en-f617b9305f224642c255dde0297bd401	Please give me my bag. 
en-acba4a63aef351c5dbc173eacdad0291	He looks a bit tired. 
en-c88a7c9e227d245a190ddf0e99cae189	They are both good teachers. 
en-6d07b621f405abec582cca17872ff8bb	What is it? 
en-277d60974257f3779f7202cbbf6615dd	That is a criminal offense, and you will surely be punished! 
en-e679fcedd90eaff878fa399d52fe458d	I'm obviously a cat. 
en-dae5464a81a581bdedfb81f9861c7c7e	Do you wear a kimono? 
en-e4a1fc705ff887f9a64c552b4b9bc247	I stayed at a small hotel near the lake. 
en-30c1a8bcb3a30717ee324be4eb56f745	I'm so fat. 
en-69327f6c6e8d287fc7c0b724133555b8	He is just an amateur. 
en-8b909216c873f4c0507c30a7422c3ef5	Why me? 
en-1d3a9e762f991a19e5c8194f5cbb6355	This house belongs to Mr Yamada. 
en-a1edb8feaf204b01d9c578e121ff0a5a	I'm already full, thank you. 
en-44293588a633b2f2694821837ff81274	It's our pleasure. 
en-8646d049051d5bb181f6ed4c8755613a	A good conversation is like music: it reverberates in our soul. 
en-9a28c071ec9bf0d95c58bc7871f82dc6	I must think it over before answering you. 
en-94640bc5dfea73f830eae0deb83776d9	Do you mind my smoking here? 
en-f1363faa400b7e4c77c1b1c13ab830c2	They believe in a life after death. 
en-56f496d12752cd2358ba4b6381e1d80e	What Tom said to me felt like a shot to the heart. 
en-9bc48f939263b9ebc072300d6bf2fec7	He comes here almost every day. 
en-701f03ab0e3b9c94dfbfd449f82ac980	We're working hard to reach our goals. 
en-0992961a38885d808510bd2ae17bb86c	Tom tried to make sense out of everything that had happened. 
en-b9624e677b6db576de1ded055ebe15dc	My sister takes a shower every morning. 
en-e8b69bda73cbb015bb146e5c5ade337f	Prosecutors in court have to substantiate their claims in order to prove a suspect is guilty. 
en-f9b116e1fec7b8ef342d133421f9f767	After thirty years, she's still the most beautiful woman for me. 
en-d49c5e896efb9f82d69df4330f404f5a	Is she Russian? 
en-e71a4efd1b5f70f8de8e8596bb228871	I love her. 
en-7283be24118cc4c43960a871369cbc3e	She showed a great deal of wit in handling the delicate question. 
en-c5cdec0c189011c22911ea510eb4ad5e	You have to overcome the difficulties. 
en-48d75994a62f62594b39ea3540c9e50a	I have many friends. 
en-1fb3ad951431733d50ff93ae0ad5ff49	Not many people live in this village. 
en-51cb2f7d9f2f1e3865546a7a37328d76	Bring me today's paper, please. 
en-aac2dabffb5829d0fa926ae386f64ac3	It's hard to sell a fixer-upper nowadays. 
en-64e8aa46e3e5fae112d17ccd4fcb746b	That's Tom Jackson's dad. 
en-0dcc278cd0435753992b8623c0accead	Russian is not an easy language. 
en-8d7679aba69d0444e9c1b384d335d96b	Nice to meet you, Ken. 
en-a7c105eeb7d2d599cf7974f22d7dedb2	Did the pills work? 
en-f788e3cf269be686442540e837e41552	Is there anything that makes your pain better? 
en-76e94d6f0e6ddb18ad5ae5f892041a38	When was your last tetanus booster? 
en-9ca33ead03d3f61f29e5f88b0e8dd517	Native Japanese speakers also sometimes have trouble with kanji. 
en-eaab4e838b804330d5cd057a27169ff8	Yanni sighed a breath of relief. 
en-cbb5ea98c0f4500e513a00696f4e9f35	I have a bone to pick with you. 
en-be938f1d59e118cd61707634fe53b03d	Where's her hat? 
en-dbbb2cc2afdc2f87130b210d91025c12	Hiroko sat there all alone. 
en-7a4ffa4b70e731b894a9bb6e37016c17	I can recommend this book to you. 
en-28be10439d8c7bf16b3a661677feb1eb	She looks pretty no matter what she wears. 
en-1e41a10a802d5ce6ea06374a5f659090	I broke my right leg. 
en-00283c83783e7ee3052f4459da4d5bae	There's no way to find his house. 
en-925e59f9945a21edeec488bb1fb46957	I can't help falling in love with you. 
en-32a3b19d616bf6fd549574b676899c35	Tom was worried that his cat would never come back. 
en-27d860697cd5a1666c5a0b3c93a6092f	Love is blind. 
en-40d09a99fa65d832ddea0c81f31476d0	She was too short to see over the fence. 
en-6a3f92fdfe0bbcb07211c6d5d4ba0116	Tom died in his kitchen. 
en-b06209b46c60b8b6c17aad2ee2a1f860	He was more than a king. 
en-3c7cfb49df1155dfee852ad694817465	He doesn't stop talking. 
en-9446c604afb2a9755739ed935e16e1aa	I have a black and white dog. 
en-9c839cc0e2c6b7fd055938a30d58e60b	I hear with my ears. 
en-7f3e9d50ebb0ac4aeb290d31413a99b3	A ripe apple dropped from the tree. 
en-00f6ebf853c961440df8a27340a1572c	Once upon a time, there was a beautiful princess. 
en-465ed8a04aa769eac1bc6028df56ff9c	Do you happen to know a man by the name of Brown? 
en-fbb2cb5899cd385c4e2c1da6951755a5	This report is free from errors. 
en-f907cbc2927c2ae726567e73008e144f	The company has spent a lot of money on advertising. 
en-68a182a8e4696fa98cb1589d7347d97b	The robin is looking for worms. 
en-cb24034050dae3f17436c302b896430e	She always gives me the cold shoulder. 
en-5b036ee4d4b391c3568f9ce9f231cc74	There is a law against dropping litter, but it's rarely enforced. 
en-f054a9a45c295d9109fa5ebfc3fd882f	"Next time," he said. 
en-ca8cfb0ffe9c1b571ab1da40d413df5d	I live near the sea so I often get to go to the beach. 
en-c335623442a1989bc05ea0c92d925036	This machine was manufactured in France. 
en-71658aab98b7a5e47d3285bc1c349235	Do you want to have them washed? 
en-2d8a7f0429aa9bdd53f3086e07fd9c5f	The cleaning lady interrupted the conversation. 
en-96716ccbf92efc0dc9dd251193a7d07f	Shrug your shoulders. 
en-40b8374cf51b919a8fde25e8b6f1d34d	The new coronavirus is very infectious. 
en-7fc6e23068f6892a4e3eecf1e18a7167	We're pleased with the way things turned out. 
en-a7df338052d670118af1ca53332e1745	He is investigating the problem. 
en-a72d90ad58c6aff7f2d7a7f4b4118ecc	No one trusts him any more. 
en-5d123f050c39c8cc7181c7bd15ac9add	You're my world. 
en-44899e523a823f1db9abe2da0ca046c1	Who is that sitting under that tree? 
en-343703cf453f7f875fd48731e4a32640	"How did you get my phone number?" "Tom gave it to me." 
en-d3aac0deebb636f710994903af305aa8	Don't hang up yet, please. 
en-2a843604e3539352357a31828c421875	She is engaged to a rich man. 
en-c6691fb568eebc5847015067d0b8300b	I guess that it was the right moment. 
en-9e5f79f186b067b039f1f7038badcdfa	I would like to do something else today. 
en-dc2fb4a4cda33805aac68cc1998bf7e8	The mandatory character of schooling is rarely analyzed in the multitude of works dedicated to the study of the various ways to develop within children the desire to learn. 
en-f4b97ccfa076c9d919ba55c61b4529f8	The referee must be fair to both teams. 
en-13f929c2d896f8bbf80148d3dc6e8b5d	Do you think the accused is really guilty of the crime? 
en-0e0b310bff5764d680fcea808f786231	Did you take Tom's temperature this morning? 
en-b3d0df3f97bac2659f1709898e42ce2d	Everything she's saying is true. 
en-002e0f7f9d22594756ddabfa80e70b04	Tom told me a sad story. 
en-8257adbc2840ea6c1a377c315fd77b4d	As I felt cold, I put on my overcoat. 
en-696f95e567ff868eb91c4e44e01598d8	What Algerian city are we in? 
en-7bcb03c6456f8cb2c04c08e64df03e14	He was very old. 
en-010248530bdfeb19c08398a8baaf3f43	I nearly choked on a fishbone. 
en-4233cefd6055ed053edb988e6a9fa7ff	Please don't leave Tom alone. 
en-74afc3bc77445f108d25f3cc68ef487f	The TV show has made the game way more popular. 
en-f5d2f268d62ec84ce99ced22cafd75ff	She went out without saying a word. 
en-e4e56dc04253b5db60033e43e5da2e77	Do you want to come along? 
en-fb8ec53370df40fa2b304bb040764ba3	All but for he are here. 
en-ff10fca06762957535e4ca3f50871c0e	Far away across the sea lies the sunny land of Italy. 
en-e279e6310bc0099fdf485d5cbddb02e1	She gave up everything for her children. 
en-e6989da4acec9e4dab887feafbdf96f8	We love our mom. 
en-626e503eae0f175ea3256799595a7117	Afraid of hurting his feelings, I didn't tell him the truth. 
en-25e33a8ade3382c31b242891623481c2	He often laughs at his own jokes. 
en-11ad7d6e5dac6bbbaa2321c2ec02ddd9	She ignored all my warnings. 
en-91ced151fd4115e8db7fa21ead741d71	I paid $200 in taxes. 
en-2673ce8234cc65bf5d5e81743172700b	Why? 
en-fecc579d599aec1a6aa3780d9060c6ca	All four lost their sense of taste and smell. 
en-1f4de4a4d075e0bdb33ce5e240720832	We want to be billionaires. 
en-42dc18104fade4c3dc498d0c646f16bd	She'll be seventeen in February. 
en-809e2f755e0db3b4850fe1b185ef9765	He got up earlier than usual this morning. 
en-9f09f33dfd0e64b98acbb633d3435dad	Before European colonization of the Americas, Italians had never eaten tomatoes and Hungarians had never eaten paprika. 
en-ae597de849bdfef0e484934301ea1b68	Algeria achieved its independence in 1962. 
en-8ba7c39bac94ee8af0923b6d96784176	Mary studies archeology. 
en-1a24734e0230c5aca0081cfc3e678e23	It's a risk we took because we needed to. 
en-907d3555ea4f855ae9a38c82247ede0e	Did you practice the piano this morning? 
en-c72c2344bb5902139e2c91073d144916	My aunt inherited the huge estate. 
en-8ffbdc58d00758e32d0542efbff508c6	Tom put a new roll of film into his camera. 
en-e66c2ca27a0a177660e0630a5fb70786	This is as far as I can go. 
en-cac9646be4cadfbee26710a57743c81d	They know the rules. 
en-a605d85f264231292b4ac1fd3ce004ef	Thank you very much for all you have done. 
en-23c1107c1c9bb13ce899e26b94734835	Tom's girlfriend is really pretty. 
en-9e21ef836772c65fc9208075ec3ad146	It'll take me all day to finish this. 
en-78ea79c55776479dc64952636cdd8b24	He had fifty dollars. 
en-189c8772eec65d37900b9485a4cd1ffb	Do you have any questions? 
en-a043605b53f1e3e73e1faeedcd037e7e	I'll tell you this as a doctor. 
en-2ba1ef0ef56af8c96edf64428722d612	I don't like it when mathematicians who know much more than I do can't express themselves explicitly. 
en-0ea4da8cb332a5943b1402b81cef7cf4	Had he taken his doctor's advice, he might not have died. 
en-0e347b20168e637b1c031a1cf4af3982	What do the pedals on a piano do? 
en-6d7a5d8b5e0be0be3cced3d13c5962fd	Is it OK if we take photographs here? 
en-36303b61afb93c18e9740afcb0df0ead	Are there many trees in the park? 
en-5e15e4630727a3cf9f5b546083f5e9e6	Auntie Wang, it's me. 
en-b73ec7962a3a555ab25daf78d3d83e5e	We have to take care of our own health. 
en-a79cafffa23474665f7827f6d8c566f5	It is not known whether there were any other passengers on the ferry. 
en-d018ed5dfe340a8f6e485a2de36a0d3d	I've already drunk three cups of coffee. 
en-990730860adb3b5b655e2f54405e2801	Give me a glass of water, please. 
en-321cc2a5303e8b6ea77534c319426d6e	What do people call you? 
en-9a1742bc320357670978d67d22481f77	Tom wasn't the one who Mary helped. 
en-37e1a224739ac243a0efbc9146cf93ad	Don't enter the room without leave. 
en-9822dcc0247acbecd9d97a33ed8c7e0c	Yanni went into his bedroom. 
en-76ea6ba3ce6e5ebea70e9e45dd55c902	I had a nightmare. 
en-0aefba6bdb613258a44849786761ed07	Does Tom think that dogs are smarter than cats? 
en-a0ca1dc5c36e7de01d12b4891b03943f	This story scares me! 
en-cdaceb5ed2448a7e8d6255f9d32f2581	I'll arrange for someone to pick you up at your home. 
en-a9e30a634a5876cd53649d8f57621519	How old are your kids? 
en-07daed04262729b0cf5dcd5512d13ff7	You are no son of mine. 
en-08bae3b0918c5f4498cd63cf1fa4ea7b	I have to be at the station at three o'clock. 
en-e21757a0971f1efecbc3778d72a42571	Damascus is Syria's capital. 
en-07f96d1b63a17c8497381fee353ccddc	Xavier speaks English very poorly. 
en-1935285be8af240ce14266e23ef4706f	Lord, I wonder what fool it was that first invented kissing. 
en-5ba59000323ec41543b7c95933cb590d	He failed the exam. 
en-bdc67bcb0fbef1ee81a08b1634cebdef	I hate them. 
en-a5e5f531761768dda809d4ba6a21636e	Tom didn't even read Mary's letter. 
en-1cbcd320c3d9d9d83974884de5b7f94e	This year, Edinburgh began work on its fifteen-year regeneration project to transform its waterfront and provide a new kind of living area for its growing population. 
en-dd9cd57840a8e4bbb74bfb327bc77edd	Prove that P is a poset. 
en-8c8309e2039f53d6af624a6acf94aba2	I love snow. 
en-78205132f7858e2dcf817b2220e7f11f	Smoking is bad for you. 
en-c33a3042abf0290fc2caf2fe510becdb	You can also replace the mascarpone with cream. 
en-885d9fa466555e852788c2bfbf3348bc	He took the public by surprise. 
en-0a2e2dfb4e086dbba49cf4877143356b	She is second to none in her command of French. 
en-7b52659d7a74bd2ecbf236af2b08fa1b	Are you married? 
en-b85f409659874dc5288ebea0f7bc9eaf	You asked me. 
en-743c15e646ed5a4f0fca35df3616eda5	It’s been like this since the dawn of time. 
en-444471319e0ed158e5ed6e1fe9525dc4	His dream came true. 
en-a20408b6415914832806cfdb669fdbf5	My three sons still live in Australia. 
en-16076199407ca3498aa351681d855e50	He has three daughters. 
en-20befe19b3087517915588543b32c99f	Malaria kills more than 400,000 people every year. 
en-f6620c9ea30d5f113378e0a197611627	Tom is having a bath. 
en-951f9ff5e528cd35c70a44ca219fe2eb	In 2018, a wildfire, caused by electrical transmission lines, destroyed approximately 90% of the northern California town of Paradise. 
en-262a01b3fbfdcafa4104240b51cdb29a	Trust me. 
en-e14e68a3617ecef8811b593331af25ef	Tom memorized a list of very long words. 
en-2ec1980522b913a84e956f1db82ef282	From my point of view, it would be better to wait a little longer. 
en-d8f1c335eaa5649b4e85acf562c0211c	All you have to do is sign this paper. 
en-ff5928383aebf752c232fb1c95c61376	It's time to go to bed. 
en-f50712d1f70937938d1d06d1ea6d391d	I don't have all day. 
en-5401cf9e1b82519416b53a3006eb1446	There is enough time to finish this homework. 
en-16ddb7a925680bb33abe1e53258728cc	Do you drink alcohol every day? 
en-6f01dc5e2a246f408af00df515dfa29d	Wang and Li get along well. 
en-5635f1c301ff75fa6c81b0840ca3a843	He got lost on his way to the village. 
en-861daafcc334f83091e5cfa1b5558c2e	It smells like fried onions. 
en-57a516a1d7485d92784649db0168c648	Let's talk the night away tonight, shall we? 
en-8395572d03d0ba43ca229c2fab167504	If I gave no answer, I would not have spoken. 
en-b52816bfbf5559b13469b83cf6cbbcc2	His brother is still taller. 
